Categoria,Titulo,Autor,Archivo,Fuente
Literatura,Cómo comportarse en la multitud: una novela,"Bordas, Camille","Literatura/Cómo comportarse en la multitud una novela - Bordas, Camille.jpg",https://elibro.puce.elogim.com/es/lc/puce/titulos/117024
Literatura,Cómo se hace una novela,"Unamuno, Miguel de","Literatura/Cómo se hace una novela - Unamuno, Miguel de.jpg",https://elibro.puce.elogim.com/es/lc/puce/titulos/217630
Literatura,Discurso y conflicto en la novela,"Parrilla Sotomayor, Eduardo Enrique","Literatura/Discurso y conflicto en la novela - Parrilla Sotomayor, Eduardo Enrique.jpg",https://elibro.puce.elogim.com/es/lc/puce/titulos/39117
Literatura,El retorno de los desplazados: novela,"Gordillo Barahona, Beatriz","Literatura/El retorno de los desplazados novela - Gordillo Barahona, Beatriz.jpg",https://elibro.puce.elogim.com/es/lc/puce/titulos/288325
Literatura,El sicario en la novela colombiana,"Osorio, Óscar","Literatura/El sicario en la novela colombiana - Osorio, Óscar.jpg",https://elibro.puce.elogim.com/es/lc/puce/titulos/70341
Literatura,Está temblando. Novela,"Pérez de Arce, Hermógenes","Literatura/Está temblando. Novela - Pérez de Arce, Hermógenes.jpg",https://elibro.puce.elogim.com/es/lc/puce/titulos/195499
Literatura,Hölderlin: una novela,"Härtling, Peter","Literatura/Hölderlin una novela - Härtling, Peter.jpg",https://elibro.puce.elogim.com/es/lc/puce/titulos/209548
Literatura,Itinerario de trenes: novela,"Marchán, Jaime","Literatura/Itinerario de trenes novela - Marchán, Jaime.jpg",https://elibro.puce.elogim.com/es/lc/puce/titulos/269501
Literatura,La baldomera: una novela incorrecta,"Ocampo, Juana","Literatura/La baldomera una novela incorrecta - Ocampo, Juana.jpg",https://elibro.puce.elogim.com/es/lc/puce/titulos/77320
Literatura,La confesión: novela,Hailji,Literatura/La confesión novela - Hailji.jpg,https://elibro.puce.elogim.com/es/lc/puce/titulos/270884
Literatura,La derrota: novela de estudiantes,"Sánchez Gómez, Gregorio","Literatura/La derrota novela de estudiantes - Sánchez Gómez, Gregorio.jpg",https://elibro.puce.elogim.com/es/lc/puce/titulos/290772
Literatura,La novela colombiana posmoderna,"Ponce de León, Gina","Literatura/La novela colombiana posmoderna - Ponce de León, Gina.jpg",https://elibro.puce.elogim.com/es/lc/puce/titulos/70951
Literatura,La novela inglesa: una introducción,"Eagleton, Terry","Literatura/La novela inglesa una introducción - Eagleton, Terry.jpg",https://elibro.puce.elogim.com/es/lc/puce/titulos/116127
Literatura,La novela rosa,"González Lejárraga, Antonio","Literatura/La novela rosa - González Lejárraga, Antonio.jpg",https://elibro.puce.elogim.com/es/lc/puce/titulos/41629
Literatura,La vuelta al mundo de un novelista,"Blasco Ibáñez, Vicente","Literatura/La vuelta al mundo de un novelista - Blasco Ibáñez, Vicente.jpg",https://elibro.puce.elogim.com/es/lc/puce/titulos/267855
Literatura,Lady Susan y otras novelas,"Austen, Jane","Literatura/Lady Susan y otras novelas - Austen, Jane.jpg",https://elibro.puce.elogim.com/es/lc/puce/titulos/122857
Literatura,Las novelas de Torquemada,"Pérez Galdós, Benito","Literatura/Las novelas de Torquemada - Pérez Galdós, Benito.jpg",https://elibro.puce.elogim.com/es/lc/puce/titulos/216008
Literatura,Novela negra con argentinos,"Valenzuela, Luisa","Literatura/Novela negra con argentinos - Valenzuela, Luisa.jpg",https://elibro.puce.elogim.com/es/lc/puce/titulos/218933
Literatura,Novelas amorosas y ejemplares,"Zayas y Sotomayor, María de","Literatura/Novelas amorosas y ejemplares - Zayas y Sotomayor, María de.jpg",https://elibro.puce.elogim.com/es/lc/puce/titulos/267853
Literatura,Novelas ejemplares,"Cervantes Saavedra, Miguel de","Literatura/Novelas ejemplares - Cervantes Saavedra, Miguel de.jpg",https://elibro.puce.elogim.com/es/lc/puce/titulos/127206
Literatura,Novelas históricas,"Solares, Ignacio","Literatura/Novelas históricas - Solares, Ignacio.jpg",https://elibro.puce.elogim.com/es/lc/puce/titulos/111002
Literatura,OKTUBRE: la novela,"Bello, Carolina","Literatura/OKTUBRE la novela - Bello, Carolina.jpg",https://elibro.puce.elogim.com/es/lc/puce/titulos/286086
Literatura,Sin defensa posible: novela,"Ramírez C., Clinton","Literatura/Sin defensa posible novela - Ramírez C., Clinton.jpg",https://elibro.puce.elogim.com/es/lc/puce/titulos/290339
Literatura,Succión: una novela,"Poblete Pardo, Nicolás","Literatura/Succión una novela - Poblete Pardo, Nicolás.jpg",https://elibro.puce.elogim.com/es/lc/puce/titulos/303162
Literatura,Valentín: novela histórica,"Hernández Beltrán, Rosalío","Literatura/Valentín novela histórica - Hernández Beltrán, Rosalío.jpg",https://elibro.puce.elogim.com/es/lc/puce/titulos/39199
Filosofía,Escritos sobre ética,"García, Camilo","Filosofía/Escritos sobre ética - García, Camilo.jpg",https://elibro.puce.elogim.com/es/lc/puce/titulos/70889
Filosofía,Introducción a la ética,"Torres Hernández, Zacarías","Filosofía/Introducción a la ética - Torres Hernández, Zacarías.jpg",https://elibro.puce.elogim.com/es/lc/puce/titulos/39401
Filosofía,La responsividad ética,"Patiño González, Susana Magdalena","Filosofía/La responsividad ética - Patiño González, Susana Magdalena.jpg",https://elibro.puce.elogim.com/es/lc/puce/titulos/59505
Filosofía,La ética amable,"Bosch, Magdalena","Filosofía/La ética amable - Bosch, Magdalena.jpg",https://elibro.puce.elogim.com/es/lc/puce/titulos/47253
Filosofía,La ética de la redistribución,"Jouvenel, Bertrand de","Filosofía/La ética de la redistribución - Jouvenel, Bertrand de.jpg",https://elibro.puce.elogim.com/es/lc/puce/titulos/61753
Filosofía,La ética en la era de la tecnociencia,"Pulgar Castro, Rodrigo","Filosofía/La ética en la era de la tecnociencia - Pulgar Castro, Rodrigo.jpg",https://elibro.puce.elogim.com/es/lc/puce/titulos/106271
Filosofía,La ética explorada,"González, Ana Marta","Filosofía/La ética explorada - González, Ana Marta.jpg",https://elibro.puce.elogim.com/es/lc/puce/titulos/47307
Filosofía,Lecciones de ética,"Polo Barrena, Leonardo","Filosofía/Lecciones de ética - Polo Barrena, Leonardo.jpg",https://elibro.puce.elogim.com/es/lc/puce/titulos/47131
Filosofía,Metafísica de la pereza,"Valls Boix, Juan Evaristo","Filosofía/Metafísica de la pereza - Valls Boix, Juan Evaristo.jpg",https://elibro.puce.elogim.com/es/lc/puce/titulos/218248
Filosofía,Metafísica de la web,"Ferraris, Maurizio","Filosofía/Metafísica de la web - Ferraris, Maurizio.jpg",https://elibro.puce.elogim.com/es/lc/puce/titulos/159993
Filosofía,¿Hay que desconstruir la metafísica?,"Aubenque, Pierre","Filosofía/¿Hay que desconstruir la metafísica - Aubenque, Pierre.jpg",https://elibro.puce.elogim.com/es/lc/puce/titulos/61805
Filosofía,¿Qué es eso llamado metafísica?,"Garrett, Brian","Filosofía/¿Qué es eso llamado metafísica - Garrett, Brian.jpg",https://elibro.puce.elogim.com/es/lc/puce/titulos/45443
Filosofía,Ética (3a. ed.),"Chávez Calderón, Pedro","Filosofía/Ética (3a. ed.) - Chávez Calderón, Pedro.jpg",https://elibro.puce.elogim.com/es/lc/puce/titulos/40400
Filosofía,Ética básica (3a. ed.),"Etxeberria Mauleón, Xabier","Filosofía/Ética básica (3a. ed.) - Etxeberria Mauleón, Xabier.jpg",https://elibro.puce.elogim.com/es/lc/puce/titulos/34160
Filosofía,Ética con los clásicos,"Martínez Huerta, Miguel","Filosofía/Ética con los clásicos - Martínez Huerta, Miguel.jpg",https://elibro.puce.elogim.com/es/lc/puce/titulos/73299
Filosofía,Ética de la comunicación,"Prado Flores, Rogelio del","Filosofía/Ética de la comunicación - Prado Flores, Rogelio del.jpg",https://elibro.puce.elogim.com/es/lc/puce/titulos/128281
Filosofía,Ética de la sexualidad,"Bonete, Enrique","Filosofía/Ética de la sexualidad - Bonete, Enrique.jpg",https://elibro.puce.elogim.com/es/lc/puce/titulos/47807
Filosofía,Ética de las nanotecnologías,"Ruiz Trujillo, Pere","Filosofía/Ética de las nanotecnologías - Ruiz Trujillo, Pere.jpg",https://elibro.puce.elogim.com/es/lc/puce/titulos/128199
Filosofía,Ética extramuros (2a. ed.),"Riechmann, Jorge","Filosofía/Ética extramuros (2a. ed.) - Riechmann, Jorge.jpg",https://elibro.puce.elogim.com/es/lc/puce/titulos/54040
Filosofía,Ética general (6a. ed.),"Rodríguez Luño, Ángel","Filosofía/Ética general (6a. ed.) - Rodríguez Luño, Ángel.jpg",https://elibro.puce.elogim.com/es/lc/puce/titulos/46946
Filosofía,Ética integral,"Blanco Blanco, Luis Antonio","Filosofía/Ética integral - Blanco Blanco, Luis Antonio.jpg",https://elibro.puce.elogim.com/es/lc/puce/titulos/69262
Filosofía,Ética y cultura,"Ricoeur, Paul","Filosofía/Ética y cultura - Ricoeur, Paul.jpg",https://elibro.puce.elogim.com/es/lc/puce/titulos/191960
Filosofía,Ética y libertad,Roman Garate,Filosofía/Ética y libertad - Roman Garate.jpg,https://elibro.puce.elogim.com/es/lc/puce/titulos/34123
Filosofía,Ética y política,"Sánchez Vázquez, Adolfo","Filosofía/Ética y política - Sánchez Vázquez, Adolfo.jpg",https://elibro.puce.elogim.com/es/lc/puce/titulos/110932
Filosofía,Ética y psicoanálisis,"Fromm, Erich","Filosofía/Ética y psicoanálisis - Fromm, Erich.jpg",https://elibro.puce.elogim.com/es/lc/puce/titulos/173449
Psicología,24 ideas para una psicoterapia breve (2a. ed.),Mark Beyebach,Psicología/24 ideas para una psicoterapia breve (2a. ed.) - Mark Beyebach.jpg,https://elibro.puce.elogim.com/es/lc/puce/titulos/45760
Psicología,Confieso que he sentido: historias secretas de psicoterapia,"León, Sebastián","Psicología/Confieso que he sentido historias secretas de psicoterapia - León, Sebastián.jpg",https://elibro.puce.elogim.com/es/lc/puce/titulos/67549
Psicología,Constructivismo y psicoterapia (3a. ed.),"Feixas Viaplana, Guillem; Villegas Besora, Manuel","Psicología/Constructivismo y psicoterapia (3a. ed.) - Feixas Viaplana, Guillem; Villegas Besora, Manuel.jpg",https://elibro.puce.elogim.com/es/lc/puce/titulos/47644
Psicología,Crítica de la psicoterapia integrativa,Guillermo Cepeda Armijos,Psicología/Crítica de la psicoterapia integrativa - Guillermo Cepeda Armijos.jpg,https://elibro.puce.elogim.com/es/lc/puce/titulos/79874
Psicología,Escritos de psicoterapia cognitiva,"Keegan, Eduardo","Psicología/Escritos de psicoterapia cognitiva - Keegan, Eduardo.jpg",https://elibro.puce.elogim.com/es/lc/puce/titulos/66218
Psicología,Historia de la psicología,"Santamaría, Carlos","Psicología/Historia de la psicología - Santamaría, Carlos.jpg",https://elibro.puce.elogim.com/es/lc/puce/titulos/293923
Psicología,Historia de la psicología en Colombia,"Ardila, Rubén","Psicología/Historia de la psicología en Colombia - Ardila, Rubén.jpg",https://elibro.puce.elogim.com/es/lc/puce/titulos/71159
Psicología,Infancia: psicoterapia gestáltica,"Valle Bevilacqua, Liliana del","Psicología/Infancia psicoterapia gestáltica - Valle Bevilacqua, Liliana del.jpg",https://elibro.puce.elogim.com/es/lc/puce/titulos/78191
Psicología,Lecciones de psicología cognitiva,"Fernández, Humberto","Psicología/Lecciones de psicología cognitiva - Fernández, Humberto.jpg",https://elibro.puce.elogim.com/es/lc/puce/titulos/77154
Psicología,Manual práctico de psicoterapia Gestalt (7a. ed.),"Martín, Ángeles","Psicología/Manual práctico de psicoterapia Gestalt (7a. ed.) - Martín, Ángeles.jpg",https://elibro.puce.elogim.com/es/lc/puce/titulos/47794
Psicología,Principios de una psicoterapia de la psicosis,"Álvarez, José María","Psicología/Principios de una psicoterapia de la psicosis - Álvarez, José María.jpg",https://elibro.puce.elogim.com/es/lc/puce/titulos/128573
Psicología,Psicología aplicada a la publicidad,"Thomas Currás, Helena; García Dauder, Silvia","Psicología/Psicología aplicada a la publicidad - Thomas Currás, Helena; García Dauder, Silvia.jpg",https://elibro.puce.elogim.com/es/lc/puce/titulos/63129
Psicología,Psicología básica,"Eysenck, Michael W.","Psicología/Psicología básica - Eysenck, Michael W..jpg",https://elibro.puce.elogim.com/es/lc/puce/titulos/174631
Psicología,Psicología de la música,"Schön, Daniele; Akiva-Kabiri, Lilach; Vecchi, Tomaso","Psicología/Psicología de la música - Schön, Daniele; Akiva-Kabiri, Lilach; Vecchi, Tomaso.jpg",https://elibro.puce.elogim.com/es/lc/puce/titulos/216569
Psicología,Psicología de la personalidad (7a. ed.),"Larsen, Randy; Buss, David M.","Psicología/Psicología de la personalidad (7a. ed.) - Larsen, Randy; Buss, David M..jpg",https://elibro.puce.elogim.com/es/lc/puce/titulos/295095
Psicología,Psicología del crecimiento interior,"Ramírez Villafáñez, Amado","Psicología/Psicología del crecimiento interior - Ramírez Villafáñez, Amado.jpg",https://elibro.puce.elogim.com/es/lc/puce/titulos/63002
Psicología,Psicología del delincuente,"Pollitz, Paul","Psicología/Psicología del delincuente - Pollitz, Paul.jpg",https://elibro.puce.elogim.com/es/lc/puce/titulos/240116
Psicología,Psicología del desarrollo de la niñez,"Faas, Ana Eugenia","Psicología/Psicología del desarrollo de la niñez - Faas, Ana Eugenia.jpg",https://elibro.puce.elogim.com/es/lc/puce/titulos/78809
Psicología,Psicología del Poder,"Población, Pablo","Psicología/Psicología del Poder - Población, Pablo.jpg",https://elibro.puce.elogim.com/es/lc/puce/titulos/189415
Psicología,Psicología y cultura de los adolescentes,"Yuni, José Alberto; Urbano, Claudio Ariel","Psicología/Psicología y cultura de los adolescentes - Yuni, José Alberto; Urbano, Claudio Ariel.jpg",https://elibro.puce.elogim.com/es/lc/puce/titulos/77443
Psicología,Psicología y economía,"Bonavía Martín, Tomás; Quintanilla Pardo, Ismael","Psicología/Psicología y economía - Bonavía Martín, Tomás; Quintanilla Pardo, Ismael.jpg",https://elibro.puce.elogim.com/es/lc/puce/titulos/297354
Psicología,Psicoterapia (2a. ed.),Lucio Balarezo,Psicología/Psicoterapia (2a. ed.) - Lucio Balarezo.jpg,https://elibro.puce.elogim.com/es/lc/puce/titulos/80160
Psicología,"Psicoterapia, asesoramiento y consejería (2a. ed.)",Lucio Balarezo Chiriboga,"Psicología/Psicoterapia, asesoramiento y consejería (2a. ed.) - Lucio Balarezo Chiriboga.jpg",https://elibro.puce.elogim.com/es/lc/puce/titulos/80166
Psicología,Temas de psicología práctica,"Sarráis Oteo, Fernando","Psicología/Temas de psicología práctica - Sarráis Oteo, Fernando.jpg",https://elibro.puce.elogim.com/es/lc/puce/titulos/47120
Psicología,Teoría y técnica de la psicoterapia psicoanalítica,"González Núñez, José de Jesús; Rodríguez Cortés, María del Pilar","Psicología/Teoría y técnica de la psicoterapia psicoanalítica - González Núñez, José de Jesús; Rodríguez Cortés, María del Pilar.jpg",https://elibro.puce.elogim.com/es/lc/puce/titulos/75485
Historia,Cleopatra: una vida,"Schiff, Stacy","Historia/Cleopatra una vida - Schiff, Stacy.jpg",https://elibro.puce.elogim.com/es/lc/puce/titulos/247386
Historia,Historia mínima de Bolivia,"Klein, Herbert","Historia/Historia mínima de Bolivia - Klein, Herbert.jpg",https://elibro.puce.elogim.com/es/lc/puce/titulos/194870
Historia,Historia mínima de Brasil,"Fausto, Boris","Historia/Historia mínima de Brasil - Fausto, Boris.jpg",https://elibro.puce.elogim.com/es/lc/puce/titulos/226347
Historia,Historia mínima de Centroamérica,"Pastor, Rodolfo","Historia/Historia mínima de Centroamérica - Pastor, Rodolfo.jpg",https://elibro.puce.elogim.com/es/lc/puce/titulos/193611
Historia,Historia mínima de Chile,"Sagredo Baeza, Rafael","Historia/Historia mínima de Chile - Sagredo Baeza, Rafael.jpg",https://elibro.puce.elogim.com/es/lc/puce/titulos/193635
Historia,Historia mínima de Cuba,"Zanetti Lecuona, Oscar","Historia/Historia mínima de Cuba - Zanetti Lecuona, Oscar.jpg",https://elibro.puce.elogim.com/es/lc/puce/titulos/193629
Historia,Historia mínima de Filipinas,"Machuca Chávez, Paulina","Historia/Historia mínima de Filipinas - Machuca Chávez, Paulina.jpg",https://elibro.puce.elogim.com/es/lc/puce/titulos/194884
Historia,Historia mínima de Israel,"Sznajder, Mario","Historia/Historia mínima de Israel - Sznajder, Mario.jpg",https://elibro.puce.elogim.com/es/lc/puce/titulos/214100
Historia,Historia mínima de la deuda externa de Latinoamérica,"Marichal Salinas, Carlos","Historia/Historia mínima de la deuda externa de Latinoamérica - Marichal Salinas, Carlos.jpg",https://elibro.puce.elogim.com/es/lc/puce/titulos/193604
Historia,Historia mínima de la eugenesia en América Latina,"Reggiani, Andrés Horacio","Historia/Historia mínima de la eugenesia en América Latina - Reggiani, Andrés Horacio.jpg",https://elibro.puce.elogim.com/es/lc/puce/titulos/194927
Historia,Historia mínima de la globalización temprana,"Hausberger, Bernd","Historia/Historia mínima de la globalización temprana - Hausberger, Bernd.jpg",https://elibro.puce.elogim.com/es/lc/puce/titulos/194996
Historia,Historia mínima de la Inquisición,"Torres Puga, Gabriel","Historia/Historia mínima de la Inquisición - Torres Puga, Gabriel.jpg",https://elibro.puce.elogim.com/es/lc/puce/titulos/194928
Historia,Historia mínima de la Revolución cubana,"Rojas, Rafael","Historia/Historia mínima de la Revolución cubana - Rojas, Rafael.jpg",https://elibro.puce.elogim.com/es/lc/puce/titulos/193640
Historia,Historia mínima de la transición democrática en México,"Woldenberg, José","Historia/Historia mínima de la transición democrática en México - Woldenberg, José.jpg",https://elibro.puce.elogim.com/es/lc/puce/titulos/193613
Historia,Historia mínima de las constituciones en México,"Serrano Migallón, Fernando","Historia/Historia mínima de las constituciones en México - Serrano Migallón, Fernando.jpg",https://elibro.puce.elogim.com/es/lc/puce/titulos/193644
Historia,Historia mínima de las izquierdas en México,"Rodríguez Kuri, Ariel","Historia/Historia mínima de las izquierdas en México - Rodríguez Kuri, Ariel.jpg",https://elibro.puce.elogim.com/es/lc/puce/titulos/194932
Historia,Historia mínima de los judíos en la antigüedad,"Roitman, Adolfo D.","Historia/Historia mínima de los judíos en la antigüedad - Roitman, Adolfo D..jpg",https://elibro.puce.elogim.com/es/lc/puce/titulos/194893
Historia,Historia mínima de Perú,"Contreras, Carlos; Zuloaga, Marina","Historia/Historia mínima de Perú - Contreras, Carlos; Zuloaga, Marina.jpg",https://elibro.puce.elogim.com/es/lc/puce/titulos/193634
Historia,Historia mínima de Rusia,"Matos Franco, Rainer María","Historia/Historia mínima de Rusia - Matos Franco, Rainer María.jpg",https://elibro.puce.elogim.com/es/lc/puce/titulos/214112
Historia,Historia mínima de Uruguay,"Caetano, Gerardo","Historia/Historia mínima de Uruguay - Caetano, Gerardo.jpg",https://elibro.puce.elogim.com/es/lc/puce/titulos/194885
Historia,Historia mínima del PRI,"Hernández Rodríguez, Rogelio","Historia/Historia mínima del PRI - Hernández Rodríguez, Rogelio.jpg",https://elibro.puce.elogim.com/es/lc/puce/titulos/194981
Historia,Historia mínima del Tequila,"Muria, José M.","Historia/Historia mínima del Tequila - Muria, José M..jpg",https://elibro.puce.elogim.com/es/lc/puce/titulos/287524
Historia,Los hombres del faraón: el ejército a finales del Reino Nuevo en el Antiguo Egipto,"Alonso García, José","Historia/Los hombres del faraón el ejército a finales del Reino Nuevo en el Antiguo Egipto - Alonso García, José.jpg",https://elibro.puce.elogim.com/es/lc/puce/titulos/34085
Historia,Momias: la derrota de la muerte en el Antiguo Egipto,"Parra, José Miguel","Historia/Momias la derrota de la muerte en el Antiguo Egipto - Parra, José Miguel.jpg",https://elibro.puce.elogim.com/es/lc/puce/titulos/294171
Historia,"Pirámides, templos y estrellas: astronomía y arqueología en el Egipto antiguo","Belmonte Avilés, Juan Antonio","Historia/Pirámides, templos y estrellas astronomía y arqueología en el Egipto antiguo - Belmonte Avilés, Juan Antonio.jpg",https://elibro.puce.elogim.com/es/lc/puce/titulos/293627
Ciencias Sociales,Antropología,Juan Oliver Sánchez Fernández,Ciencias Sociales/Antropología - Juan Oliver Sánchez Fernández.jpg,https://elibro.puce.elogim.com/es/lc/puce/titulos/45451
Ciencias Sociales,Antropología,"Lahera Almeida, Nubis","Ciencias Sociales/Antropología - Lahera Almeida, Nubis.jpg",https://elibro.puce.elogim.com/es/lc/puce/titulos/175598
Ciencias Sociales,Antropología ambiental: fundamentos,"Jaquenod De Zsögön, Silvia","Ciencias Sociales/Antropología ambiental fundamentos - Jaquenod De Zsögön, Silvia.jpg",https://elibro.puce.elogim.com/es/lc/puce/titulos/118397
Ciencias Sociales,Antropología de la ciudad,"Duch, Lluís","Ciencias Sociales/Antropología de la ciudad - Duch, Lluís.jpg",https://elibro.puce.elogim.com/es/lc/puce/titulos/114382
Ciencias Sociales,Antropología de la religión,"Duch, Lluís","Ciencias Sociales/Antropología de la religión - Duch, Lluís.jpg",https://elibro.puce.elogim.com/es/lc/puce/titulos/45819
Ciencias Sociales,Antropología de la sexualidad (2a. ed.),"Choza, Jacinto","Ciencias Sociales/Antropología de la sexualidad (2a. ed.) - Choza, Jacinto.jpg",https://elibro.puce.elogim.com/es/lc/puce/titulos/59981
Ciencias Sociales,Antropología del dolor,"Breton, David Le","Ciencias Sociales/Antropología del dolor - Breton, David Le.jpg",https://elibro.puce.elogim.com/es/lc/puce/titulos/209018
Ciencias Sociales,Antropología en perspectiva ambiental,"Cárdenas Támara, Felipe","Ciencias Sociales/Antropología en perspectiva ambiental - Cárdenas Támara, Felipe.jpg",https://elibro.puce.elogim.com/es/lc/puce/titulos/68803
Ciencias Sociales,"Cultura, antropología y otras tonterías",Ángel Díaz de Rada,"Ciencias Sociales/Cultura, antropología y otras tonterías - Ángel Díaz de Rada.jpg",https://elibro.puce.elogim.com/es/lc/puce/titulos/61258
Ciencias Sociales,Diccionario básico de antropología,"Campo A., A. Lorena","Ciencias Sociales/Diccionario básico de antropología - Campo A., A. Lorena.jpg",https://elibro.puce.elogim.com/es/lc/puce/titulos/79954
Ciencias Sociales,La antropología y el derecho,"Manouvrier, Léonce","Ciencias Sociales/La antropología y el derecho - Manouvrier, Léonce.jpg",https://elibro.puce.elogim.com/es/lc/puce/titulos/247794
Ciencias Sociales,Manual de Sociología de la Familia,"Donati, Pierpaolo","Ciencias Sociales/Manual de Sociología de la Familia - Donati, Pierpaolo.jpg",https://elibro.puce.elogim.com/es/lc/puce/titulos/47451
Ciencias Sociales,Paisajes de antropología urbana,"Cátedra, María","Ciencias Sociales/Paisajes de antropología urbana - Cátedra, María.jpg",https://elibro.puce.elogim.com/es/lc/puce/titulos/59734
Ciencias Sociales,Pragmatismo y sociología,"Durkheim, Émile","Ciencias Sociales/Pragmatismo y sociología - Durkheim, Émile.jpg",https://elibro.puce.elogim.com/es/lc/puce/titulos/223685
Ciencias Sociales,Sociología,"Cruz Diloné, Efraín","Ciencias Sociales/Sociología - Cruz Diloné, Efraín.jpg",https://elibro.puce.elogim.com/es/lc/puce/titulos/175803
Ciencias Sociales,Sociología,Luis Pérez Cruz,Ciencias Sociales/Sociología - Luis Pérez Cruz.jpg,https://elibro.puce.elogim.com/es/lc/puce/titulos/40394
Ciencias Sociales,Sociología (3a. ed.),"Paradeda, Daniel; Pintos Andrade, Esteban W.; Ríos, Alejandra","Ciencias Sociales/Sociología (3a. ed.) - Paradeda, Daniel; Pintos Andrade, Esteban W.; Ríos, Alejandra.jpg",https://elibro.puce.elogim.com/es/lc/puce/titulos/183872
Ciencias Sociales,Sociología criminal,"Ferri, Enrico","Ciencias Sociales/Sociología criminal - Ferri, Enrico.jpg",https://elibro.puce.elogim.com/es/lc/puce/titulos/251021
Ciencias Sociales,Sociología de la educación,"Rodríguez González, Raysa","Ciencias Sociales/Sociología de la educación - Rodríguez González, Raysa.jpg",https://elibro.puce.elogim.com/es/lc/puce/titulos/176661
Ciencias Sociales,Sociología del derecho,"Aubert, Vilhelm","Ciencias Sociales/Sociología del derecho - Aubert, Vilhelm.jpg",https://elibro.puce.elogim.com/es/lc/puce/titulos/235290
Ciencias Sociales,Sociología del Derecho,"Lévy-Bruhl, Henri","Ciencias Sociales/Sociología del Derecho - Lévy-Bruhl, Henri.jpg",https://elibro.puce.elogim.com/es/lc/puce/titulos/235286
Ciencias Sociales,Sociología del derecho,"Rehbinder, Manfred","Ciencias Sociales/Sociología del derecho - Rehbinder, Manfred.jpg",https://elibro.puce.elogim.com/es/lc/puce/titulos/235253
Ciencias Sociales,Sociología del Renacimiento,"Martín, Alfred von","Ciencias Sociales/Sociología del Renacimiento - Martín, Alfred von.jpg",https://elibro.puce.elogim.com/es/lc/puce/titulos/110396
Ciencias Sociales,Sociología jurídica,"Nardi-Greco, Carlo","Ciencias Sociales/Sociología jurídica - Nardi-Greco, Carlo.jpg",https://elibro.puce.elogim.com/es/lc/puce/titulos/235515
Ciencias Sociales,Sociología: los conceptos esenciales,"Izquierdo Escribano, Antonio","Ciencias Sociales/Sociología los conceptos esenciales - Izquierdo Escribano, Antonio.jpg",https://elibro.puce.elogim.com/es/lc/puce/titulos/36407
Ciencias,Apuntes de ecología microbiana,"Gutiérrez Castrejón, Teodoro","Ciencias/Apuntes de ecología microbiana - Gutiérrez Castrejón, Teodoro.jpg",https://elibro.puce.elogim.com/es/lc/puce/titulos/72775
Ciencias,Astronomía a ras del suelo,"Zandanel, Armando Eugenio","Ciencias/Astronomía a ras del suelo - Zandanel, Armando Eugenio.jpg",https://elibro.puce.elogim.com/es/lc/puce/titulos/258772
Ciencias,Astronomía: de la tierra al cosmos,"Zandanel, Armando Eugenio","Ciencias/Astronomía de la tierra al cosmos - Zandanel, Armando Eugenio.jpg",https://elibro.puce.elogim.com/es/lc/puce/titulos/112787
Ciencias,Botánica aplicada,"Molina Abril, José Antonio","Ciencias/Botánica aplicada - Molina Abril, José Antonio.jpg",https://elibro.puce.elogim.com/es/lc/puce/titulos/131465
Ciencias,Clima y tiempo en Ontiyent,"Guerra Ángel, Pablo","Ciencias/Clima y tiempo en Ontiyent - Guerra Ángel, Pablo.jpg",https://elibro.puce.elogim.com/es/lc/puce/titulos/298777
Ciencias,Colapso: cuando el clima lo cambia todo,"Baquedano, Manuel","Ciencias/Colapso cuando el clima lo cambia todo - Baquedano, Manuel.jpg",https://elibro.puce.elogim.com/es/lc/puce/titulos/190898
Ciencias,Conocer la meteorología: diccionario ilustrado del tiempo y del clima,"Viñas, José Miguel","Ciencias/Conocer la meteorología diccionario ilustrado del tiempo y del clima - Viñas, José Miguel.jpg",https://elibro.puce.elogim.com/es/lc/puce/titulos/303720
Ciencias,Ecología de comunidades (2a. ed.),"Jaksic A., Fabian M.; Marone B., Luis","Ciencias/Ecología de comunidades (2a. ed.) - Jaksic A., Fabian M.; Marone B., Luis.jpg",https://elibro.puce.elogim.com/es/lc/puce/titulos/302282
Ciencias,Ecología del Paisaje,"Farina, Almo","Ciencias/Ecología del Paisaje - Farina, Almo.jpg",https://elibro.puce.elogim.com/es/lc/puce/titulos/60609
Ciencias,Geología de Marte: un planeta fósil,"Pardo Igúzquiza, Eulogio; Durán Valsero, Juan José","Ciencias/Geología de Marte un planeta fósil - Pardo Igúzquiza, Eulogio; Durán Valsero, Juan José.jpg",https://elibro.puce.elogim.com/es/lc/puce/titulos/255899
Ciencias,Glosario botánico ilustrado,"Esteras Pérez, Francisco Javier; Sanchis Duato, Enrique","Ciencias/Glosario botánico ilustrado - Esteras Pérez, Francisco Javier; Sanchis Duato, Enrique.jpg",https://elibro.puce.elogim.com/es/lc/puce/titulos/219257
Ciencias,Historia de la geología: una introducción,"Alsina Calvés, José","Ciencias/Historia de la geología una introducción - Alsina Calvés, José.jpg",https://elibro.puce.elogim.com/es/lc/puce/titulos/212425
Ciencias,Iniciación a la botánica,J. L. Fuentes Yagüe,Ciencias/Iniciación a la botánica - J. L. Fuentes Yagüe.jpg,https://elibro.puce.elogim.com/es/lc/puce/titulos/35838
Ciencias,Introducción a la geología (2a. ed.),"Iriondo, Martín Horacio","Ciencias/Introducción a la geología (2a. ed.) - Iriondo, Martín Horacio.jpg",https://elibro.puce.elogim.com/es/lc/puce/titulos/78025
Ciencias,La astronomía es fácil,"Lopesino, Jordi","Ciencias/La astronomía es fácil - Lopesino, Jordi.jpg",https://elibro.puce.elogim.com/es/lc/puce/titulos/281683
Ciencias,Lagos asesinos: todo lo que debes saber sobre uno de los fenómenos naturales más enigmáticos del planeta,"Sánchez España, Javier","Ciencias/Lagos asesinos todo lo que debes saber sobre uno de los fenómenos naturales más enigmáticos del planeta - Sánchez España, Javier.jpg",https://elibro.puce.elogim.com/es/lc/puce/titulos/255898
Ciencias,Los terremotos perdidos,"Pérez López, Raúl; Rodríguez Pascua, Miguel Ángel","Ciencias/Los terremotos perdidos - Pérez López, Raúl; Rodríguez Pascua, Miguel Ángel.jpg",https://elibro.puce.elogim.com/es/lc/puce/titulos/233364
Ciencias,Los volcanes,"Martí Molist, Joan","Ciencias/Los volcanes - Martí Molist, Joan.jpg",https://elibro.puce.elogim.com/es/lc/puce/titulos/233490
Ciencias,Magnetismo en Geología y la prospección magnética terrestre,"Lasfargues, Pierre","Ciencias/Magnetismo en Geología y la prospección magnética terrestre - Lasfargues, Pierre.jpg",https://elibro.puce.elogim.com/es/lc/puce/titulos/72209
Ciencias,Manual de zoología,"Muñoz del Viejo, Antonio; Pérez Bote, José Luis; Rubio, Eduardo da Silva","Ciencias/Manual de zoología - Muñoz del Viejo, Antonio; Pérez Bote, José Luis; Rubio, Eduardo da Silva.jpg",https://elibro.puce.elogim.com/es/lc/puce/titulos/289642
Ciencias,Principios de ecología,José Luis Fontana,Ciencias/Principios de ecología - José Luis Fontana.jpg,https://elibro.puce.elogim.com/es/lc/puce/titulos/78148
Ciencias,Principios Geología y exploración minera,"Oyarzún Muñoz, Jorge","Ciencias/Principios Geología y exploración minera - Oyarzún Muñoz, Jorge.jpg",https://elibro.puce.elogim.com/es/lc/puce/titulos/190901
Ciencias,Una historia breve de la astronomía,"Medina Doctor, José","Ciencias/Una historia breve de la astronomía - Medina Doctor, José.jpg",https://elibro.puce.elogim.com/es/lc/puce/titulos/53488
Ciencias,¿Estamos cambiando el clima?,"Viñas, José Miguel","Ciencias/¿Estamos cambiando el clima - Viñas, José Miguel.jpg",https://elibro.puce.elogim.com/es/lc/puce/titulos/35195
Ciencias,¿Para qué sirve la geología?: el idioma de las piedras,"Regueiro López Barros, Manuel María; Regueiro de Margelina, Macarena","Ciencias/¿Para qué sirve la geología el idioma de las piedras - Regueiro López Barros, Manuel María; Regueiro de Margelina, Macarena.jpg",https://elibro.puce.elogim.com/es/lc/puce/titulos/234795
Tecnología e Informática,Arduino práctico. Edición 2022,"Lozano Equisoain, Daniel","Tecnología e Informática/Arduino práctico. Edición 2022 - Lozano Equisoain, Daniel.jpg",https://elibro.puce.elogim.com/es/lc/puce/titulos/300709
Tecnología e Informática,Arduino: curso completo (2a. ed.),"Schmidt, Daniel","Tecnología e Informática/Arduino curso completo (2a. ed.) - Schmidt, Daniel.jpg",https://elibro.puce.elogim.com/es/lc/puce/titulos/222675
Tecnología e Informática,Bases de datos,"Ahijado Sánchez, Antonio","Tecnología e Informática/Bases de datos - Ahijado Sánchez, Antonio.jpg",https://elibro.puce.elogim.com/es/lc/puce/titulos/280365
Tecnología e Informática,Bases de datos avanzadas,"Aramburu Cabo, María José; Sanz Blasco, Ismael","Tecnología e Informática/Bases de datos avanzadas - Aramburu Cabo, María José; Sanz Blasco, Ismael.jpg",https://elibro.puce.elogim.com/es/lc/puce/titulos/51741
Tecnología e Informática,Bases de datos distribuidas,Maidel de la Rosa Téllez,Tecnología e Informática/Bases de datos distribuidas - Maidel de la Rosa Téllez.jpg,https://elibro.puce.elogim.com/es/lc/puce/titulos/71306
Tecnología e Informática,Diseño de base de datos,"Merchán Manzano, Oswaldo","Tecnología e Informática/Diseño de base de datos - Merchán Manzano, Oswaldo.jpg",https://elibro.puce.elogim.com/es/lc/puce/titulos/233930
Tecnología e Informática,El manual de Arduino,"Aliverti, Paolo","Tecnología e Informática/El manual de Arduino - Aliverti, Paolo.jpg",https://elibro.puce.elogim.com/es/lc/puce/titulos/280056
Tecnología e Informática,Iniciación a JavaScript,Jorge Mohedano,Tecnología e Informática/Iniciación a JavaScript - Jorge Mohedano.jpg,https://elibro.puce.elogim.com/es/lc/puce/titulos/49349
Tecnología e Informática,Inteligencia artificial,"López de Mántaras Badia, Ramón; Meseguer González, Pedro","Tecnología e Informática/Inteligencia artificial - López de Mántaras Badia, Ramón; Meseguer González, Pedro.jpg",https://elibro.puce.elogim.com/es/lc/puce/titulos/233793
Tecnología e Informática,Java 17: programación avanzada,"Vegas Gertrudix, José María","Tecnología e Informática/Java 17 programación avanzada - Vegas Gertrudix, José María.jpg",https://elibro.puce.elogim.com/es/lc/puce/titulos/222668
Tecnología e Informática,Java: curso práctico,"Vegas Gertrudix, José María","Tecnología e Informática/Java curso práctico - Vegas Gertrudix, José María.jpg",https://elibro.puce.elogim.com/es/lc/puce/titulos/222715
Tecnología e Informática,Kali Linux: curso práctico,"Caballero Quezada, Alonso E.","Tecnología e Informática/Kali Linux curso práctico - Caballero Quezada, Alonso E..jpg",https://elibro.puce.elogim.com/es/lc/puce/titulos/222673
Tecnología e Informática,Las bases de Big Data,"Caballero, Rafael; Martín, Enrique","Tecnología e Informática/Las bases de Big Data - Caballero, Rafael; Martín, Enrique.jpg",https://elibro.puce.elogim.com/es/lc/puce/titulos/234185
Tecnología e Informática,Linux avanzado (2a. ed.),"Pérez Rodríguez, María Dolores","Tecnología e Informática/Linux avanzado (2a. ed.) - Pérez Rodríguez, María Dolores.jpg",https://elibro.puce.elogim.com/es/lc/puce/titulos/113228
Tecnología e Informática,Linux para usuarios,Francisco Torres Escobar,Tecnología e Informática/Linux para usuarios - Francisco Torres Escobar.jpg,https://elibro.puce.elogim.com/es/lc/puce/titulos/49377
Tecnología e Informática,Modelos de Inteligencia Artificial,"Rodríguez Muiños, Carlos; Sánchez Lasheras, Fernando","Tecnología e Informática/Modelos de Inteligencia Artificial - Rodríguez Muiños, Carlos; Sánchez Lasheras, Fernando.jpg",https://elibro.puce.elogim.com/es/lc/puce/titulos/280358
Tecnología e Informática,Planificación y administración de redes,"Molina Robles, Francisco José","Tecnología e Informática/Planificación y administración de redes - Molina Robles, Francisco José.jpg",https://elibro.puce.elogim.com/es/lc/puce/titulos/106392
Tecnología e Informática,Programación de inteligencia artificial,"Menéndez García, Luis Alfonso; Sánchez Lasheras, Fernando; Rodríguez Muiños, Carlos","Tecnología e Informática/Programación de inteligencia artificial - Menéndez García, Luis Alfonso; Sánchez Lasheras, Fernando; Rodríguez Muiños, Carlos.jpg",https://elibro.puce.elogim.com/es/lc/puce/titulos/282037
Tecnología e Informática,Programación web en java,José Miguel Ordax Cassá,Tecnología e Informática/Programación web en java - José Miguel Ordax Cassá.jpg,https://elibro.puce.elogim.com/es/lc/puce/titulos/49347
Tecnología e Informática,Redes de Telecomunicaciones,"Riso, Héctor; Saibene, Omar","Tecnología e Informática/Redes de Telecomunicaciones - Riso, Héctor; Saibene, Omar.jpg",https://elibro.puce.elogim.com/es/lc/puce/titulos/174559
Tecnología e Informática,Redes locales,"Molina Robles, Francisco José","Tecnología e Informática/Redes locales - Molina Robles, Francisco José.jpg",https://elibro.puce.elogim.com/es/lc/puce/titulos/62450
Tecnología e Informática,Retos de programación con juegos. Python y Java,"Nadal Farré, Mariona","Tecnología e Informática/Retos de programación con juegos. Python y Java - Nadal Farré, Mariona.jpg",https://elibro.puce.elogim.com/es/lc/puce/titulos/301756
Tecnología e Informática,Revolución artificial: aplicaciones basadas en inteligencia artificial,Entenova Gnosis,Tecnología e Informática/Revolución artificial aplicaciones basadas en inteligencia artificial - Entenova Gnosis.jpg,https://elibro.puce.elogim.com/es/lc/puce/titulos/298017
Tecnología e Informática,Seguridad en aplicaciones Web Java,"Ortega Candel, José Manuel","Tecnología e Informática/Seguridad en aplicaciones Web Java - Ortega Candel, José Manuel.jpg",https://elibro.puce.elogim.com/es/lc/puce/titulos/106511
Tecnología e Informática,Servicios en red,"Polo Ortega, Eduardo; Molina Robles, Francisco José","Tecnología e Informática/Servicios en red - Polo Ortega, Eduardo; Molina Robles, Francisco José.jpg",https://elibro.puce.elogim.com/es/lc/puce/titulos/62455
Matemáticas,Cálculo avanzado: introducción,"Caicedo Contreras, José Francisco","Matemáticas/Cálculo avanzado introducción - Caicedo Contreras, José Francisco.jpg",https://elibro.puce.elogim.com/es/lc/puce/titulos/127754
Matemáticas,Cálculo de probabilidades,"Saavedra Gallardo, Eugenio","Matemáticas/Cálculo de probabilidades - Saavedra Gallardo, Eugenio.jpg",https://elibro.puce.elogim.com/es/lc/puce/titulos/68542
Matemáticas,Cálculo integral (4a. ed.),"Morales Téllez, Fernando; Colín Uribe, María Patricia; Islas Salomón, Celia Araceli","Matemáticas/Cálculo integral (4a. ed.) - Morales Téllez, Fernando; Colín Uribe, María Patricia; Islas Salomón, Celia Araceli.jpg",https://elibro.puce.elogim.com/es/lc/puce/titulos/130344
Matemáticas,Cálculo integral y series,José Aguayo,Matemáticas/Cálculo integral y series - José Aguayo.jpg,https://elibro.puce.elogim.com/es/lc/puce/titulos/68429
Matemáticas,Cálculo para ingenierías,"Arboledas Brihuega, David","Matemáticas/Cálculo para ingenierías - Arboledas Brihuega, David.jpg",https://elibro.puce.elogim.com/es/lc/puce/titulos/280109
Matemáticas,Estadística aplicada básica (2a. ed.),"Moore, David S.","Matemáticas/Estadística aplicada básica (2a. ed.) - Moore, David S..jpg",https://elibro.puce.elogim.com/es/lc/puce/titulos/60046
Matemáticas,Estadística descriptiva,"Monroy Saldívar, Salvador","Matemáticas/Estadística descriptiva - Monroy Saldívar, Salvador.jpg",https://elibro.puce.elogim.com/es/lc/puce/titulos/74722
Matemáticas,Estadística Inferencial,"Llinás Solano, Humberto","Matemáticas/Estadística Inferencial - Llinás Solano, Humberto.jpg",https://elibro.puce.elogim.com/es/lc/puce/titulos/70060
Matemáticas,Estadística multivariada,Nancy Lacourly,Matemáticas/Estadística multivariada - Nancy Lacourly.jpg,https://elibro.puce.elogim.com/es/lc/puce/titulos/68436
Matemáticas,Estadística y muestreo (14a. ed.),"Martínez Bencardino, Ciro","Matemáticas/Estadística y muestreo (14a. ed.) - Martínez Bencardino, Ciro.jpg",https://elibro.puce.elogim.com/es/lc/puce/titulos/125946
Matemáticas,Fundamentos de estadística,"Peña, Daniel","Matemáticas/Fundamentos de estadística - Peña, Daniel.jpg",https://elibro.puce.elogim.com/es/lc/puce/titulos/45429
Matemáticas,Fundamentos de álgebra (2a. ed.),"Zaldívar, Felipe","Matemáticas/Fundamentos de álgebra (2a. ed.) - Zaldívar, Felipe.jpg",https://elibro.puce.elogim.com/es/lc/puce/titulos/247422
Matemáticas,Geometría elemental,"Pogorélov, A. V.","Matemáticas/Geometría elemental - Pogorélov, A. V..jpg",https://elibro.puce.elogim.com/es/lc/puce/titulos/104762
Matemáticas,Geometría riemanniana,"Sánchez Morgado, Héctor; Óscar A. Palmas Velasco","Matemáticas/Geometría riemanniana - Sánchez Morgado, Héctor; Óscar A. Palmas Velasco.jpg",https://elibro.puce.elogim.com/es/lc/puce/titulos/74615
Matemáticas,Inferencia estadística,Miguel Ángel Gómez Villegas,Matemáticas/Inferencia estadística - Miguel Ángel Gómez Villegas.jpg,https://elibro.puce.elogim.com/es/lc/puce/titulos/52874
Matemáticas,Introducción a la estadística,Nancy Lacourly,Matemáticas/Introducción a la estadística - Nancy Lacourly.jpg,https://elibro.puce.elogim.com/es/lc/puce/titulos/68439
Matemáticas,Introducción a la geometría,"Rojas Álvarez, Carlos Javier","Matemáticas/Introducción a la geometría - Rojas Álvarez, Carlos Javier.jpg",https://elibro.puce.elogim.com/es/lc/puce/titulos/69957
Matemáticas,Introducción al álgebra,"Lewin, Renato","Matemáticas/Introducción al álgebra - Lewin, Renato.jpg",https://elibro.puce.elogim.com/es/lc/puce/titulos/68426
Matemáticas,La geometría de las ciudades,"Sorando Muzás, José María","Matemáticas/La geometría de las ciudades - Sorando Muzás, José María.jpg",https://elibro.puce.elogim.com/es/lc/puce/titulos/233100
Matemáticas,La geometría del universo,"Leon, Manuel de","Matemáticas/La geometría del universo - Leon, Manuel de.jpg",https://elibro.puce.elogim.com/es/lc/puce/titulos/239571
Matemáticas,Las geometrías y otras revoluciones,"Logares Jiménez, Marina","Matemáticas/Las geometrías y otras revoluciones - Logares Jiménez, Marina.jpg",https://elibro.puce.elogim.com/es/lc/puce/titulos/105662
Matemáticas,Una introducción a la geometría fractal,"Sabogal, Sonia; Arenas, Gilberto","Matemáticas/Una introducción a la geometría fractal - Sabogal, Sonia; Arenas, Gilberto.jpg",https://elibro.puce.elogim.com/es/lc/puce/titulos/117594
Matemáticas,Álgebra en todas partes,"Peña, José Antonio","Matemáticas/Álgebra en todas partes - Peña, José Antonio.jpg",https://elibro.puce.elogim.com/es/lc/puce/titulos/110620
Matemáticas,Álgebra matricial,"Gregori Gregori, Valentín; Roig Sala, Bernardino; Estruch Fuster, Vicent","Matemáticas/Álgebra matricial - Gregori Gregori, Valentín; Roig Sala, Bernardino; Estruch Fuster, Vicent.jpg",https://elibro.puce.elogim.com/es/lc/puce/titulos/57450
Matemáticas,Álgebra Superior,"Lara Rodríguez, José Alejandro; Rubio Barrios, Carlos Jacob","Matemáticas/Álgebra Superior - Lara Rodríguez, José Alejandro; Rubio Barrios, Carlos Jacob.jpg",https://elibro.puce.elogim.com/es/lc/puce/titulos/250209
Medicina,Anatomía y fisiología básicas en el niño,"Carbonero Celis, Carmen; Cañizares Márquez, José María","Medicina/Anatomía y fisiología básicas en el niño - Carbonero Celis, Carmen; Cañizares Márquez, José María.jpg",https://elibro.puce.elogim.com/es/lc/puce/titulos/63446
Medicina,Anatomía y fisiología del sistema nervioso central,"Velayos, José Luis; Diéguez, Godofredo","Medicina/Anatomía y fisiología del sistema nervioso central - Velayos, José Luis; Diéguez, Godofredo.jpg",https://elibro.puce.elogim.com/es/lc/puce/titulos/43244
Medicina,El médico en casa: manual de consulta,"Carrete, Paula; Rubinstein, Esteban; Zárate, Miguel","Medicina/El médico en casa manual de consulta - Carrete, Paula; Rubinstein, Esteban; Zárate, Miguel.jpg",https://elibro.puce.elogim.com/es/lc/puce/titulos/121496
Medicina,Farmacología cardiovascular - Tomo 1,"Mendoza Goez, Luis","Medicina/Farmacología cardiovascular - Tomo 1 - Mendoza Goez, Luis.jpg",https://elibro.puce.elogim.com/es/lc/puce/titulos/274574
Medicina,Farmacología ilustrada: módulo cardiovascular,"Alviz A., Antistio; Coneo B., Alfredo; Contreras P., Neyder","Medicina/Farmacología ilustrada módulo cardiovascular - Alviz A., Antistio; Coneo B., Alfredo; Contreras P., Neyder.jpg",https://elibro.puce.elogim.com/es/lc/puce/titulos/297128
Medicina,Fisiología de la nutrición (2a. ed.),"Ascencio Peralta, Claudia","Medicina/Fisiología de la nutrición (2a. ed.) - Ascencio Peralta, Claudia.jpg",https://elibro.puce.elogim.com/es/lc/puce/titulos/39767
Medicina,Fisiología endocrina (4a. ed.),"Jácome Roca, Alfredo; Ardila Ardila, Enrique; Casas Figueroa, Luz Ángela","Medicina/Fisiología endocrina (4a. ed.) - Jácome Roca, Alfredo; Ardila Ardila, Enrique; Casas Figueroa, Luz Ángela.jpg",https://elibro.puce.elogim.com/es/lc/puce/titulos/128361
Medicina,Fisiología renal y metabolismo hidrosalino,"Gallardo Munizaga, Pedro; Vio Lagos, Carlos Pablo","Medicina/Fisiología renal y metabolismo hidrosalino - Gallardo Munizaga, Pedro; Vio Lagos, Carlos Pablo.jpg",https://elibro.puce.elogim.com/es/lc/puce/titulos/305194
Medicina,Fisiología respiratoria (8a. ed.),"West, John B.","Medicina/Fisiología respiratoria (8a. ed.) - West, John B..jpg",https://elibro.puce.elogim.com/es/lc/puce/titulos/124823
Medicina,Fisiología respiratoria: lo esencial en la práctica clínica (3a. ed.),"Cristancho Gómez, William","Medicina/Fisiología respiratoria lo esencial en la práctica clínica (3a. ed.) - Cristancho Gómez, William.jpg",https://elibro.puce.elogim.com/es/lc/puce/titulos/71152
Medicina,Fisiología y fisiopatología pulmonar: estudios de casos (2a. ed.),"West, John B.","Medicina/Fisiología y fisiopatología pulmonar estudios de casos (2a. ed.) - West, John B..jpg",https://elibro.puce.elogim.com/es/lc/puce/titulos/125026
Medicina,Fundamentos de farmacología oncológica,"Cevallos Barrera, Edwin; Duque Proaño, Galo","Medicina/Fundamentos de farmacología oncológica - Cevallos Barrera, Edwin; Duque Proaño, Galo.jpg",https://elibro.puce.elogim.com/es/lc/puce/titulos/233834
Medicina,La compleja interacción biológica y psicológica en la ciencia médica,"García Frade Ruiz, Luis Fernando","Medicina/La compleja interacción biológica y psicológica en la ciencia médica - García Frade Ruiz, Luis Fernando.jpg",https://elibro.puce.elogim.com/es/lc/puce/titulos/275721
Medicina,Manual de fisiología articular,"Guzmán Velasco, Adriana","Medicina/Manual de fisiología articular - Guzmán Velasco, Adriana.jpg",https://elibro.puce.elogim.com/es/lc/puce/titulos/71151
Medicina,Manual de práctica de semiología clínica,"Chaveco Pérez, Moraima","Medicina/Manual de práctica de semiología clínica - Chaveco Pérez, Moraima.jpg",https://elibro.puce.elogim.com/es/lc/puce/titulos/294232
Medicina,Manual de prácticas de neuroanatomía: laboratorio de morfología (2a. ed.),"Martínez, Emilio G.","Medicina/Manual de prácticas de neuroanatomía laboratorio de morfología (2a. ed.) - Martínez, Emilio G..jpg",https://elibro.puce.elogim.com/es/lc/puce/titulos/85296
Medicina,Neuroanatomía clínica (7a. ed.),"Snell, Richard","Medicina/Neuroanatomía clínica (7a. ed.) - Snell, Richard.jpg",https://elibro.puce.elogim.com/es/lc/puce/titulos/125029
Medicina,Neuroanatomía de bolsillo,"Gould, Douglas J.","Medicina/Neuroanatomía de bolsillo - Gould, Douglas J..jpg",https://elibro.puce.elogim.com/es/lc/puce/titulos/125316
Medicina,"Neuroanatomía, funcional y clínica (5a. ed.)","Bustamante B., Jairo","Medicina/Neuroanatomía, funcional y clínica (5a. ed.) - Bustamante B., Jairo.jpg",https://elibro.puce.elogim.com/es/lc/puce/titulos/280790
Medicina,"Oxígeno: fisiología, terapéutica, toxicidad","Cristancho Gómez, William","Medicina/Oxígeno fisiología, terapéutica, toxicidad - Cristancho Gómez, William.jpg",https://elibro.puce.elogim.com/es/lc/puce/titulos/128358
Medicina,Proceso de valoración semiológica de Chávez para el cuidado de enfermería,"Barragán Becerra, Julián Andrés; Moreno Mojica, Claudia María; Hernández Bernal, Nubia Esperanza","Medicina/Proceso de valoración semiológica de Chávez para el cuidado de enfermería - Barragán Becerra, Julián Andrés; Moreno Mojica, Claudia María; Hernández Bernal, Nubia Esperanza.jpg",https://elibro.puce.elogim.com/es/lc/puce/titulos/219236
Medicina,Psicopatología y semiología psiquiátrica,"Capponi M., Ricardo","Medicina/Psicopatología y semiología psiquiátrica - Capponi M., Ricardo.jpg",https://elibro.puce.elogim.com/es/lc/puce/titulos/284005
Medicina,Semiología del aparato locomotor (13a. ed.),"Gerstner B., Jochen; Gerstner G., Juan Bernardo","Medicina/Semiología del aparato locomotor (13a. ed.) - Gerstner B., Jochen; Gerstner G., Juan Bernardo.jpg",https://elibro.puce.elogim.com/es/lc/puce/titulos/280789
Medicina,Semiología: sistema craneomandibular,"Bustillo Verbel, Rosa Lia; Espitia Nieto, Sandra","Medicina/Semiología sistema craneomandibular - Bustillo Verbel, Rosa Lia; Espitia Nieto, Sandra.jpg",https://elibro.puce.elogim.com/es/lc/puce/titulos/105476
Medicina,Temas claves: neuroanatomía (4a. ed.),"Fix, James D.","Medicina/Temas claves neuroanatomía (4a. ed.) - Fix, James D..jpg",https://elibro.puce.elogim.com/es/lc/puce/titulos/124809
