categoria,id_catalogo,titulo,tipo,detalle,fuente,registro_origen
Medicina,40320,Aprenda medicina sonriendo... (2a. ed.),duplicado_confirmado_excluido,Previous digital book,https://elibro.puce.elogim.com/es/lc/puce/titulos/40320/,registro de Medicina y Psicología
Medicina,40852,Medicina familiar,duplicado_confirmado_excluido,Previous digital book,https://elibro.puce.elogim.com/es/lc/puce/titulos/40852/,registro de Medicina y Psicología
Medicina,40870,La mujer en el ejercicio de la medicina,duplicado_confirmado_excluido,Previous digital book,https://elibro.puce.elogim.com/es/lc/puce/titulos/40870/,registro de Medicina y Psicología
Medicina,42785,Diccionario etimológico de medicina,duplicado_confirmado_excluido,Previous digital book,https://elibro.puce.elogim.com/es/lc/puce/titulos/42785/,registro de Medicina y Psicología
Medicina,47085,Manual de medicina paliativa,duplicado_confirmado_excluido,Previous digital book,https://elibro.puce.elogim.com/es/lc/puce/titulos/47085/,registro de Medicina y Psicología
Medicina,53028,Biotecnología aplicada a la medicina,duplicado_confirmado_excluido,Previous digital book,https://elibro.puce.elogim.com/es/lc/puce/titulos/53028/,registro de Medicina y Psicología
Medicina,53098,Medicina humanitaria,duplicado_confirmado_excluido,Previous digital book,https://elibro.puce.elogim.com/es/lc/puce/titulos/53098/,registro de Medicina y Psicología
Medicina,58272,El lenguaje de la medicina,duplicado_confirmado_excluido,Previous digital book,https://elibro.puce.elogim.com/es/lc/puce/titulos/58272/,registro de Medicina y Psicología
Medicina,58579,Fundamentos de la medicina forense,duplicado_confirmado_excluido,Previous digital book,https://elibro.puce.elogim.com/es/lc/puce/titulos/58579/,registro de Medicina y Psicología
Medicina,67143,Síndromes en medicina interna,duplicado_confirmado_excluido,Previous digital book,https://elibro.puce.elogim.com/es/lc/puce/titulos/67143/,registro de Medicina y Psicología
Medicina,67148,Medicina intensiva,duplicado_confirmado_excluido,Previous digital book,https://elibro.puce.elogim.com/es/lc/puce/titulos/67148/,registro de Medicina y Psicología
Medicina,71950,La física en la medicina (3a. ed.),duplicado_confirmado_excluido,Previous digital book,https://elibro.puce.elogim.com/es/lc/puce/titulos/71950/,registro de Medicina y Psicología
Medicina,72229,Láser en medicina,duplicado_confirmado_excluido,Previous digital book,https://elibro.puce.elogim.com/es/lc/puce/titulos/72229/,registro de Medicina y Psicología
Medicina,72621,Hacia la medicina del futuro,duplicado_confirmado_excluido,Previous digital book,https://elibro.puce.elogim.com/es/lc/puce/titulos/72621/,registro de Medicina y Psicología
Medicina,72757,El ABC de la medicina interna,duplicado_confirmado_excluido,Previous digital book,https://elibro.puce.elogim.com/es/lc/puce/titulos/72757/,registro de Medicina y Psicología
Medicina,73456,Electrocardiografía en medicina prehospitalaria,duplicado_confirmado_excluido,Previous digital book,https://elibro.puce.elogim.com/es/lc/puce/titulos/73456/,registro de Medicina y Psicología
Medicina,73999,Historia y filosofía de la medicina,duplicado_confirmado_excluido,Previous digital book,https://elibro.puce.elogim.com/es/lc/puce/titulos/73999/,registro de Medicina y Psicología
Medicina,118658,Medicina Legal (2a. ed.),duplicado_confirmado_excluido,Previous digital book,https://elibro.puce.elogim.com/es/lc/puce/titulos/118658/,registro de Medicina y Psicología
Medicina,125329,Medicina de bolsillo (5a. ed.),duplicado_confirmado_excluido,Previous digital book,https://elibro.puce.elogim.com/es/lc/puce/titulos/125329/,registro de Medicina y Psicología
Medicina,166522,Medicina oral,duplicado_confirmado_excluido,Previous digital book,https://elibro.puce.elogim.com/es/lc/puce/titulos/166522/,registro de Medicina y Psicología
Medicina,223081,Bioquímica para Medicina,duplicado_confirmado_excluido,Previous digital book,https://elibro.puce.elogim.com/es/lc/puce/titulos/223081/,registro de Medicina y Psicología
Medicina,293446,Introducción a la Medicina,duplicado_confirmado_excluido,Previous digital book,https://elibro.puce.elogim.com/es/lc/puce/titulos/293446/,registro de Medicina y Psicología
Psicología,71802,Psicología social,duplicado_confirmado_excluido,Coincide por ID y título con el conjunto digital previo.,https://elibro.puce.elogim.com/es/lc/puce/titulos/71802/,registro de Medicina y Psicología
Psicología,284005,Psicopatología y semiología psiquiátrica,duplicado_confirmado_excluido,Coincide por ID y título con el conjunto digital previo.,https://elibro.puce.elogim.com/es/lc/puce/titulos/284005/,registro de Medicina y Psicología
Psicología,100396,Diccionario de neuropsicología,incidencia_calidad_o_alcance,La portada muestra varios nombres en tipografía demasiado pequeña para transcribirlos con seguridad; ficha abreviada. Sustituido por otra obra.,https://elibro.puce.elogim.com/es/lc/puce/titulos/100396/,registro de Medicina y Psicología
Psicología,50110,Psicología social (3a. ed.),posible_duplicado_excluido,Colisión de título base con obra previa; se omitió conservadoramente sin resolver autoría. No se cuenta como duplicado confirmado.,https://elibro.puce.elogim.com/es/lc/puce/titulos/50110/,registro de Medicina y Psicología
Filosofía,34402,Filosofía fundamental,duplicado_confirmado_excluido,previous_digital_id,https://elibro.puce.elogim.com/es/lc/puce/titulos/34402/,registro de Filosofía
Filosofía,36347,Filosofía general,duplicado_confirmado_excluido,previous_digital_id,https://elibro.puce.elogim.com/es/lc/puce/titulos/36347/,registro de Filosofía
Filosofía,36348,Filosofía antigua,duplicado_confirmado_excluido,previous_digital_id,https://elibro.puce.elogim.com/es/lc/puce/titulos/36348/,registro de Filosofía
Filosofía,36349,Filosofía medieval,duplicado_confirmado_excluido,previous_digital_id,https://elibro.puce.elogim.com/es/lc/puce/titulos/36349/,registro de Filosofía
Filosofía,36350,Filosofía del renacimiento,duplicado_confirmado_excluido,previous_digital_id,https://elibro.puce.elogim.com/es/lc/puce/titulos/36350/,registro de Filosofía
Filosofía,36351,Filosofía moderna,duplicado_confirmado_excluido,previous_digital_id,https://elibro.puce.elogim.com/es/lc/puce/titulos/36351/,registro de Filosofía
Filosofía,36352,Filosofía contemporánea,duplicado_confirmado_excluido,previous_digital_id,https://elibro.puce.elogim.com/es/lc/puce/titulos/36352/,registro de Filosofía
Filosofía,40492,Filosofía (2a. ed.),duplicado_confirmado_excluido,previous_digital_id,https://elibro.puce.elogim.com/es/lc/puce/titulos/40492/,registro de Filosofía
Filosofía,40946,Filosofía de la religión,duplicado_confirmado_excluido,previous_digital_id,https://elibro.puce.elogim.com/es/lc/puce/titulos/40946/,registro de Filosofía
Filosofía,45428,Historia de la filosofía,duplicado_confirmado_excluido,previous_digital_id,https://elibro.puce.elogim.com/es/lc/puce/titulos/45428/,registro de Filosofía
Filosofía,45659,Filosofía de la finitud,duplicado_confirmado_excluido,previous_digital_id,https://elibro.puce.elogim.com/es/lc/puce/titulos/45659/,registro de Filosofía
Filosofía,45667,Globalización y filosofía,duplicado_confirmado_excluido,previous_digital_id,https://elibro.puce.elogim.com/es/lc/puce/titulos/45667/,registro de Filosofía
Filosofía,45723,¿Qué es la filosofía?,duplicado_confirmado_excluido,previous_digital_id,https://elibro.puce.elogim.com/es/lc/puce/titulos/45723/,registro de Filosofía
Filosofía,45764,Filosofía como metanoética,duplicado_confirmado_excluido,previous_digital_id,https://elibro.puce.elogim.com/es/lc/puce/titulos/45764/,registro de Filosofía
Filosofía,46920,Filosofía de la ciencia (2a. ed.),duplicado_confirmado_excluido,previous_digital_id,https://elibro.puce.elogim.com/es/lc/puce/titulos/46920/,registro de Filosofía
Filosofía,46926,Filosofía del conocimiento (2a. ed.),duplicado_confirmado_excluido,previous_digital_id,https://elibro.puce.elogim.com/es/lc/puce/titulos/46926/,registro de Filosofía
Filosofía,46942,Filosofía de la educación (2a. ed.),duplicado_confirmado_excluido,Otra edición de Filosofía de la educación de Francisco Altarejos; se conserva 47101,https://elibro.puce.elogim.com/es/lc/puce/titulos/46942/,registro de Filosofía
Filosofía,47080,Filosofía política,duplicado_confirmado_excluido,previous_digital_id,https://elibro.puce.elogim.com/es/lc/puce/titulos/47080/,registro de Filosofía
Filosofía,48712,Filosofía del lenguaje,duplicado_confirmado_excluido,previous_digital_id,https://elibro.puce.elogim.com/es/lc/puce/titulos/48712/,registro de Filosofía
Filosofía,52635,Filosofía y palomitas,duplicado_confirmado_excluido,previous_digital_id,https://elibro.puce.elogim.com/es/lc/puce/titulos/52635/,registro de Filosofía
Filosofía,53385,Las tareas de la filosofía,duplicado_confirmado_excluido,previous_digital_id,https://elibro.puce.elogim.com/es/lc/puce/titulos/53385/,registro de Filosofía
Filosofía,55191,¿Qué es filosofía?,duplicado_confirmado_excluido,previous_digital_id,https://elibro.puce.elogim.com/es/lc/puce/titulos/55191/,registro de Filosofía
Filosofía,57841,La filosofía de la tecnología,duplicado_confirmado_excluido,previous_digital_id,https://elibro.puce.elogim.com/es/lc/puce/titulos/57841/,registro de Filosofía
Filosofía,59773,Filosofía de la cultura (2a. ed.),duplicado_confirmado_excluido,previous_digital_id,https://elibro.puce.elogim.com/es/lc/puce/titulos/59773/,registro de Filosofía
Filosofía,59774,Filosofía para Irene,duplicado_confirmado_excluido,previous_digital_id,https://elibro.puce.elogim.com/es/lc/puce/titulos/59774/,registro de Filosofía
Filosofía,221757,¿Qué es Filosofía?,duplicado_confirmado_excluido,previous_digital_id,https://elibro.puce.elogim.com/es/lc/puce/titulos/221757/,registro de Filosofía
Filosofía,37693,Wagner y la filosofía,incidencia_calidad_o_alcance,Fuente de portada recortada: extremo derecho del título truncado,https://elibro.puce.elogim.com/es/lc/puce/titulos/37693/,registro de Filosofía
Filosofía,41036,Filosofía y lenguaje,incidencia_calidad_o_alcance,placeholder_not_loaded,https://elibro.puce.elogim.com/es/lc/puce/titulos/41036/,registro de Filosofía
Filosofía,41109,Filosofía y literatura,incidencia_calidad_o_alcance,placeholder_not_loaded,https://elibro.puce.elogim.com/es/lc/puce/titulos/41109/,registro de Filosofía
Filosofía,46933,Filosofía de la naturaleza (5a. ed.),incidencia_calidad_o_alcance,Autor de ficha no coincide con autor visible en portada: García Cuadrado / Mariano Artigas,https://elibro.puce.elogim.com/es/lc/puce/titulos/46933/,registro de Filosofía
Filosofía,47008,Filosofía de la religión,incidencia_calidad_o_alcance,Imagen original en blanco; no es una portada utilizable,https://elibro.puce.elogim.com/es/lc/puce/titulos/47008/,registro de Filosofía
Filosofía,49209,Didáctica de la filosofía,incidencia_calidad_o_alcance,placeholder_not_loaded,https://elibro.puce.elogim.com/es/lc/puce/titulos/49209/,registro de Filosofía
Filosofía,58443,La filosofía de la ciencia,incidencia_calidad_o_alcance,placeholder_not_loaded,https://elibro.puce.elogim.com/es/lc/puce/titulos/58443/,registro de Filosofía
Filosofía,68189,Filosofía de la máquina,incidencia_calidad_o_alcance,La ficha identifica cuentos chilenos; ajuste temático insuficiente para Filosofía,https://elibro.puce.elogim.com/es/lc/puce/titulos/68189/,registro de Filosofía
Filosofía,76249,Filosofía,incidencia_calidad_o_alcance,Fuente de portada recortada: título y autor truncados,https://elibro.puce.elogim.com/es/lc/puce/titulos/76249/,registro de Filosofía
Filosofía,77558,Filosofía de la liberación,incidencia_calidad_o_alcance,placeholder_not_loaded,https://elibro.puce.elogim.com/es/lc/puce/titulos/77558/,registro de Filosofía
Filosofía,80152,Filosofía hoy,incidencia_calidad_o_alcance,placeholder_not_loaded,https://elibro.puce.elogim.com/es/lc/puce/titulos/80152/,registro de Filosofía
Filosofía,101418,Introducción a la filosofía,incidencia_calidad_o_alcance,placeholder_not_loaded,https://elibro.puce.elogim.com/es/lc/puce/titulos/101418/,registro de Filosofía
Filosofía,109497,Filosofía del entendimiento,incidencia_calidad_o_alcance,detail_load_timeout_retry_available,https://elibro.puce.elogim.com/es/lc/puce/titulos/109497/,registro de Filosofía
Filosofía,109921,Filosofía de las ciencias,incidencia_calidad_o_alcance,detail_load_timeout_retry_available,https://elibro.puce.elogim.com/es/lc/puce/titulos/109921/,registro de Filosofía
Filosofía,110233,Filosofía de la historia,incidencia_calidad_o_alcance,detail_load_timeout_retry_available,https://elibro.puce.elogim.com/es/lc/puce/titulos/110233/,registro de Filosofía
Filosofía,110802,La filosofía helenística,incidencia_calidad_o_alcance,detail_load_timeout_retry_available,https://elibro.puce.elogim.com/es/lc/puce/titulos/110802/,registro de Filosofía
Filosofía,112977,Filosofías,incidencia_calidad_o_alcance,Ficha clasifica la obra como ficción; excluida de Filosofía,https://elibro.puce.elogim.com/es/lc/puce/titulos/112977/,registro de Filosofía
Filosofía,113899,Filosofía de la imagen,incidencia_recuperada,detail_load_timeout_retry_available,https://elibro.puce.elogim.com/es/lc/puce/titulos/113899/,registro de Filosofía
Filosofía,85136,Introducción a la filosofía (3a. ed.),posible_duplicado_excluido,Ficha coincide en título y responsables con 46931; se excluye conservadoramente como posible obra repetida,https://elibro.puce.elogim.com/es/lc/puce/titulos/85136/,registro de Filosofía
Matemáticas,37790,Matemática para Iñaki,duplicado_confirmado_excluido,duplicate_previous_digital_id,https://elibro.puce.elogim.com/es/lc/puce/titulos/37790/,registro de Matemáticas e Infantil y Juvenil
Matemáticas,37796,Lo imposible en matemáticas,duplicado_confirmado_excluido,duplicate_previous_digital_id,https://elibro.puce.elogim.com/es/lc/puce/titulos/37796/,registro de Matemáticas e Infantil y Juvenil
Matemáticas,39472,Matemáticas 3 (2a. ed.),duplicado_confirmado_excluido,duplicate_previous_digital_id,https://elibro.puce.elogim.com/es/lc/puce/titulos/39472/,registro de Matemáticas e Infantil y Juvenil
Matemáticas,40361,Matemáticas 4 (2a. ed.),duplicado_confirmado_excluido,duplicate_previous_digital_id,https://elibro.puce.elogim.com/es/lc/puce/titulos/40361/,registro de Matemáticas e Infantil y Juvenil
Matemáticas,41821,Las matemáticas de los cristales,duplicado_confirmado_excluido,duplicate_previous_digital_id,https://elibro.puce.elogim.com/es/lc/puce/titulos/41821/,registro de Matemáticas e Infantil y Juvenil
Matemáticas,41882,Matemáticas y ajedrez,duplicado_confirmado_excluido,duplicate_previous_digital_id,https://elibro.puce.elogim.com/es/lc/puce/titulos/41882/,registro de Matemáticas e Infantil y Juvenil
Matemáticas,49195,Iniciación a las matemáticas,duplicado_confirmado_excluido,duplicate_previous_digital_id,https://elibro.puce.elogim.com/es/lc/puce/titulos/49195/,registro de Matemáticas e Infantil y Juvenil
Matemáticas,57193,Matemáticas básicas,duplicado_confirmado_excluido,duplicate_previous_digital_id,https://elibro.puce.elogim.com/es/lc/puce/titulos/57193/,registro de Matemáticas e Infantil y Juvenil
Matemáticas,60072,El cerebro de los matemáticos,duplicado_confirmado_excluido,duplicate_previous_digital_id,https://elibro.puce.elogim.com/es/lc/puce/titulos/60072/,registro de Matemáticas e Infantil y Juvenil
Matemáticas,60568,Análisis matemático,duplicado_confirmado_excluido,duplicate_previous_digital_id,https://elibro.puce.elogim.com/es/lc/puce/titulos/60568/,registro de Matemáticas e Infantil y Juvenil
Matemáticas,61949,Vivir las matemáticas (4a. ed.),duplicado_confirmado_excluido,duplicate_previous_digital_id,https://elibro.puce.elogim.com/es/lc/puce/titulos/61949/,registro de Matemáticas e Infantil y Juvenil
Matemáticas,69334,Matemática estructural,duplicado_confirmado_excluido,duplicate_previous_digital_id,https://elibro.puce.elogim.com/es/lc/puce/titulos/69334/,registro de Matemáticas e Infantil y Juvenil
Matemáticas,69821,Matemáticas básicas (2a. ed.),duplicado_confirmado_excluido,duplicate_previous_digital_work_title_author_other_edition_or_publisher,https://elibro.puce.elogim.com/es/lc/puce/titulos/69821/,registro de Matemáticas e Infantil y Juvenil
Matemáticas,69883,Matemáticas básicas (3a. ed.),duplicado_confirmado_excluido,duplicate_previous_digital_work_title_author_other_edition_or_publisher,https://elibro.puce.elogim.com/es/lc/puce/titulos/69883/,registro de Matemáticas e Infantil y Juvenil
Matemáticas,69967,Matemáticas básicas (4a. ed.),duplicado_confirmado_excluido,duplicate_previous_digital_id,https://elibro.puce.elogim.com/es/lc/puce/titulos/69967/,registro de Matemáticas e Infantil y Juvenil
Matemáticas,70065,Matemáticas para informática,duplicado_confirmado_excluido,duplicate_previous_digital_id,https://elibro.puce.elogim.com/es/lc/puce/titulos/70065/,registro de Matemáticas e Infantil y Juvenil
Matemáticas,70987,Introducción a las matemáticas,duplicado_confirmado_excluido,duplicate_previous_digital_id,https://elibro.puce.elogim.com/es/lc/puce/titulos/70987/,registro de Matemáticas e Infantil y Juvenil
Matemáticas,100206,Las matemáticas de la luz,duplicado_confirmado_excluido,duplicate_previous_digital_id,https://elibro.puce.elogim.com/es/lc/puce/titulos/100206/,registro de Matemáticas e Infantil y Juvenil
Matemáticas,113108,Matemática 1,duplicado_confirmado_excluido,duplicate_previous_digital_id,https://elibro.puce.elogim.com/es/lc/puce/titulos/113108/,registro de Matemáticas e Infantil y Juvenil
Matemáticas,117208,Las matemáticas de nuestra vida,duplicado_confirmado_excluido,duplicate_previous_digital_id,https://elibro.puce.elogim.com/es/lc/puce/titulos/117208/,registro de Matemáticas e Infantil y Juvenil
Matemáticas,122863,Las matemáticas ocultas,duplicado_confirmado_excluido,duplicate_previous_digital_id,https://elibro.puce.elogim.com/es/lc/puce/titulos/122863/,registro de Matemáticas e Infantil y Juvenil
Matemáticas,127753,Análisis matemático,duplicado_confirmado_excluido,duplicate_previous_digital_id,https://elibro.puce.elogim.com/es/lc/puce/titulos/127753/,registro de Matemáticas e Infantil y Juvenil
Matemáticas,128447,Fundamentos de matemáticas,duplicado_confirmado_excluido,duplicate_previous_digital_id,https://elibro.puce.elogim.com/es/lc/puce/titulos/128447/,registro de Matemáticas e Infantil y Juvenil
Matemáticas,129009,Estadística matemática,duplicado_confirmado_excluido,duplicate_previous_digital_id,https://elibro.puce.elogim.com/es/lc/puce/titulos/129009/,registro de Matemáticas e Infantil y Juvenil
Matemáticas,131900,Matemática en espiral,duplicado_confirmado_excluido,duplicate_previous_digital_id,https://elibro.puce.elogim.com/es/lc/puce/titulos/131900/,registro de Matemáticas e Infantil y Juvenil
Matemáticas,162803,Pensar en la matemática,duplicado_confirmado_excluido,duplicate_previous_digital_id,https://elibro.puce.elogim.com/es/lc/puce/titulos/162803/,registro de Matemáticas e Infantil y Juvenil
Matemáticas,233112,Las matemáticas de la pandemia,duplicado_confirmado_excluido,duplicate_new_selected_work_other_edition_or_publisher,https://elibro.puce.elogim.com/es/lc/puce/titulos/233112/,registro de Matemáticas e Infantil y Juvenil
Matemáticas,234096,Las matemáticas de la luz,duplicado_confirmado_excluido,duplicate_previous_digital_work_title_author_other_edition_or_publisher,https://elibro.puce.elogim.com/es/lc/puce/titulos/234096/,registro de Matemáticas e Infantil y Juvenil
Matemáticas,234550,Las matemáticas de los cristales,duplicado_confirmado_excluido,duplicate_previous_digital_work_title_author_other_edition_or_publisher,https://elibro.puce.elogim.com/es/lc/puce/titulos/234550/,registro de Matemáticas e Infantil y Juvenil
Matemáticas,235025,Matemáticas y ajedrez,duplicado_confirmado_excluido,duplicate_previous_digital_work_title_author_other_edition_or_publisher,https://elibro.puce.elogim.com/es/lc/puce/titulos/235025/,registro de Matemáticas e Infantil y Juvenil
Matemáticas,235662,Matemáticas y literatura,duplicado_confirmado_excluido,duplicate_new_selected_work_other_edition_or_publisher,https://elibro.puce.elogim.com/es/lc/puce/titulos/235662/,registro de Matemáticas e Infantil y Juvenil
Matemáticas,246696,Matemáticas competentes,duplicado_confirmado_excluido,duplicate_new_selected_work_other_edition_or_publisher,https://elibro.puce.elogim.com/es/lc/puce/titulos/246696/,registro de Matemáticas e Infantil y Juvenil
Matemáticas,246697,Matemáticas y deporte,duplicado_confirmado_excluido,duplicate_new_selected_work_other_edition_or_publisher,https://elibro.puce.elogim.com/es/lc/puce/titulos/246697/,registro de Matemáticas e Infantil y Juvenil
Matemáticas,302716,Matemáticas x matemáticas,duplicado_confirmado_excluido,duplicate_new_selected_work_other_edition_or_publisher,https://elibro.puce.elogim.com/es/lc/puce/titulos/302716/,registro de Matemáticas e Infantil y Juvenil
Matemáticas,51972,Imágenes matemáticas,incidencia_calidad_o_alcance,source_cover_cropped_title_edges_truncated,https://elibro.puce.elogim.com/es/lc/puce/titulos/51972/,registro de Matemáticas e Infantil y Juvenil
Matemáticas,73990,El matemático,incidencia_calidad_o_alcance,fiction_title_not_selected_for_math,https://elibro.puce.elogim.com/es/lc/puce/titulos/73990/,registro de Matemáticas e Infantil y Juvenil
Matemáticas,294684,Crónica matemática,reasignado_a_otra_categoria,category_mismatch_for_math_novel_for_age13_15_transferred_to_children_selection,https://elibro.puce.elogim.com/es/lc/puce/titulos/294684/,registro de Matemáticas e Infantil y Juvenil
Infantil y Juvenil,189721,Peter Pan,duplicado_confirmado_excluido,Misma obra y autor que la edición seleccionada189720; edición alternativa no seleccionada.,https://elibro.puce.elogim.com/es/lc/puce/titulos/189721/,registro de Matemáticas e Infantil y Juvenil
Infantil y Juvenil,129285,Ugo está enojado,incidencia_calidad_o_alcance,Portada original recortada a la derecha; título incompleto.,https://elibro.puce.elogim.com/es/lc/puce/titulos/129285/,registro de Matemáticas e Infantil y Juvenil
Infantil y Juvenil,165553,Cuentos para niños,incidencia_calidad_o_alcance,"La portada dice Emilia Pardo Bazán, pero la ficha atribuye la obra a Luis Coloma; inconsistencia de autor/portada.",https://elibro.puce.elogim.com/es/lc/puce/titulos/165553/,registro de Matemáticas e Infantil y Juvenil
Infantil y Juvenil,196011,Cuentos de los Andes,incidencia_calidad_o_alcance,Portada original recortada en el borde derecho; texto de título y autora incompleto.,https://elibro.puce.elogim.com/es/lc/puce/titulos/196011/,registro de Matemáticas e Infantil y Juvenil
Infantil y Juvenil,222358,Hora del cuento,incidencia_calidad_o_alcance,"Obra dirigida a narradores, maestros y padres sobre la narración; fuera del alcance de lectura infantil de ficción.",https://elibro.puce.elogim.com/es/lc/puce/titulos/222358/,registro de Matemáticas e Infantil y Juvenil
Infantil y Juvenil,297424,Construyamos un mundo que sea para todos y todas. Cuentos infantiles de inclusión,incidencia_calidad_o_alcance,Portada original recortada en ambos extremos; título y autora incompletos.,https://elibro.puce.elogim.com/es/lc/puce/titulos/297424/,registro de Matemáticas e Infantil y Juvenil
Infantil y Juvenil,299014,"Cuentos completos, 3",incidencia_calidad_o_alcance,Portada original recortada a la derecha; numeral del volumen incompleto.,https://elibro.puce.elogim.com/es/lc/puce/titulos/299014/,registro de Matemáticas e Infantil y Juvenil
Literatura,36433,Literatura Oriental,duplicado_confirmado_excluido,Duplicate ID or normalized title and author,https://elibro.puce.elogim.com/es/lc/puce/titulos/36433/,registro de Literatura
Literatura,36434,Literatura clásica,duplicado_confirmado_excluido,Duplicate ID or normalized title and author,https://elibro.puce.elogim.com/es/lc/puce/titulos/36434/,registro de Literatura
Literatura,39510,Literatura 1,duplicado_confirmado_excluido,Duplicate ID or normalized title and author,https://elibro.puce.elogim.com/es/lc/puce/titulos/39510/,registro de Literatura
Literatura,39511,Literatura 2 (2a. ed.),duplicado_confirmado_excluido,Duplicate ID or normalized title and author,https://elibro.puce.elogim.com/es/lc/puce/titulos/39511/,registro de Literatura
Literatura,40228,Literatura I,duplicado_confirmado_excluido,Duplicate ID or normalized title and author,https://elibro.puce.elogim.com/es/lc/puce/titulos/40228/,registro de Literatura
Literatura,40489,Literatura 2 (2a. ed.),duplicado_confirmado_excluido,Duplicate ID or normalized title and author,https://elibro.puce.elogim.com/es/lc/puce/titulos/40489/,registro de Literatura
Literatura,40491,Literatura 1 (2a. ed.),duplicado_confirmado_excluido,Duplicate ID or normalized title and author,https://elibro.puce.elogim.com/es/lc/puce/titulos/40491/,registro de Literatura
Literatura,48881,Literatura y cine,duplicado_confirmado_excluido,Duplicate ID or normalized title and author,https://elibro.puce.elogim.com/es/lc/puce/titulos/48881/,registro de Literatura
Literatura,56436,La literatura,duplicado_confirmado_excluido,Duplicate ID or normalized title and author,https://elibro.puce.elogim.com/es/lc/puce/titulos/56436/,registro de Literatura
Literatura,56437,La literatura,duplicado_confirmado_excluido,Duplicate ID or normalized title and author,https://elibro.puce.elogim.com/es/lc/puce/titulos/56437/,registro de Literatura
Literatura,57203,Literatura española,duplicado_confirmado_excluido,Duplicate ID or normalized title and author,https://elibro.puce.elogim.com/es/lc/puce/titulos/57203/,registro de Literatura
Literatura,57283,El poder de la literatura,duplicado_confirmado_excluido,Duplicate ID or normalized title and author,https://elibro.puce.elogim.com/es/lc/puce/titulos/57283/,registro de Literatura
Literatura,66439,Literaturas compartidas,duplicado_confirmado_excluido,Duplicate ID or normalized title and author,https://elibro.puce.elogim.com/es/lc/puce/titulos/66439/,registro de Literatura
Literatura,110738,Literatura universal,duplicado_confirmado_excluido,Duplicate ID or normalized title and author,https://elibro.puce.elogim.com/es/lc/puce/titulos/110738/,registro de Literatura
Literatura,110740,Literatura española,duplicado_confirmado_excluido,Duplicate ID or normalized title and author,https://elibro.puce.elogim.com/es/lc/puce/titulos/110740/,registro de Literatura
Literatura,111061,La literatura española,duplicado_confirmado_excluido,Duplicate ID or normalized title and author,https://elibro.puce.elogim.com/es/lc/puce/titulos/111061/,registro de Literatura
Literatura,118609,La literatura en el tango y el tango en la literatura,duplicado_confirmado_excluido,Duplicate ID or normalized title and author,https://elibro.puce.elogim.com/es/lc/puce/titulos/118609/,registro de Literatura
Literatura,120331,La literatura francesa: la transición,duplicado_confirmado_excluido,Duplicate ID or normalized title and author,https://elibro.puce.elogim.com/es/lc/puce/titulos/120331/,registro de Literatura
Literatura,129049,Entre educación y literatura,duplicado_confirmado_excluido,Duplicate ID or normalized title and author,https://elibro.puce.elogim.com/es/lc/puce/titulos/129049/,registro de Literatura
Literatura,156644,La literatura dramática,duplicado_confirmado_excluido,Duplicate ID or normalized title and author,https://elibro.puce.elogim.com/es/lc/puce/titulos/156644/,registro de Literatura
Literatura,156645,La literatura dramàtica,duplicado_confirmado_excluido,Duplicate ID or normalized title and author,https://elibro.puce.elogim.com/es/lc/puce/titulos/156645/,registro de Literatura
Literatura,191119,La era victoriana en literatura,duplicado_confirmado_excluido,Duplicate ID or normalized title and author,https://elibro.puce.elogim.com/es/lc/puce/titulos/191119/,registro de Literatura
Literatura,225506,Literatura española,duplicado_confirmado_excluido,Duplicate ID or normalized title and author,https://elibro.puce.elogim.com/es/lc/puce/titulos/225506/,registro de Literatura
Literatura,225558,Literatura universal,duplicado_confirmado_excluido,Duplicate ID or normalized title and author,https://elibro.puce.elogim.com/es/lc/puce/titulos/225558/,registro de Literatura
Literatura,232313,De literatura y otras monstruas,duplicado_confirmado_excluido,Duplicate ID or normalized title and author,https://elibro.puce.elogim.com/es/lc/puce/titulos/232313/,registro de Literatura
Literatura,233505,Matemáticas y literatura,duplicado_confirmado_excluido,Duplicate of an accepted work in math_children.json; replaced with ID110514 after the combined cross-worker audit.,https://elibro.puce.elogim.com/es/lc/puce/titulos/233505/,registro de Literatura
Literatura,235662,Matemáticas y literatura,duplicado_confirmado_excluido,Duplicate ID or normalized title and author,https://elibro.puce.elogim.com/es/lc/puce/titulos/235662/,registro de Literatura
Literatura,250035,La lengua y la literatura,duplicado_confirmado_excluido,Duplicate ID or normalized title and author,https://elibro.puce.elogim.com/es/lc/puce/titulos/250035/,registro de Literatura
Literatura,251447,Literaturas indígenas de México (3a. ed.),duplicado_confirmado_excluido,Duplicate ID or normalized title and author,https://elibro.puce.elogim.com/es/lc/puce/titulos/251447/,registro de Literatura
Literatura,251453,Taller de literatura,duplicado_confirmado_excluido,Duplicate ID or normalized title and author,https://elibro.puce.elogim.com/es/lc/puce/titulos/251453/,registro de Literatura
Literatura,268021,Literatura y espiritualidad,duplicado_confirmado_excluido,Duplicate ID or normalized title and author,https://elibro.puce.elogim.com/es/lc/puce/titulos/268021/,registro de Literatura
Literatura,304203,Dentro de la literatura,duplicado_confirmado_excluido,Duplicate ID or normalized title and author,https://elibro.puce.elogim.com/es/lc/puce/titulos/304203/,registro de Literatura
Literatura,36437,Literatura occidental contemporánea,incidencia_calidad_o_alcance,Original displayed JPEG is artwork-only; title and author cannot be visually cross-checked.,https://elibro.puce.elogim.com/es/lc/puce/titulos/36437/,registro de Literatura
Literatura,36438,Literatura española: el medievo,incidencia_calidad_o_alcance,Original displayed JPEG is artwork-only; title and author cannot be visually cross-checked.,https://elibro.puce.elogim.com/es/lc/puce/titulos/36438/,registro de Literatura
Literatura,36439,Literatura española: el renacimiento,incidencia_calidad_o_alcance,Original displayed JPEG is artwork-only; title and author cannot be visually cross-checked.,https://elibro.puce.elogim.com/es/lc/puce/titulos/36439/,registro de Literatura
Literatura,36440,Literatura española: el barroco,incidencia_calidad_o_alcance,Candidate skipped after adjacent Firmas Press art-only covers could not be visually matched; no cover downloaded.,https://elibro.puce.elogim.com/es/lc/puce/titulos/36440/,registro de Literatura
Literatura,36444,Literatura latinoamericana general,incidencia_calidad_o_alcance,Candidate skipped after adjacent Firmas Press art-only covers could not be visually matched; no cover downloaded.,https://elibro.puce.elogim.com/es/lc/puce/titulos/36444/,registro de Literatura
Literatura,36445,Literatura latinoamericana de la colonia,incidencia_calidad_o_alcance,Candidate skipped after adjacent Firmas Press art-only covers could not be visually matched; no cover downloaded.,https://elibro.puce.elogim.com/es/lc/puce/titulos/36445/,registro de Literatura
Literatura,47418,Ensayos críticos sobre literatura,incidencia_calidad_o_alcance,Displayed 220×320 JPEG is blank white and not a usable cover.,https://elibro.puce.elogim.com/es/lc/puce/titulos/47418/,registro de Literatura
Literatura,79041,Literatura española,incidencia_calidad_o_alcance,Cover includes an additional author whose surname cannot be confidently read at the original 220×320 resolution; metadata lists only one author.,https://elibro.puce.elogim.com/es/lc/puce/titulos/79041/,registro de Literatura
Literatura,94318,Entre pedagogía y literatura,incidencia_calidad_o_alcance,Cover credits coordinators and a longer contributor list not fully resolved; excluded rather than emitting an incomplete author list.,https://elibro.puce.elogim.com/es/lc/puce/titulos/94318/,registro de Literatura
