categoria,titulo,autor,isbn,descripcion,precio,nombre_archivo,fuente_portada
Medicina,Manual de medicina basada en evidencias,"Arceo Díaz, José Luis; Ornelas Aguirre, José Manuel; Domínguez Salcido, Susana",DEMO-ISBN-FIS-0001,DEMO: Manual introductorio sobre la aplicación de evidencia científica a las decisiones médicas. [Identificador DEMO; no es un ISBN real.] [Precio DEMO en USD.],79.95,"Manual de medicina basada en evidencias - Arceo Díaz, José Luis; Ornelas Aguirre, José Manuel; Domínguez Salcido, Susana.jpg",https://elibro.puce.elogim.com/es/lc/puce/titulos/39575/
Medicina,Medicina forense (3a. ed.),"Carriedo Rico, Carlos; Gómez García, María del Consuelo; Grandini González, Javier",9786074483819,"DEMO: Introducción a la medicina forense que aborda tanatología, traumatología, toxicología y otras áreas periciales. [Precio DEMO en USD.]",46.95,"Medicina forense (3a. ed.) - Carriedo Rico, Carlos; Gómez García, María del Consuelo; Grandini González, Javier.jpg",https://elibro.puce.elogim.com/es/lc/puce/titulos/39690/
Medicina,Temas selectos en medicina crítica,"Carrillo Esper, Raúl; Athié Gutiérrez, César",9786077411147,DEMO: Volumen de clínicas quirúrgicas que reúne temas seleccionados de medicina crítica. [Precio DEMO en USD.],52.95,"Temas selectos en medicina crítica - Carrillo Esper, Raúl; Athié Gutiérrez, César.jpg",https://elibro.puce.elogim.com/es/lc/puce/titulos/40315/
Medicina,Tópicos de medicina intensiva para el anestesiólogo,"Carrillo Esper, Raúl (ed.); Peña Pérez, Carlos Alberto (ed.)",9786077411208,DEMO: Volumen de clínicas de anestesiología dedicado a temas de medicina intensiva relevantes para el anestesiólogo. [Precio DEMO en USD.],75.95,"Tópicos de medicina intensiva para el anestesiólogo - Carrillo Esper, Raúl (ed.); Peña Pérez, Carlos Alberto (ed.).jpg",https://elibro.puce.elogim.com/es/lc/puce/titulos/40318/
Medicina,Manual de medicina prehospitalaria de urgencia,"Illescas Fernández, Gerardo José",9786077411222,DEMO: Manual de atención médica urgente en el ámbito prehospitalario. [Precio DEMO en USD.],35.95,"Manual de medicina prehospitalaria de urgencia - Illescas Fernández, Gerardo José.jpg",https://elibro.puce.elogim.com/es/lc/puce/titulos/40319/
Medicina,Medicina forense,"Trujillo Mariel, Patricia Rosa Linda; Trujillo Nieto, Gil A.",9786077411321,DEMO: Obra de medicina forense sobre la aplicación de conocimientos médicos en investigaciones y procedimientos legales. [Precio DEMO en USD.],81.95,"Medicina forense - Trujillo Mariel, Patricia Rosa Linda; Trujillo Nieto, Gil A.jpg",https://elibro.puce.elogim.com/es/lc/puce/titulos/40328/
Medicina,Manual de medicina interna hospitalaria,"Andrade Castellanos, Carlos A.",9786077411499,Manual dedicado a problemas de medicina interna atendidos durante la hospitalización. [Precio DEMO en USD.],79.95,"Manual de medicina interna hospitalaria - Andrade Castellanos, Carlos A.jpg",https://elibro.puce.elogim.com/es/lc/puce/titulos/40334/
Medicina,Medicina perioperatoria,"Díaz Greene, Enrique Juan (ed.)",9786077504047,DEMO: Volumen de clínicas médicas dedicado a la evaluación y atención del paciente durante el periodo perioperatorio. [Precio DEMO en USD.],77.95,"Medicina perioperatoria - Díaz Greene, Enrique Juan (ed.).jpg",https://elibro.puce.elogim.com/es/lc/puce/titulos/40553/
Medicina,Harrison: manual de medicina (16a. ed.),"Kasper, Dennis L.",9788448145637,DEMO: Manual de consulta que reúne temas fundamentales de medicina interna en la decimosexta edición de Harrison. [Precio DEMO en USD.],36.95,"Harrison_ manual de medicina (16a. ed.) - Kasper, Dennis L.jpg",https://elibro.puce.elogim.com/es/lc/puce/titulos/50076/
Medicina,Medicina comunitaria,"Donaldson, R. J.; Donaldson, L. J.",9788487189104,DEMO: Texto sobre medicina comunitaria y los problemas de salud considerados desde la perspectiva de la población. [Precio DEMO en USD.],42.95,"Medicina comunitaria - Donaldson, R. J.; Donaldson, L. J.jpg",https://elibro.puce.elogim.com/es/lc/puce/titulos/55461/
Medicina,Fundamentos de medicina preventiva,"Muir Gray, J.A.; Fowler, Godfrey",9788487189296,DEMO: Introducción a los fundamentos de la prevención médica y su aplicación a la atención sanitaria. [Precio DEMO en USD.],62.95,"Fundamentos de medicina preventiva - Muir Gray, J.A.; Fowler, Godfrey.jpg",https://elibro.puce.elogim.com/es/lc/puce/titulos/55467/
Medicina,Ética y medicina,"Ramiro Avilés, Miguel Ángel (ed.)",9788490850145,"Ensayos de ética médica centrados en autonomía personal, salud pública y decisiones en el ámbito sanitario. [Precio DEMO en USD.]",37.95,"Ética y medicina - Ramiro Avilés, Miguel Ángel (ed.).jpg",https://elibro.puce.elogim.com/es/lc/puce/titulos/58034/
Medicina,Medicina de Urgencias de Bolsillo (3a. ed.),"Zane, Richard D.; Kosowsky, Joshua M.",9788416004584,DEMO: Guía de bolsillo que presenta temas de medicina de urgencias en su tercera edición. [Precio DEMO en USD.],84.95,"Medicina de Urgencias de Bolsillo (3a. ed.) - Zane, Richard D.; Kosowsky, Joshua M.jpg",https://elibro.puce.elogim.com/es/lc/puce/titulos/94662/
Medicina,Medicina ambulatoria (2a. ed.),"Parodi, Roberto; Greca, Alcides A.; Gallo, Roberto; Carlson, Damián",9789871860296,DEMO: Manual de medicina ambulatoria orientado al estudio de problemas clínicos atendidos fuera de la hospitalización. [Precio DEMO en USD.],54.95,"Medicina ambulatoria (2a. ed.) - Parodi, Roberto; Greca, Alcides A.; Gallo, Roberto; Carlson, Damián.jpg",https://elibro.puce.elogim.com/es/lc/puce/titulos/105481/
Medicina,Manual de medicina cardiovascular (4a. ed.),"Griffin, Brian P. (ed.)",9788415684107,Manual de medicina cardiovascular para la consulta y el estudio de enfermedades del corazón y la circulación. [Precio DEMO en USD.],78.95,"Manual de medicina cardiovascular (4a. ed.) - Griffin, Brian P. (ed.).jpg",https://elibro.puce.elogim.com/es/lc/puce/titulos/108234/
Medicina,Medicina del dolor de bolsillo,"Vadivelu, Nalini; Urman, Richard D.",9788415419532,Guía de bolsillo dedicada a la evaluación y el manejo clínico del dolor. [Precio DEMO en USD.],49.95,"Medicina del dolor de bolsillo - Vadivelu, Nalini; Urman, Richard D.jpg",https://elibro.puce.elogim.com/es/lc/puce/titulos/108252/
Medicina,Pediatría para estudiantes de medicina (3a. ed.),"Bernstein, Daniel; Shelov, Steven P.",9788415419587,"Texto de pediatría dirigido a estudiantes de medicina, en su tercera edición. [Precio DEMO en USD.]",42.95,"Pediatría para estudiantes de medicina (3a. ed.) - Bernstein, Daniel; Shelov, Steven P.jpg",https://elibro.puce.elogim.com/es/lc/puce/titulos/125304/
Medicina,Introducción a la medicina clínica (3a. ed.),"Agabegi, Steven S.; Agabegi, Elizabeth D.",9788415684008,"Introducción al estudio y la práctica de la medicina clínica, organizada como manual de formación. [Precio DEMO en USD.]",59.95,"Introducción a la medicina clínica (3a. ed.) - Agabegi, Steven S.; Agabegi, Elizabeth D.jpg",https://elibro.puce.elogim.com/es/lc/puce/titulos/125312/
Medicina,NMS Medicina Interna (6a. ed.),"Wolfsthal, Susan D.",9788496921351,DEMO: Manual de la serie NMS dedicado a los principales contenidos de medicina interna. [Precio DEMO en USD.],60.95,"NMS Medicina Interna (6a. ed.) - Wolfsthal, Susan D.jpg",https://elibro.puce.elogim.com/es/lc/puce/titulos/125737/
Medicina,Tratado de Medicina Cardiovascular,"Topol, Eric J.",DEMO-ISBN-FIS-0002,DEMO: Tratado médico centrado en enfermedades cardiovasculares y la atención clínica de esta especialidad. [Identificador DEMO; no es un ISBN real.] [Precio DEMO en USD.],63.95,"Tratado de Medicina Cardiovascular - Topol, Eric J.jpg",https://elibro.puce.elogim.com/es/lc/puce/titulos/125738/
Medicina,Manual práctico de medicina (4a. ed.),"Alagappan, R.",9789962678649,DEMO: Manual práctico de medicina con una edición en español y contenidos de consulta clínica. [Precio DEMO en USD.],81.95,"Manual práctico de medicina (4a. ed.) - Alagappan, R.jpg",https://elibro.puce.elogim.com/es/lc/puce/titulos/166523/
Medicina,Fundamentos de medicina: reumatología (8a. ed.),"Molina R., José Fernando (ed.); Molina L., Javier (ed.); Gómez-Puerta, José Alfredo (coed.); González, Luis Alonso (coed.)",9789588843728,"Texto de reumatología que trata evaluación, diagnóstico y opciones terapéuticas de enfermedades reumáticas. [Precio DEMO en USD.]",51.95,"Fundamentos de medicina_ reumatología (8a. ed.) - Molina R., José Fernando (ed.); Molina L., Javier (ed.); Gómez-Puerta, José Alfredo (coed.); González, Luis Alonso (coed.).jpg",https://elibro.puce.elogim.com/es/lc/puce/titulos/186697/
Medicina,Fundamentos de medicina: medicina vascular,"Gómez Isaza, Luis Felipe",9789588843520,Texto de formación médica dedicado a la medicina vascular y sus principales problemas clínicos. [Precio DEMO en USD.],78.95,"Fundamentos de medicina_ medicina vascular - Gómez Isaza, Luis Felipe.jpg",https://elibro.puce.elogim.com/es/lc/puce/titulos/186709/
Medicina,Fundamentos de medicina: dermatología (8a. ed.),"Falabella Falabella, Rafael; Victoria Chaparro, Jairo; Barona Cabal, María Isabel",DEMO-ISBN-FIS-0003,"Texto de dermatología de la colección Fundamentos de medicina, en su octava edición. [Identificador DEMO; no es un ISBN real.] [Precio DEMO en USD.]",79.95,"Fundamentos de medicina_ dermatología (8a. ed.) - Falabella Falabella, Rafael; Victoria Chaparro, Jairo; Barona Cabal, María Isabel.jpg",https://elibro.puce.elogim.com/es/lc/puce/titulos/186712/
Medicina,Fundamentos de medicina: cardiología (7a. ed.),"Montoya Toro, Mario (ed.)",9789589076460,"Volumen de cardiología de la colección Fundamentos de medicina, editado por Mario Montoya Toro. [Precio DEMO en USD.]",70.95,"Fundamentos de medicina_ cardiología (7a. ed.) - Montoya Toro, Mario (ed.).jpg",https://elibro.puce.elogim.com/es/lc/puce/titulos/186713/
Medicina,Fundamentos de medicina: medicina psicosomática y psiquiatría de enlace,"Vásquez Tirado, Juan David (ed.); Rincón-Hoyos, Hernán Gilberto (ed.)",DEMO-ISBN-FIS-0004,"Volumen sobre las relaciones entre enfermedad física, aspectos psicológicos y psiquiatría de enlace. [Identificador DEMO; no es un ISBN real.] [Precio DEMO en USD.]",53.95,"Fundamentos de medicina_ medicina psicosomática y psiquiatría de enlace - Vásquez Tirado, Juan David (ed.); Rincón-Hoyos, Hernán Gilberto (ed.).jpg",https://elibro.puce.elogim.com/es/lc/puce/titulos/186736/
Medicina,Anestesiología y medicina perioperatoria (5a. ed.),"Aguilera Castro, Fernando (ed.)",9789589327760,Obra de anestesiología que incluye contenidos sobre la atención y el manejo perioperatorios. [Precio DEMO en USD.],75.95,"Anestesiología y medicina perioperatoria (5a. ed.) - Aguilera Castro, Fernando (ed.).jpg",https://elibro.puce.elogim.com/es/lc/puce/titulos/280793/
Medicina,Enfoques en Medicina Interna,"Aguirre Henao, Hernán Darío",9786287505247,Texto dedicado al abordaje de problemas de medicina interna. [Precio DEMO en USD.],89.95,"Enfoques en Medicina Interna - Aguirre Henao, Hernán Darío.jpg",https://elibro.puce.elogim.com/es/lc/puce/titulos/291966/
Medicina,Fundamentos de medicina: enfoque del paciente en medicina intensiva,"González A., Marco A.; Molina S., Francisco J.; Yepes, David; Gil V., Bladimir",DEMO-ISBN-FIS-0005,DEMO: Texto sobre la evaluación y atención del paciente que requiere medicina intensiva. [Identificador DEMO; no es un ISBN real.] [Precio DEMO en USD.],35.95,"Fundamentos de medicina_ enfoque del paciente en medicina intensiva - González A., Marco A.; Molina S., Francisco J.; Yepes, David; Gil V., Bladimir.jpg",https://elibro.puce.elogim.com/es/lc/puce/titulos/292418/
Medicina,Medicina vascular y clínica quirúrgica para estudiantes de medicina,"Ameriso, José Luis",9789871860852,Manual para estudiantes que combina medicina vascular con contenidos de clínica quirúrgica. [Precio DEMO en USD.],42.95,"Medicina vascular y clínica quirúrgica para estudiantes de medicina - Ameriso, José Luis.jpg",https://elibro.puce.elogim.com/es/lc/puce/titulos/299779/
Psicología,Bienestar social y democracia: psicología social,"Uribe Patiño, Francisco Javier (coord.); Acosta Ávila, María Teresa (coord.)",9786074014266,DEMO: Obra colectiva que vincula la psicología social con el bienestar y la democracia. [Precio DEMO en USD.],54.95,"Bienestar social y democracia_ psicología social - Uribe Patiño, Francisco Javier (coord.); Acosta Ávila, María Teresa (coord.).jpg",https://elibro.puce.elogim.com/es/lc/puce/titulos/38444/
Psicología,Neuropsicología del desarrollo infantil,"Rosselli, Mónica; Matute, Esmeralda; Ardila, Alfredo",9786074480436,DEMO: Obra centrada en la neuropsicología del desarrollo infantil y el estudio de las funciones cognitivas durante la infancia. [Precio DEMO en USD.],39.95,"Neuropsicología del desarrollo infantil - Rosselli, Mónica; Matute, Esmeralda; Ardila, Alfredo.jpg",https://elibro.puce.elogim.com/es/lc/puce/titulos/39599/
Psicología,De la psicología cognitiva a la neuropsicología,"Trápaga Ortega, Cristobalina Miriam; Pelayo González, Héctor Juan; Sánchez Ortiz, Ileana; Bello Dávila, Zoe; Bautista Baños, Alfredo",9786074486599,Presenta fundamentos de rehabilitación cognitiva y estrategias de estimulación de capacidades cognitivas y emocionales a lo largo de la vida. [Precio DEMO en USD.],44.95,"De la psicología cognitiva a la neuropsicología - Trápaga Ortega, Cristobalina Miriam; Pelayo González, Héctor Juan; Sánchez Ortiz, Ileana; Bello Dávila, Zoe; Bautista Baños, Alfredo.jpg",https://elibro.puce.elogim.com/es/lc/puce/titulos/39774/
Psicología,Neuropsicología del envejecimiento,"Da Silva Rodrigues, Charles Ysaacc",9786074486896,"Examina la evaluación y la intervención neuropsicológica en el envejecimiento, incluidos los trastornos neurocognitivos y la enfermedad de Alzheimer. [Precio DEMO en USD.]",46.95,"Neuropsicología del envejecimiento - Da Silva Rodrigues, Charles Ysaacc.jpg",https://elibro.puce.elogim.com/es/lc/puce/titulos/39787/
Psicología,Neuropsicología y analfabetismo,"Rivera, Diego; Morlett Paredes, Alejandra; Arango Lasprilla, Juan Carlos",9786074487411,Analiza cómo la escolarización y la alfabetización influyen en el desempeño cognitivo y presenta orientaciones para evaluar a personas analfabetas. [Precio DEMO en USD.],50.95,"Neuropsicología y analfabetismo - Rivera, Diego; Morlett Paredes, Alejandra; Arango Lasprilla, Juan Carlos.jpg",https://elibro.puce.elogim.com/es/lc/puce/titulos/39810/
Psicología,Funciones cerebrales y psicopatología,"Uriarte Bonilla, Víctor R.",9786078283057,DEMO: Obra que relaciona las funciones cerebrales con el estudio de las alteraciones psicopatológicas. [Precio DEMO en USD.],26.95,"Funciones cerebrales y psicopatología - Uriarte Bonilla, Víctor R.jpg",https://elibro.puce.elogim.com/es/lc/puce/titulos/40832/
Psicología,Psicopatología del trabajo,"Dejours, Christophe; Gernet, Isabelle",9788415295570,DEMO: Obra sobre las relaciones entre las condiciones de trabajo y el sufrimiento psíquico. [Precio DEMO en USD.],34.95,"Psicopatología del trabajo - Dejours, Christophe; Gernet, Isabelle.jpg",https://elibro.puce.elogim.com/es/lc/puce/titulos/42096/
Psicología,Psicopatología de la vida amorosa,"Muriana, Emanuela; Verbitz, Tiziana",9788425427282,DEMO: Obra centrada en los problemas psicológicos de la vida amorosa y su abordaje psicoterapéutico. [Precio DEMO en USD.],32.95,"Psicopatología de la vida amorosa - Muriana, Emanuela; Verbitz, Tiziana.jpg",https://elibro.puce.elogim.com/es/lc/puce/titulos/45789/
Psicología,Psicopatología,"Sarráis Oteo, Fernando",9788431331511,DEMO: Texto de psicopatología dedicado al estudio de las alteraciones psicológicas. [Precio DEMO en USD.],24.95,"Psicopatología - Sarráis Oteo, Fernando.jpg",https://elibro.puce.elogim.com/es/lc/puce/titulos/47310/
Psicología,Introducción a la neuropsicología,"Portellano, José Antonio",9788448198213,DEMO: Obra introductoria dedicada al estudio de la neuropsicología y su relación con el funcionamiento cerebral. [Precio DEMO en USD.],41.95,"Introducción a la neuropsicología - Portellano, José Antonio.jpg",https://elibro.puce.elogim.com/es/lc/puce/titulos/50292/
Psicología,Psicopatología y caos,"Bornas, Xavier",9788499163123,"Introduce conceptos de sistemas dinámicos y teoría del caos para estudiar las alteraciones del comportamiento, con aplicaciones a problemas de ansiedad y afectivos. [Precio DEMO en USD.]",43.95,"Psicopatología y caos - Bornas, Xavier.jpg",https://elibro.puce.elogim.com/es/lc/puce/titulos/51252/
Psicología,Psicopatología de la relación conyugal,"Montoya Triviño, Baldomero",9788479784140,DEMO: Estudio de las dificultades psicopatológicas en la relación conyugal. [Precio DEMO en USD.],36.95,"Psicopatología de la relación conyugal - Montoya Triviño, Baldomero.jpg",https://elibro.puce.elogim.com/es/lc/puce/titulos/52971/
Psicología,Psicología Social de Género: proyecto docente,"García Dauder, Silvia",9788490858097,"Propone una perspectiva crítica de género para la docencia y la investigación en psicología social, acompañada de actividades de formación. [Precio DEMO en USD.]",36.95,"Psicología Social de Género_ proyecto docente - García Dauder, Silvia.jpg",https://elibro.puce.elogim.com/es/lc/puce/titulos/58284/
Psicología,Escuela y psicopatología,"Miralles Muñoz, Fernando (ed.); Cima Muñoz, Amable Manuel (ed.)",DEMO-ISBN-FIS-0006,DEMO: Obra colectiva sobre la relación entre el contexto escolar y la psicopatología. [Identificador DEMO; no es un ISBN real.] [Precio DEMO en USD.],41.95,"Escuela y psicopatología - Miralles Muñoz, Fernando (ed.); Cima Muñoz, Amable Manuel (ed.).jpg",https://elibro.puce.elogim.com/es/lc/puce/titulos/59629/
Psicología,Psicología social de la comunicación: aspectos teóricos y prácticos,"Moral, Félix; Igartua, Juan José",DEMO-ISBN-FIS-0007,DEMO: Obra sobre aspectos teóricos y prácticos de la comunicación desde la psicología social. [Identificador DEMO; no es un ISBN real.] [Precio DEMO en USD.],48.95,"Psicología social de la comunicación_ aspectos teóricos y prácticos - Moral, Félix; Igartua, Juan José.jpg",https://elibro.puce.elogim.com/es/lc/puce/titulos/60488/
Psicología,Psicología social y de las organizaciones: comportamientos interpersonales,"Alonso García, Catalina M.; Gallego Gil, Domingo J.; Ongallo Chanclon, Carlos",DEMO-ISBN-FIS-0008,DEMO: Obra sobre los comportamientos interpersonales desde la psicología social y de las organizaciones. [Identificador DEMO; no es un ISBN real.] [Precio DEMO en USD.],47.95,"Psicología social y de las organizaciones_ comportamientos interpersonales - Alonso García, Catalina M.; Gallego Gil, Domingo J.; Ongallo Chanclon, Carlos.jpg",https://elibro.puce.elogim.com/es/lc/puce/titulos/60836/
Psicología,Psicopatología básica (5a. ed.),"Hernández Bayona, Guillermo",DEMO-ISBN-FIS-0009,DEMO: Manual básico dedicado a conceptos y problemas del campo de la psicopatología. [Identificador DEMO; no es un ISBN real.] [Precio DEMO en USD.],34.95,"Psicopatología básica (5a. ed.) - Hernández Bayona, Guillermo.jpg",https://elibro.puce.elogim.com/es/lc/puce/titulos/69322/
Psicología,Psicología social de la salud: promoción y prevención,"Flórez Alarcón, Luis",9789589446188,"Relaciona la psicología con la salud y la calidad de vida, considerando el papel de la conducta humana en estos procesos. [Precio DEMO en USD.]",36.95,"Psicología social de la salud_ promoción y prevención - Flórez Alarcón, Luis.jpg",https://elibro.puce.elogim.com/es/lc/puce/titulos/71142/
Psicología,Psicología social crítica,"Ovejero, Anastasio (coord.); Ramos, Júpiter (coord.)",9788499402024,"Reúne perspectivas teóricas y aplicadas que revisan críticamente la historia y los objetivos de la psicología social, con contribuciones de distintos contextos académicos. [Precio DEMO en USD.]",30.95,"Psicología social crítica - Ovejero, Anastasio (coord.); Ramos, Júpiter (coord.).jpg",https://elibro.puce.elogim.com/es/lc/puce/titulos/106697/
Psicología,Psicología social: algunas claves para entender la conducta humana,"Ovejero Bernal, Anastasio",9788499401553,"Explora la influencia de las situaciones sociales, la pertenencia, la autoestima y la identidad en la conducta humana. [Precio DEMO en USD.]",41.95,"Psicología social_ algunas claves para entender la conducta humana - Ovejero Bernal, Anastasio.jpg",https://elibro.puce.elogim.com/es/lc/puce/titulos/112862/
Psicología,Manual de psicopatología clínica (2a. ed.),"Jarne, Adolfo (comp.); Talarn Caparrós, Antoni (comp.)",DEMO-ISBN-FIS-0010,DEMO: Manual colectivo de referencia sobre psicopatología clínica en su segunda edición. [Identificador DEMO; no es un ISBN real.] [Precio DEMO en USD.],23.95,"Manual de psicopatología clínica (2a. ed.) - Jarne, Adolfo (comp.); Talarn Caparrós, Antoni (comp.).jpg",https://elibro.puce.elogim.com/es/lc/puce/titulos/114406/
Psicología,50 experimentos imprescindibles para entender la psicología social,"Rodríguez, Armando (coord.); Morales Domínguez, José Francisco (coord.); Delgado Rodríguez, Naira (coord.); Betancort Rodríguez, Verónica (coord.)",9788491044338,Presenta cincuenta experimentos sobre comportamiento social y explica las preguntas y situaciones de investigación que los hicieron relevantes. [Precio DEMO en USD.],25.95,"50 experimentos imprescindibles para entender la psicología social - Rodríguez, Armando (coord.); Morales Domínguez, José Francisco (coord.); Delgado Rodríguez, Naira (coord.); Betancort Rodríguez, Verónica (coord.).jpg",https://elibro.puce.elogim.com/es/lc/puce/titulos/115677/
Psicología,Neuropsicología infantil,"Arango Lasprilla, Juan Carlos (ed.); Rivera, Diego (ed.); Olabarrieta Landa, Laiene (ed.)",9789588993157,"Aborda alteraciones cognitivas y del aprendizaje en niños y adolescentes, junto con métodos y pruebas de evaluación neuropsicológica en población hispanohablante. [Precio DEMO en USD.]",40.95,"Neuropsicología infantil - Arango Lasprilla, Juan Carlos (ed.); Rivera, Diego (ed.); Olabarrieta Landa, Laiene (ed.).jpg",https://elibro.puce.elogim.com/es/lc/puce/titulos/128416/
Psicología,"Tres perspectivas en psicología social: paradigmas latinoamericano, europeo y estadounidense","Bautista Cárdenas, Nelly Patricia",9789588993270,"Compara aportaciones latinoamericanas, europeas y estadounidenses a la psicología social, atendiendo a sus contextos y diversidad cultural. [Precio DEMO en USD.]",24.95,"Tres perspectivas en psicología social_ paradigmas latinoamericano, europeo y estadounidense - Bautista Cárdenas, Nelly Patricia.jpg",https://elibro.puce.elogim.com/es/lc/puce/titulos/128417/
Psicología,Psicología social y justicia,"Ruiz Pérez, José Ignacio (ed.)",9789587619560,"DEMO: Obra colectiva sobre las relaciones entre psicología social, justicia y problemas de violencia. [Precio DEMO en USD.]",45.95,"Psicología social y justicia - Ruiz Pérez, José Ignacio (ed.).jpg",https://elibro.puce.elogim.com/es/lc/puce/titulos/130020/
Psicología,El marco teórico de la psicología social,"Pons Diez, Xavier",DEMO-ISBN-FIS-0011,"Revisa el desarrollo histórico y las principales orientaciones teóricas de la psicología social, incluyendo propuestas menos habituales en los manuales. [Identificador DEMO; no es un ISBN real.] [Precio DEMO en USD.]",37.95,"El marco teórico de la psicología social - Pons Diez, Xavier.jpg",https://elibro.puce.elogim.com/es/lc/puce/titulos/212765/
Psicología,Neuropsicología escolar,"Arévalo Parra, Jéssica Marcela",9789588993782,"Relaciona los procesos cognitivos, emocionales y de desarrollo con el aprendizaje escolar y las interacciones entre estudiantes y docentes. [Precio DEMO en USD.]",46.95,"Neuropsicología escolar - Arévalo Parra, Jéssica Marcela.jpg",https://elibro.puce.elogim.com/es/lc/puce/titulos/219483/
Psicología,Lecciones de psicología social,"Soto Ramírez, Juan (ed.); Huidobro Márquez, Juan Carlos (ed.); Carrasco Tapias, Nayib (ed.)",9789587604214,"Reúne investigaciones y debates teóricos sobre distintos enfoques de la psicología social, con temas como memoria, política, envejecimiento y participación social. [Precio DEMO en USD.]",23.95,"Lecciones de psicología social - Soto Ramírez, Juan (ed.); Huidobro Márquez, Juan Carlos (ed.); Carrasco Tapias, Nayib (ed.).jpg",https://elibro.puce.elogim.com/es/lc/puce/titulos/235981/
Psicología,Neuropsicología clínica (2a. ed.),"Ardila, Alfredo; Rosselli, Mónica",9786074488074,"Texto de orientación clínica sobre síndromes asociados al daño cerebral, desarrollo, envejecimiento, diagnóstico y rehabilitación neuropsicológica. [Precio DEMO en USD.]",41.95,"Neuropsicología clínica (2a. ed.) - Ardila, Alfredo; Rosselli, Mónica.jpg",https://elibro.puce.elogim.com/es/lc/puce/titulos/242475/
Psicología,Psicología Social: la importancia de los otros y de los grupos,"Navas Luque, Marisol",DEMO-ISBN-FIS-0012,"Explica la pertenencia a grupos y la exclusión social mediante procesos como el prejuicio, la discriminación, la estigmatización y la deshumanización. [Identificador DEMO; no es un ISBN real.] [Precio DEMO en USD.]",49.95,"Psicología Social_ la importancia de los otros y de los grupos - Navas Luque, Marisol.jpg",https://elibro.puce.elogim.com/es/lc/puce/titulos/281230/
Filosofía,Filosofía de la convivencia,"Buatu Batubenge, Omer (coord.); Panduro Muñoz, Benjamín (coord.); Mancilla Margalli, Adriana Elizabeth (coord.)",9786078289646,"Estudios filosóficos sobre la convivencia, la diversidad cultural y las condiciones de una sociedad incluyente. [Precio DEMO en USD.]",17.95,"Filosofía de la convivencia - Buatu Batubenge, Omer (coord.); Panduro Muñoz, Benjamín (coord.); Mancilla Margalli, Adriana Elizabeth (coord.).jpg",https://elibro.puce.elogim.com/es/lc/puce/titulos/40911
Filosofía,Educación y filosofía,"Degante Castañeda, Candelario (coord.); Maldonado Gómez, Humberto (coord.); Julián Pérez, María Antonieta (coord.)",9786079124793,"Reflexiones sobre la relación entre educación, filosofía y formación de valores humanos. [Precio DEMO en USD.]",35.95,"Educación y filosofía - Degante Castañeda, Candelario (coord.); Maldonado Gómez, Humberto (coord.); Julián Pérez, María Antonieta (coord.).jpg",https://elibro.puce.elogim.com/es/lc/puce/titulos/41033
Filosofía,La filosofía de la religión,"Grondin, Jean",9788425426551,DEMO: Estudio de las preguntas filosóficas que surgen de la religión y de su interpretación. [Precio DEMO en USD.],17.95,"La filosofía de la religión - Grondin, Jean.jpg",https://elibro.puce.elogim.com/es/lc/puce/titulos/45767
Filosofía,Introducción a la filosofía (3a. ed.),"Polo Barrena, Leonardo",9788431321802,"DEMO: Introducción general al estudio y la reflexión filosóficos, en su tercera edición. [Precio DEMO en USD.]",32.95,"Introducción a la filosofía (3a. ed.) - Polo Barrena, Leonardo.jpg",https://elibro.puce.elogim.com/es/lc/puce/titulos/46931
Filosofía,Filosofía de la historia (3a. ed.),"Cruz Cruz, Juan",9788431325244,"DEMO: Análisis filosófico del conocimiento histórico, la estructura de los hechos y el sentido de la historia. [Precio DEMO en USD.]",22.95,"Filosofía de la historia (3a. ed.) - Cruz Cruz, Juan.jpg",https://elibro.puce.elogim.com/es/lc/puce/titulos/47023
Filosofía,Filosofía de la educación (3a. ed.),"Altarejos, Francisco; Naval, Concepción",9788431327552,"DEMO: Estudio de los fundamentos y problemas filosóficos de la educación, en su tercera edición. [Precio DEMO en USD.]",29.95,"Filosofía de la educación (3a. ed.) - Altarejos, Francisco; Naval, Concepción.jpg",https://elibro.puce.elogim.com/es/lc/puce/titulos/47101
Filosofía,Filosofía de la ciencia,"Herce, Rubén",9788431331085,DEMO: Introducción a la filosofía de la ciencia y sus vínculos con la teoría del conocimiento. [Precio DEMO en USD.],23.95,"Filosofía de la ciencia - Herce, Rubén.jpg",https://elibro.puce.elogim.com/es/lc/puce/titulos/47268
Filosofía,Filosofía política,Norbert Bilbeny,9788497884556,DEMO: Estudio introductorio de las cuestiones filosóficas de la política. [Precio DEMO en USD.],32.95,Filosofía política - Norbert Bilbeny.jpg,https://elibro.puce.elogim.com/es/lc/puce/titulos/56653
Filosofía,Filosofía fundamental,"Tomar Romero, Francisca",9788490310304,DEMO: Presentación de cuestiones fundamentales de la filosofía. [Precio DEMO en USD.],24.95,"Filosofía fundamental - Tomar Romero, Francisca.jpg",https://elibro.puce.elogim.com/es/lc/puce/titulos/56775
Filosofía,Filosofía de la inteligencia,"Oriol, Manuel (ed.)",DEMO-ISBN-FIS-0013,DEMO: Volumen editado por Manuel Oriol sobre la inteligencia y sus implicaciones filosóficas. [Identificador DEMO; no es un ISBN real.] [Precio DEMO en USD.],18.95,"Filosofía de la inteligencia - Oriol, Manuel (ed.).jpg",https://elibro.puce.elogim.com/es/lc/puce/titulos/59630
Filosofía,Filosofía para médicos,"Bunge, Mario",9788497847391,DEMO: Reflexiones sobre la filosofía y sus relaciones con la medicina. [Precio DEMO en USD.],30.95,"Filosofía para médicos - Bunge, Mario.jpg",https://elibro.puce.elogim.com/es/lc/puce/titulos/61165
Filosofía,Misticismo y filosofía,"Uribe Botero, Ángela (ed.); Gómez Rincón, Carlos Miguel (ed.)",9789587386554,"Artículos sobre conocimiento, lenguaje y experiencia estética en distintas tradiciones místicas. [Precio DEMO en USD.]",23.95,"Misticismo y filosofía - Uribe Botero, Ángela (ed.); Gómez Rincón, Carlos Miguel (ed.).jpg",https://elibro.puce.elogim.com/es/lc/puce/titulos/69705
Filosofía,El mito de la filosofía,"Ferro Bayona, Jesús",9789587416503,"DEMO: Reflexiones filosóficas en torno al mito, el dolor y autores como Baudelaire, Lévi-Strauss y Sartre. [Precio DEMO en USD.]",36.95,"El mito de la filosofía - Ferro Bayona, Jesús.jpg",https://elibro.puce.elogim.com/es/lc/puce/titulos/69977
Filosofía,Filosofía,"Costa, Ivana; Divenosa, Marisa",9789879493168,DEMO: Texto introductorio para la enseñanza media que presenta problemas y conceptos filosóficos. [Precio DEMO en USD.],23.95,"Filosofía - Costa, Ivana; Divenosa, Marisa.jpg",https://elibro.puce.elogim.com/es/lc/puce/titulos/78949
Filosofía,Filosofía de la imagen,"García Varas, Ana (ed.)",DEMO-ISBN-FIS-0014,"Recopilación de textos sobre la imagen, la representación visual y su papel en el pensamiento contemporáneo. [Identificador DEMO; no es un ISBN real.] [Precio DEMO en USD.]",27.95,"Filosofía de la imagen - García Varas, Ana (ed.).jpg",https://elibro.puce.elogim.com/es/lc/puce/titulos/113899
Filosofía,Filosofía ciudadana,"Quintanilla, Miguel Á.",9788498798098,"Reflexión sobre los desafíos ciudadanos que plantean las relaciones entre ciencia, tecnología, sociedad y política. [Precio DEMO en USD.]",15.95,"Filosofía ciudadana - Quintanilla, Miguel Á.jpg",https://elibro.puce.elogim.com/es/lc/puce/titulos/126172
Filosofía,Otra filosofía cristiana,"González Fernández, Enrique",9788425443695,Propuesta de filosofía cristiana que vuelve al Evangelio como punto de partida para la reflexión. [Precio DEMO en USD.],35.95,"Otra filosofía cristiana - González Fernández, Enrique.jpg",https://elibro.puce.elogim.com/es/lc/puce/titulos/126189
Filosofía,¿...Enseñar filosofía?,"León Gómez, Adolfo",9789586704854,"Tres ensayos que examinan qué es la filosofía, cómo se enseña y cómo se relaciona con su historia. [Precio DEMO en USD.]",34.95,"¿...Enseñar filosofía_ - León Gómez, Adolfo.jpg",https://elibro.puce.elogim.com/es/lc/puce/titulos/175382
Filosofía,¿Qué es la filosofía? (3a. ed.),"Feinmann, José Pablo",9789875740884,Curso que explora qué es la filosofía y cómo sus preguntas transforman las ideas de pensadores anteriores. [Precio DEMO en USD.],25.95,"¿Qué es la filosofía_ (3a. ed.) - Feinmann, José Pablo.jpg",https://elibro.puce.elogim.com/es/lc/puce/titulos/187892
Filosofía,Filosofía en diálogo,"Cárcamo Aguad, Rodrigo",9789878331508,"Exploración del diálogo como forma de practicar la filosofía, a través de conversaciones con distintos pensadores. [Precio DEMO en USD.]",20.95,"Filosofía en diálogo - Cárcamo Aguad, Rodrigo.jpg",https://elibro.puce.elogim.com/es/lc/puce/titulos/188187
Filosofía,Filosofía del espíritu,"Hegel, Georg Wilhelm Friedrich",DEMO-ISBN-FIS-0015,DEMO: Edición de la obra de Hegel dedicada a la filosofía del espíritu. [Identificador DEMO; no es un ISBN real.] [Precio DEMO en USD.],37.95,"Filosofía del espíritu - Hegel, Georg Wilhelm Friedrich.jpg",https://elibro.puce.elogim.com/es/lc/puce/titulos/190904
Filosofía,Filosofía de las artes,"Weitz, Morris",9789875748842,Análisis filosófico de la expresión artística y de la relación inseparable entre forma y contenido. [Precio DEMO en USD.],37.95,"Filosofía de las artes - Weitz, Morris.jpg",https://elibro.puce.elogim.com/es/lc/puce/titulos/191383
Filosofía,¿Qué es la filosofía judía?,"Bensussan, Gérard",9789875746343,"Introducción histórica a la filosofía judía mediante sus tradiciones alejandrina, arabo-medieval y alemana. [Precio DEMO en USD.]",19.95,"¿Qué es la filosofía judía_ - Bensussan, Gérard.jpg",https://elibro.puce.elogim.com/es/lc/puce/titulos/191389
Filosofía,Fragmentos para una filosofía,"Blanchot, Maurice",9789875749771,"Fragmentos de Blanchot que cuestionan la totalidad y la organización del pensamiento, reunidos por Noelia Billi. [Precio DEMO en USD.]",18.95,"Fragmentos para una filosofía - Blanchot, Maurice.jpg",https://elibro.puce.elogim.com/es/lc/puce/titulos/203010
Filosofía,La filosofía del engaño,"Falcón, Lidia",9788418550768,"DEMO: Reflexión sobre la desinformación, la verdad y la mentira en la vida política. [Precio DEMO en USD.]",18.95,"La filosofía del engaño - Falcón, Lidia.jpg",https://elibro.puce.elogim.com/es/lc/puce/titulos/209572
Filosofía,Filosofia de la tecnologia,"Bunge, Mario",DEMO-ISBN-FIS-0016,Selección en catalán de textos de Mario Bunge sobre la tecnología y su dimensión filosófica. [Identificador DEMO; no es un ISBN real.] [Precio DEMO en USD.],32.95,"Filosofia de la tecnologia - Bunge, Mario.jpg",https://elibro.puce.elogim.com/es/lc/puce/titulos/213696
Filosofía,Qué es y para qué sirve la filosofía,"Maldonado Ortega, Rubén",DEMO-ISBN-FIS-0017,"Presentación divulgativa de la filosofía, sus recorridos históricos y su utilidad para comprender la vida. [Identificador DEMO; no es un ISBN real.] [Precio DEMO en USD.]",34.95,"Qué es y para qué sirve la filosofía - Maldonado Ortega, Rubén.jpg",https://elibro.puce.elogim.com/es/lc/puce/titulos/214575
Filosofía,Filosofía de la redención,"Mainländer, Philipp",9788491819097,Edición de la obra filosófica de Philipp Mainländer sobre la redención y el nihilismo. [Precio DEMO en USD.],18.95,"Filosofía de la redención - Mainländer, Philipp.jpg",https://elibro.puce.elogim.com/es/lc/puce/titulos/215557
Filosofía,Filosofía: ¿Por qué importa?,"Beebee, Helen; Rush, Michael",9788413620701,"Exploración de la relevancia práctica de la filosofía para examinar argumentos, prejuicios y decisiones. [Precio DEMO en USD.]",19.95,"Filosofía_ ¿Por qué importa_ - Beebee, Helen; Rush, Michael.jpg",https://elibro.puce.elogim.com/es/lc/puce/titulos/216032
Filosofía,Filosofía para princesas,"Leibniz, G. W.",9788491815211,"Selección de correspondencia filosófica de Leibniz con princesas, reunida por Javier Echeverría. [Precio DEMO en USD.]",22.95,"Filosofía para princesas - Leibniz, G. W.jpg",https://elibro.puce.elogim.com/es/lc/puce/titulos/217195
Matemáticas,Fundamentos matemáticos de la ingeniería,"Kindelán, Ultano",9788498491104,DEMO: Obra sobre fundamentos matemáticos vinculados a la ingeniería. [Precio DEMO en USD.],48.95,"Fundamentos matemáticos de la ingeniería - Kindelán, Ultano.jpg",https://elibro.puce.elogim.com/es/lc/puce/titulos/35676
Matemáticas,Razonamiento y lenguaje matemático,"Roldán Inguanzo, Rita Alejandra",DEMO-ISBN-FIS-0018,DEMO: Referencia académica sobre razonamiento y lenguaje matemático. [Identificador DEMO; no es un ISBN real.] [Precio DEMO en USD.],54.95,"Razonamiento y lenguaje matemático - Roldán Inguanzo, Rita Alejandra.jpg",https://elibro.puce.elogim.com/es/lc/puce/titulos/36731
Matemáticas,Matemáticas 1 (2a. ed.),"Ortiz Campos, Francisco José",9786074385434,"Ofrece conceptos, problemas y ejercicios de matemática básica organizados en diez bloques de aprendizaje. [Precio DEMO en USD.]",40.95,"Matemáticas 1 (2a. ed.) - Ortiz Campos, Francisco José.jpg",https://elibro.puce.elogim.com/es/lc/puce/titulos/39499
Matemáticas,Fundamentos de análisis matemático,"Cuartero Ruiz, Bienvenido",DEMO-ISBN-FIS-0019,"Estudia números reales, funciones, derivación, integración de Lebesgue y técnicas de cálculo de integrales. [Identificador DEMO; no es un ISBN real.] [Precio DEMO en USD.]",56.95,"Fundamentos de análisis matemático - Cuartero Ruiz, Bienvenido.jpg",https://elibro.puce.elogim.com/es/lc/puce/titulos/41939
Matemáticas,Matemáticas en la vida cotidiana,"Quesada Teruel, José María (coord.)",DEMO-ISBN-FIS-0020,DEMO: Obra sobre la relación entre las matemáticas y la vida cotidiana. [Identificador DEMO; no es un ISBN real.] [Precio DEMO en USD.],23.95,"Matemáticas en la vida cotidiana - Quesada Teruel, José María (coord.).jpg",https://elibro.puce.elogim.com/es/lc/puce/titulos/44690
Matemáticas,Retos matemáticos con soluciones,"Flaquer, Juan; Puente, David",9788431328061,"DEMO: Libro de retos matemáticos con soluciones, según su título. [Precio DEMO en USD.]",41.95,"Retos matemáticos con soluciones - Flaquer, Juan; Puente, David.jpg",https://elibro.puce.elogim.com/es/lc/puce/titulos/47112
Matemáticas,Matemáticas financieras,"Gutiérrez Banegas, Miguel Ángel",9786078628711,Aborda problemas financieros con ejemplos cotidianos y ejercicios apoyados en hojas de cálculo. [Precio DEMO en USD.],56.95,"Matemáticas financieras - Gutiérrez Banegas, Miguel Ángel.jpg",https://elibro.puce.elogim.com/es/lc/puce/titulos/130920
Matemáticas,Las matemáticas de la pandemia,"Gómez Corral, Antonio; León, Manuel de",9788400107055,Explica cómo los modelos matemáticos ayudan a estudiar la propagación de epidemias y a anticipar su evolución. [Precio DEMO en USD.],24.95,"Las matemáticas de la pandemia - Gómez Corral, Antonio; León, Manuel de.jpg",https://elibro.puce.elogim.com/es/lc/puce/titulos/170282
Matemáticas,Matemática fundamental para matemáticos,"Robledo Potes, Jaime",9789587651065,Material universitario de matemática fundamental orientado al estudio riguroso de la disciplina. [Precio DEMO en USD.],55.95,"Matemática fundamental para matemáticos - Robledo Potes, Jaime.jpg",https://elibro.puce.elogim.com/es/lc/puce/titulos/175410
Matemáticas,Matemática hoy,"Rafael Uribe, Leonidas",9789945870305,Texto de matemática básica con actividades prácticas y notas sobre figuras históricas de la disciplina. [Precio DEMO en USD.],49.95,"Matemática hoy - Rafael Uribe, Leonidas.jpg",https://elibro.puce.elogim.com/es/lc/puce/titulos/175802
Matemáticas,Análisis matemático,"Gómez López, Nelson",DEMO-ISBN-FIS-0021,"Introducción al análisis de números, funciones, sucesiones y series, con énfasis en el razonamiento y las demostraciones. [Identificador DEMO; no es un ISBN real.] [Precio DEMO en USD.]",30.95,"Análisis matemático - Gómez López, Nelson.jpg",https://elibro.puce.elogim.com/es/lc/puce/titulos/175890
Matemáticas,Matemática superior,"Morales Urbina, Esther María; Vargas Villegas, Elizabeth; Núñez, Luis Alfredo; Gutiérrez Tovar, Yael Emilio",DEMO-ISBN-FIS-0022,"Presenta lógica y teoría de conjuntos mediante ejemplos, ejercicios y demostraciones para estudiantes universitarios. [Identificador DEMO; no es un ISBN real.] [Precio DEMO en USD.]",45.95,"Matemática superior - Morales Urbina, Esther María; Vargas Villegas, Elizabeth; Núñez, Luis Alfredo; Gutiérrez Tovar, Yael Emilio.jpg",https://elibro.puce.elogim.com/es/lc/puce/titulos/176646
Matemáticas,Matemáticas fundamentales,"Villagrán Campos, Eduvina",9789567052066,Manual de matemáticas básicas dirigido a los primeros cursos universitarios. [Precio DEMO en USD.],33.95,"Matemáticas fundamentales - Villagrán Campos, Eduvina.jpg",https://elibro.puce.elogim.com/es/lc/puce/titulos/190600
Matemáticas,Matemáticas de colores,"Montejano, Amanda",9786071672780,"Introduce el teorema de los cuatro colores y las ideas de grafos, mapas y coloraciones necesarias para comprenderlo. [Precio DEMO en USD.]",44.95,"Matemáticas de colores - Montejano, Amanda.jpg",https://elibro.puce.elogim.com/es/lc/puce/titulos/216197
Matemáticas,Métodos matemáticos (2a. ed.),"Téllez Acosta, Gabriel",9789587981827,"DEMO: Referencia académica de métodos matemáticos, identificada como segunda edición. [Precio DEMO en USD.]",36.95,"Métodos matemáticos (2a. ed.) - Téllez Acosta, Gabriel.jpg",https://elibro.puce.elogim.com/es/lc/puce/titulos/218340
Matemáticas,Matemáticas con GeoGebra,"Carrillo de Albornoz Torres, Agustín; Llamas Centeno, Inmaculada",DEMO-ISBN-FIS-0023,"Guía práctica de herramientas y actividades de GeoGebra aplicadas a geometría, álgebra, cálculo y estadística. [Identificador DEMO; no es un ISBN real.] [Precio DEMO en USD.]",58.95,"Matemáticas con GeoGebra - Carrillo de Albornoz Torres, Agustín; Llamas Centeno, Inmaculada.jpg",https://elibro.puce.elogim.com/es/lc/puce/titulos/222652
Matemáticas,Matemática 4,"Covelo, Laura; Covelo, María Eugenia",9789878461755,DEMO: Obra de matemáticas presentada en el catálogo con el título Matemática 4. [Precio DEMO en USD.],32.95,"Matemática 4 - Covelo, Laura; Covelo, María Eugenia.jpg",https://elibro.puce.elogim.com/es/lc/puce/titulos/227602
Matemáticas,Matemáticas y literatura,"Macho Stadler, Marta",9788413523019,"Explora ideas matemáticas presentes en novelas, relatos, poemas y cómics, con posibilidades de uso en el aula. [Precio DEMO en USD.]",29.95,"Matemáticas y literatura - Macho Stadler, Marta.jpg",https://elibro.puce.elogim.com/es/lc/puce/titulos/233505
Matemáticas,Matemáticas competentes,"Valdecantos Dema, Teresa",9788413523965,Vincula aportaciones de mujeres matemáticas con contenidos escolares y actividades para estudiantes preuniversitarios. [Precio DEMO en USD.],46.95,"Matemáticas competentes - Valdecantos Dema, Teresa.jpg",https://elibro.puce.elogim.com/es/lc/puce/titulos/235663
Matemáticas,Matemáticas y deporte,"González Ogando, Paulo",9788413524290,"Analiza situaciones deportivas mediante aritmética, geometría, álgebra, probabilidad y estadística. [Precio DEMO en USD.]",36.95,"Matemáticas y deporte - González Ogando, Paulo.jpg",https://elibro.puce.elogim.com/es/lc/puce/titulos/235664
Matemáticas,Matemática básica,"González Pulido, José Weymar; Chacón Benavides, José Antonio; Fonseca Correa, Luís Ángel",DEMO-ISBN-FIS-0024,DEMO: Referencia académica dedicada a matemática básica. [Identificador DEMO; no es un ISBN real.] [Precio DEMO en USD.],36.95,"Matemática básica - González Pulido, José Weymar; Chacón Benavides, José Antonio; Fonseca Correa, Luís Ángel.jpg",https://elibro.puce.elogim.com/es/lc/puce/titulos/280647
Matemáticas,Matemáticas x matemáticas,"Macho Stadler, Marta",DEMO-ISBN-FIS-0025,Recupera las trayectorias y contribuciones de veinte mujeres vinculadas a la investigación y enseñanza de las matemáticas. [Identificador DEMO; no es un ISBN real.] [Precio DEMO en USD.],48.95,"Matemáticas x matemáticas - Macho Stadler, Marta.jpg",https://elibro.puce.elogim.com/es/lc/puce/titulos/284719
Matemáticas,Cimientos matemáticos,"Pérez, Eric Pauli",DEMO-ISBN-FIS-0026,Reúne nociones y estrategias de razonamiento que preparan al estudiante para las matemáticas universitarias. [Identificador DEMO; no es un ISBN real.] [Precio DEMO en USD.],24.95,"Cimientos matemáticos - Pérez, Eric Pauli.jpg",https://elibro.puce.elogim.com/es/lc/puce/titulos/285322
Matemáticas,Fundamentos de la matemática,"Uzcátegui Aylwin, Carlos Enrique",9786287768277,Presenta herramientas iniciales de la matemática formal con ejemplos que apoyan la comprensión de conceptos y procedimientos. [Precio DEMO en USD.],38.95,"Fundamentos de la matemática - Uzcátegui Aylwin, Carlos Enrique.jpg",https://elibro.puce.elogim.com/es/lc/puce/titulos/288457
Matemáticas,Matemáticas empresariales,"Ivorra, Carlos; Juan, Carmen",9788437068480,"Desarrolla matemáticas para estudios empresariales, conectando la teoría con contextos de otras asignaturas. [Precio DEMO en USD.]",63.95,"Matemáticas empresariales - Ivorra, Carlos; Juan, Carmen.jpg",https://elibro.puce.elogim.com/es/lc/puce/titulos/293121
Matemáticas,Las matemáticas del cosmos,"Stewart, Ian",DEMO-ISBN-FIS-0027,"Explica las ideas matemáticas y físicas utilizadas para estudiar el universo, desde la gravedad hasta la cosmología. [Identificador DEMO; no es un ISBN real.] [Precio DEMO en USD.]",34.95,"Las matemáticas del cosmos - Stewart, Ian.jpg",https://elibro.puce.elogim.com/es/lc/puce/titulos/293177
Matemáticas,Los Simpson y las matemáticas,"Singh, Simon",DEMO-ISBN-FIS-0028,Recorre conceptos y paradojas matemáticas a través de referencias presentes en la serie Los Simpson. [Identificador DEMO; no es un ISBN real.] [Precio DEMO en USD.],56.95,"Los Simpson y las matemáticas - Singh, Simon.jpg",https://elibro.puce.elogim.com/es/lc/puce/titulos/293542
Matemáticas,Matemáticas y deportes,"Hernandez Garciadiego, Carlos",DEMO-ISBN-FIS-0029,Relaciona deportes con gráficas y estadística mediante ejemplos de competiciones y juegos. [Identificador DEMO; no es un ISBN real.] [Precio DEMO en USD.],32.95,"Matemáticas y deportes - Hernandez Garciadiego, Carlos.jpg",https://elibro.puce.elogim.com/es/lc/puce/titulos/293647
Matemáticas,Locos por las matemáticas,"Stewart, Ian",DEMO-ISBN-FIS-0030,"Propone juegos, problemas y curiosidades que muestran usos recreativos del razonamiento matemático. [Identificador DEMO; no es un ISBN real.] [Precio DEMO en USD.]",30.95,"Locos por las matemáticas - Stewart, Ian.jpg",https://elibro.puce.elogim.com/es/lc/puce/titulos/294202
Matemáticas,¿Para qué sirven las matemáticas?,"León, Manuel de; Timón GarcíaLongoria, Ágata",9788410675452,"Relata cómo ideas matemáticas abstractas han adquirido aplicaciones en la ciencia, la tecnología y la vida cotidiana. [Precio DEMO en USD.]",43.95,"¿Para qué sirven las matemáticas_ - León, Manuel de; Timón GarcíaLongoria, Ágata.jpg",https://elibro.puce.elogim.com/es/lc/puce/titulos/296085
Infantil y Juvenil,Cuentos de Andersen. Tomo I,"Andersen, Hans Christian",9781413510683,"DEMO: Primer tomo de cuentos de Hans Christian Andersen, dentro de la tradición de relatos de hadas para lectores infantiles y juveniles. [Precio DEMO en USD.]",20.95,"Cuentos de Andersen. Tomo I - Andersen, Hans Christian.jpg",https://elibro.puce.elogim.com/es/lc/puce/titulos/35347
Infantil y Juvenil,Cuentos de Andersen. Tomo II,"Andersen, Hans Christian",9781413576580,"DEMO: Segundo tomo de cuentos de Hans Christian Andersen, con relatos clásicos de literatura infantil y juvenil. [Precio DEMO en USD.]",18.95,"Cuentos de Andersen. Tomo II - Andersen, Hans Christian.jpg",https://elibro.puce.elogim.com/es/lc/puce/titulos/35382
Infantil y Juvenil,Cuentos de la selva,"Quiroga, Horacio",9788497429009,"Relatos protagonizados por animales de la selva misionera que afrontan conflictos, rivalidades y desafíos de supervivencia. [Precio DEMO en USD.]",13.95,"Cuentos de la selva - Quiroga, Horacio.jpg",https://elibro.puce.elogim.com/es/lc/puce/titulos/111845
Infantil y Juvenil,Las aventuras de Pinocho,"Collodi, Carlo",9788446029328,DEMO: Clásico infantil de Carlo Collodi sobre las aventuras del muñeco Pinocho. [Precio DEMO en USD.],17.95,"Las aventuras de Pinocho - Collodi, Carlo.jpg",https://elibro.puce.elogim.com/es/lc/puce/titulos/116636
Infantil y Juvenil,Alicia a través del espejo y lo que encontró allí,"Carroll, Lewis",9786079443672,"Alicia atraviesa un espejo y viaja por un mundo invertido de criaturas extraordinarias, juegos de lenguaje y situaciones inspiradas en el ajedrez. [Precio DEMO en USD.]",10.95,"Alicia a través del espejo y lo que encontró allí - Carroll, Lewis.jpg",https://elibro.puce.elogim.com/es/lc/puce/titulos/127201
Infantil y Juvenil,El Principito,"Saint-Exupéry, Antoine de",9786079106058,Un piloto encuentra en el desierto a un pequeño viajero que le relata sus visitas a otros planetas y su vínculo con una rosa. [Precio DEMO en USD.],15.95,"El Principito - Saint-Exupéry, Antoine de.jpg",https://elibro.puce.elogim.com/es/lc/puce/titulos/130433
Infantil y Juvenil,Alicia en el país de las maravillas,"Carroll, Lewis",9786079315764,"Alicia explora un mundo fantástico de cambios de tamaño, criaturas parlantes y encuentros sorprendentes. [Precio DEMO en USD.]",11.95,"Alicia en el país de las maravillas - Carroll, Lewis.jpg",https://elibro.puce.elogim.com/es/lc/puce/titulos/130438
Infantil y Juvenil,El hijo de las escobas,"Bargas, Esteban",9789878321783,"Novela juvenil ambientada en Buenos Aires en 1907, centrada en un joven obrero y la Huelga de Inquilinos. [Precio DEMO en USD.]",10.95,"El hijo de las escobas - Bargas, Esteban.jpg",https://elibro.puce.elogim.com/es/lc/puce/titulos/163183
Infantil y Juvenil,Ratón Pérez,"Coloma, Luis",9788499538785,DEMO: Cuento infantil de Luis Coloma sobre el personaje tradicional Ratón Pérez. [Precio DEMO en USD.],10.95,"Ratón Pérez - Coloma, Luis.jpg",https://elibro.puce.elogim.com/es/lc/puce/titulos/165552
Infantil y Juvenil,Lulu o la flauta mágica,"Liebeskind, August Jacob",DEMO-ISBN-FIS-0031,DEMO: Relato de fantasía de August Jacob Liebeskind centrado en Lulu y una flauta mágica. [Identificador DEMO; no es un ISBN real.] [Precio DEMO en USD.],15.95,"Lulu o la flauta mágica - Liebeskind, August Jacob.jpg",https://elibro.puce.elogim.com/es/lc/puce/titulos/187476
Infantil y Juvenil,Peter Pan,"Barrie, James Matthew",DEMO-ISBN-FIS-0032,"Peter Pan guía a Wendy y sus hermanos por Nunca Jamás, donde encuentran niños perdidos, sirenas y al capitán Garfio. [Identificador DEMO; no es un ISBN real.] [Precio DEMO en USD.]",9.95,"Peter Pan - Barrie, James Matthew.jpg",https://elibro.puce.elogim.com/es/lc/puce/titulos/189720
Infantil y Juvenil,Cuentos infantiles: para los niños de jardín de infantes,Maestros del Jardín de Infancia Micael,9789871368709,"Colección de cuentos para la primera infancia, con relatos breves y desenlaces adecuados para compartir en voz alta. [Precio DEMO en USD.]",15.95,Cuentos infantiles_ para los niños de jardín de infantes - Maestros del Jardín de Infancia Micael.jpg,https://elibro.puce.elogim.com/es/lc/puce/titulos/196982
Infantil y Juvenil,Cuentos para chiquitines,"Bieler, Heidi",9789871368716,"Selección de cuentos tradicionales y modernos para niños de aproximadamente dos a siete años, pensada para la narración compartida. [Precio DEMO en USD.]",10.95,"Cuentos para chiquitines - Bieler, Heidi.jpg",https://elibro.puce.elogim.com/es/lc/puce/titulos/196983
Infantil y Juvenil,Robin Hood,"Sutcliff, Rosemary",9789876821117,Recreación de las aventuras de Robin Hood y sus compañeros en los bosques de una Inglaterra gobernada por el príncipe Juan. [Precio DEMO en USD.],8.95,"Robin Hood - Sutcliff, Rosemary.jpg",https://elibro.puce.elogim.com/es/lc/puce/titulos/199354
Infantil y Juvenil,La lomita mágica,"Smith, Frank Thomas",9789876821520,Dos hermanos atraviesan una puerta hacia un reino fantástico y emprenden una aventura para rescatar a una niña. [Precio DEMO en USD.],9.95,"La lomita mágica - Smith, Frank Thomas.jpg",https://elibro.puce.elogim.com/es/lc/puce/titulos/201530
Infantil y Juvenil,Cuentos infantiles para contar y jugar,Editorial Antroposófica,9789879066959,"Recopilación de cuentos breves para narrar y compartir con niños pequeños, elegidos por su sencillez y sus imágenes accesibles. [Precio DEMO en USD.]",19.95,Cuentos infantiles para contar y jugar - Editorial Antroposófica.jpg,https://elibro.puce.elogim.com/es/lc/puce/titulos/201587
Infantil y Juvenil,Mi nuevo amigo,"Stuhlhofer, Donelle",DEMO-ISBN-FIS-0033,Un niño adopta una mascota y descubre tanto la alegría de jugar con ella como las responsabilidades de cuidarla. [Identificador DEMO; no es un ISBN real.] [Precio DEMO en USD.],14.95,"Mi nuevo amigo - Stuhlhofer, Donelle.jpg",https://elibro.puce.elogim.com/es/lc/puce/titulos/205684
Infantil y Juvenil,La oveja roja,"Bejarano Hernández, María Luisa",DEMO-ISBN-FIS-0034,"DEMO: Cuento infantil colombiano protagonizado por una oveja roja, presentado como lectura ilustrada para pequeños lectores. [Identificador DEMO; no es un ISBN real.] [Precio DEMO en USD.]",20.95,"La oveja roja - Bejarano Hernández, María Luisa.jpg",https://elibro.puce.elogim.com/es/lc/puce/titulos/218594
Infantil y Juvenil,Cuentos de Panamá,"Hackshaw, Yolanda",DEMO-ISBN-FIS-0035,"Relatos para niños que recorren imaginariamente lugares, personajes e historia de Panamá. [Identificador DEMO; no es un ISBN real.] [Precio DEMO en USD.]",10.95,"Cuentos de Panamá - Hackshaw, Yolanda.jpg",https://elibro.puce.elogim.com/es/lc/puce/titulos/223473
Infantil y Juvenil,Los doce trabajos de Heracles,"Plaza Morón, Sofía",DEMO-ISBN-FIS-0036,"Aventura en formato de cómic que presenta las misiones de Heracles entre héroes, dioses y criaturas de la mitología griega. [Identificador DEMO; no es un ISBN real.] [Precio DEMO en USD.]",23.95,"Los doce trabajos de Heracles - Plaza Morón, Sofía.jpg",https://elibro.puce.elogim.com/es/lc/puce/titulos/250033
Infantil y Juvenil,En la ciudad,"Gil Solares, Luis Fernando",DEMO-ISBN-FIS-0037,Relatos juveniles situados en barrios del centro histórico de Guatemala que presentan experiencias cotidianas de sus habitantes. [Identificador DEMO; no es un ISBN real.] [Precio DEMO en USD.],18.95,"En la ciudad - Gil Solares, Luis Fernando.jpg",https://elibro.puce.elogim.com/es/lc/puce/titulos/276322
Infantil y Juvenil,El cristal con que se mira,"Molina, Alicia",9786071606549,"Las experiencias de tres niños exploran la discapacidad, los vínculos familiares y la manera en que se relacionan con sus compañeros. [Precio DEMO en USD.]",22.95,"El cristal con que se mira - Molina, Alicia.jpg",https://elibro.puce.elogim.com/es/lc/puce/titulos/276629
Infantil y Juvenil,De mano en mano,"Molina, Alicia",DEMO-ISBN-FIS-0038,"DEMO: Libro ilustrado de cuentos infantiles mexicanos de Alicia Molina, publicado en la colección A la orilla del viento. [Identificador DEMO; no es un ISBN real.] [Precio DEMO en USD.]",22.95,"De mano en mano - Molina, Alicia.jpg",https://elibro.puce.elogim.com/es/lc/puce/titulos/279263
Infantil y Juvenil,Cándida,"Silvera Garcilazo, Elvia",9789587896824,"Durante unas vacaciones con su abuela, Cándida vive experiencias que acompañan su entrada en la adolescencia. [Precio DEMO en USD.]",14.95,"Cándida - Silvera Garcilazo, Elvia.jpg",https://elibro.puce.elogim.com/es/lc/puce/titulos/287118
Infantil y Juvenil,Crónica matemática,"Mejía, Selene",DEMO-ISBN-FIS-0039,"DEMO: Novela guatemalteca de Selene Mejía, publicada para lectores de 13 a 15 años. [Identificador DEMO; no es un ISBN real.] [Precio DEMO en USD.]",14.95,"Crónica matemática - Mejía, Selene.jpg",https://elibro.puce.elogim.com/es/lc/puce/titulos/294684
Infantil y Juvenil,"Cuentos completos, 1","Grimm, Jacob; Grimm, Wilhelm",DEMO-ISBN-FIS-0040,"Primer volumen de la colección de cuentos populares recopilados por los hermanos Grimm, con relatos maravillosos de tradición alemana. [Identificador DEMO; no es un ISBN real.] [Precio DEMO en USD.]",17.95,"Cuentos completos, 1 - Grimm, Jacob; Grimm, Wilhelm.jpg",https://elibro.puce.elogim.com/es/lc/puce/titulos/299429
Infantil y Juvenil,"Cuentos completos, 2","Grimm, Jacob; Grimm, Wilhelm",DEMO-ISBN-FIS-0041,"Segundo volumen de la colección de cuentos populares recopilados por Jacob y Wilhelm Grimm, perteneciente a su repertorio infantil y del hogar. [Identificador DEMO; no es un ISBN real.] [Precio DEMO en USD.]",20.95,"Cuentos completos, 2 - Grimm, Jacob; Grimm, Wilhelm.jpg",https://elibro.puce.elogim.com/es/lc/puce/titulos/299430
Infantil y Juvenil,La Reina de las Nieves y otros cuentos,"Andersen, Hans Christian",DEMO-ISBN-FIS-0042,"Antología de veintisiete cuentos de Andersen que reúne historias maravillosas, entre ellas La Reina de las Nieves y La sirenita. [Identificador DEMO; no es un ISBN real.] [Precio DEMO en USD.]",23.95,"La Reina de las Nieves y otros cuentos - Andersen, Hans Christian.jpg",https://elibro.puce.elogim.com/es/lc/puce/titulos/299436
Infantil y Juvenil,Un mundo de fantasía. Selección de cuentos infantiles clásicos,"Ramírez Tangarife, Liliana (responsable según ficha)",9789585023734,"Selección de cuentos infantiles clásicos de diferentes épocas, reunidos para compartir su imaginario con nuevas generaciones. [Precio DEMO en USD.]",12.95,"Un mundo de fantasía. Selección de cuentos infantiles clásicos - Ramírez Tangarife, Liliana (responsable según ficha).jpg",https://elibro.puce.elogim.com/es/lc/puce/titulos/302446
Infantil y Juvenil,Cuentos,"Andersen, Hans Christian",DEMO-ISBN-FIS-0043,"Antología que reúne cuentos célebres de Andersen, como El patito feo, La princesa y el guisante y Pulgarcita. [Identificador DEMO; no es un ISBN real.] [Precio DEMO en USD.]",10.95,"Cuentos - Andersen, Hans Christian.jpg",https://elibro.puce.elogim.com/es/lc/puce/titulos/305127
Literatura,El cuento en la literatura infantil,"Gallardo Vázquez, Pedro; Joaquín León Donoso",9788498235623,DEMO: Estudio dedicado al cuento dentro de la literatura infantil. [Precio DEMO en USD.],27.95,"El cuento en la literatura infantil - Gallardo Vázquez, Pedro; Joaquín León Donoso.jpg",https://elibro.puce.elogim.com/es/lc/puce/titulos/33736
Literatura,La literatura francesa. La Transición,"Pardo Bazán, Emilia",9781413591989,DEMO: Obra de Emilia Pardo Bazán dedicada a la transición en la literatura francesa. [Precio DEMO en USD.],19.95,"La literatura francesa. La Transición - Pardo Bazán, Emilia.jpg",https://elibro.puce.elogim.com/es/lc/puce/titulos/35246
Literatura,Literatura general,"Shimose, Pedro",DEMO-ISBN-FIS-0044,"DEMO: Panorama de literatura general, catalogado en el área de Literatura. [Identificador DEMO; no es un ISBN real.] [Precio DEMO en USD.]",34.95,"Literatura general - Shimose, Pedro.jpg",https://elibro.puce.elogim.com/es/lc/puce/titulos/36432
Literatura,Lengua y literatura de Borges,"Echavarría, Arturo",9788484892465,"Analiza textos de Borges, sus influencias y los procedimientos formales relacionados con su concepción del lenguaje. [Precio DEMO en USD.]",16.95,"Lengua y literatura de Borges - Echavarría, Arturo.jpg",https://elibro.puce.elogim.com/es/lc/puce/titulos/37026
Literatura,"Sobre lectura, literatura y educación","Cerrillo Torremocha, Pedro César",9786074011982,"DEMO: Ensayo de Pedro César Cerrillo sobre lectura, literatura y educación. [Precio DEMO en USD.]",12.95,"Sobre lectura, literatura y educación - Cerrillo Torremocha, Pedro César.jpg",https://elibro.puce.elogim.com/es/lc/puce/titulos/38240
Literatura,Compendio de literatura universal,Eva Lydia Oseguera Mejía,9789708171106,"Ofrece un recorrido didáctico por obras y autores de la literatura universal, vinculando su lectura con contextos históricos, sociales y culturales. [Precio DEMO en USD.]",17.95,Compendio de literatura universal - Eva Lydia Oseguera Mejía.jpg,https://elibro.puce.elogim.com/es/lc/puce/titulos/40395
Literatura,Pensamiento y literatura en Guerrero,"Álvarez Montalván, Olivia Elizabeth (coord.)",9786078289752,"Reúne ocho ensayos interdisciplinarios sobre cuestiones filosóficas, literarias y culturales de Guerrero y sus vínculos con la realidad mexicana. [Precio DEMO en USD.]",32.95,"Pensamiento y literatura en Guerrero - Álvarez Montalván, Olivia Elizabeth (coord.).jpg",https://elibro.puce.elogim.com/es/lc/puce/titulos/40916
Literatura,Entrecruces: cine y literatura,"Bautista, Ester (coord.); Rodríguez, Araceli (coord.)",9786079124854,"Reúne estudios sobre las relaciones entre cine y literatura, con enfoques interdisciplinarios y análisis de obras contemporáneas. [Precio DEMO en USD.]",18.95,"Entrecruces_ cine y literatura - Bautista, Ester (coord.); Rodríguez, Araceli (coord.).jpg",https://elibro.puce.elogim.com/es/lc/puce/titulos/41039
Literatura,Mujeres en la literatura: escritoras,"Von der Walde, Lillian (ed.); Reinoso, Mariel (ed.)",DEMO-ISBN-FIS-0045,DEMO: Volumen sobre escritoras y la presencia de las mujeres en la literatura. [Identificador DEMO; no es un ISBN real.] [Precio DEMO en USD.],29.95,"Mujeres en la literatura_ escritoras - Von der Walde, Lillian (ed.); Reinoso, Mariel (ed.).jpg",https://elibro.puce.elogim.com/es/lc/puce/titulos/41052
Literatura,Literatura y turismo,"Arias Argüelles-Meres, Luis; Herrero Montoto, Manuel; Magadán Díaz, Marta; Murias Ibias, Armando; Rivas García, Jesús; Valle Cobreros, Antonio",9788492536627,DEMO: Obra de crítica literaria dedicada a las relaciones entre literatura y turismo cultural. [Precio DEMO en USD.],29.95,"Literatura y turismo - Arias Argüelles-Meres, Luis; Herrero Montoto, Manuel; Magadán Díaz, Marta; Murias Ibias, Armando; Rivas García, Jesús; Valle Cobreros, Antonio.jpg",https://elibro.puce.elogim.com/es/lc/puce/titulos/42015
Literatura,La literatura griega y su tradición,"Hualde Pascual, Pilar (ed.); Sanz Morales, Manuel (ed.)",9788446026181,"DEMO: Estudio de la literatura griega y su tradición, catalogado en historia y crítica literarias. [Precio DEMO en USD.]",26.95,"La literatura griega y su tradición - Hualde Pascual, Pilar (ed.); Sanz Morales, Manuel (ed.).jpg",https://elibro.puce.elogim.com/es/lc/puce/titulos/49551
Literatura,Estudios sobre literatura y suicidio,"Zambrano Carballo, Pablo; Fernández Garrido, María Regla; Losada Friend, María; Navarro Domínguez, Eloy",9788478981038,DEMO: Estudios sobre el suicidio como tema y motivo literario. [Precio DEMO en USD.],17.95,"Estudios sobre literatura y suicidio - Zambrano Carballo, Pablo; Fernández Garrido, María Regla; Losada Friend, María; Navarro Domínguez, Eloy.jpg",https://elibro.puce.elogim.com/es/lc/puce/titulos/52623
Literatura,Surrealismo y literatura en España,"Pont, Jaume (ed.)",9788484091141,DEMO: Volumen sobre las relaciones entre surrealismo y literatura en España. [Precio DEMO en USD.],15.95,"Surrealismo y literatura en España - Pont, Jaume (ed.).jpg",https://elibro.puce.elogim.com/es/lc/puce/titulos/54616
Literatura,Surrealismo y literatura en Europa,"Santa, Àngels (ed.); Giné, Marta (ed.)",9788484091288,DEMO: Volumen sobre las relaciones entre surrealismo y literatura en Europa. [Precio DEMO en USD.],26.95,"Surrealismo y literatura en Europa - Santa, Àngels (ed.); Giné, Marta (ed.).jpg",https://elibro.puce.elogim.com/es/lc/puce/titulos/54617
Literatura,Economía y literatura,"Perdices de Blas, Luis (coord.); Santos Redondo, Manuel (coord.)",9788493480769,DEMO: Volumen dedicado a la relación entre economía y literatura. [Precio DEMO en USD.],32.95,"Economía y literatura - Perdices de Blas, Luis (coord.); Santos Redondo, Manuel (coord.).jpg",https://elibro.puce.elogim.com/es/lc/puce/titulos/59660
Literatura,Literatura y comunicación,"Nieto Nuño, Miguel (coord.)",DEMO-ISBN-FIS-0046,"DEMO: Estudio catalogado sobre literatura española, sociedad y aspectos sociales de la comunicación. [Identificador DEMO; no es un ISBN real.] [Precio DEMO en USD.]",12.95,"Literatura y comunicación - Nieto Nuño, Miguel (coord.).jpg",https://elibro.puce.elogim.com/es/lc/puce/titulos/60620
Literatura,Lenguaje y literatura,"Castruita Morán, Julián",DEMO-ISBN-FIS-0047,"DEMO: Obra sobre lenguaje y literatura, catalogada en lingüística general. [Identificador DEMO; no es un ISBN real.] [Precio DEMO en USD.]",22.95,"Lenguaje y literatura - Castruita Morán, Julián.jpg",https://elibro.puce.elogim.com/es/lc/puce/titulos/74064
Literatura,Borges y la literatura policial,Beatriz Doallo,9789873313172,"DEMO: Estudio de Borges y la literatura policial, con el subtítulo visible «Autor, crítico y jurado». [Precio DEMO en USD.]",28.95,Borges y la literatura policial - Beatriz Doallo.jpg,https://elibro.puce.elogim.com/es/lc/puce/titulos/77251
Literatura,Historia de la literatura alemana,"Modern, Rodolfo E.",9789681601775,DEMO: Historia de la literatura alemana de Rodolfo E. Modern. [Precio DEMO en USD.],21.95,"Historia de la literatura alemana - Modern, Rodolfo E.jpg",https://elibro.puce.elogim.com/es/lc/puce/titulos/110465
Literatura,El burgués: entre la historia y la literatura,"Moretti, Franco",9789877190601,Analiza la representación del burgués en la literatura europea moderna mediante retratos individuales relacionados con la historia del capitalismo. [Precio DEMO en USD.],34.95,"El burgués_ entre la historia y la literatura - Moretti, Franco.jpg",https://elibro.puce.elogim.com/es/lc/puce/titulos/110514
Literatura,Qué hacemos con la literatura,"Becerra Mayor, David; Arias Careaga, Raquel; Rodríguez Puértolas, Julio; Sanz, Marta",9788446038993,"Analiza la relación entre literatura, ideología y capitalismo, y propone una lectura crítica capaz de reconocer y cuestionar las relaciones de dominación. [Precio DEMO en USD.]",19.95,"Qué hacemos con la literatura - Becerra Mayor, David; Arias Careaga, Raquel; Rodríguez Puértolas, Julio; Sanz, Marta.jpg",https://elibro.puce.elogim.com/es/lc/puce/titulos/116153
Literatura,Literatura en el laboratorio,"Moretti, Franco (coord.)",9788416919833,"Presenta investigaciones del Stanford Literary Lab sobre el uso de métodos computacionales para estudiar géneros, estilos y grandes conjuntos de textos literarios. [Precio DEMO en USD.]",34.95,"Literatura en el laboratorio - Moretti, Franco (coord.).jpg",https://elibro.puce.elogim.com/es/lc/puce/titulos/118623
Literatura,Elogio de la literatura,"Bauman, Zygmunt; Mazzeo, Riccardo",9788417690441,Reúne un intercambio epistolar sobre los vínculos entre sociología y literatura y su aportación conjunta a la interpretación de la sociedad contemporánea. [Precio DEMO en USD.],26.95,"Elogio de la literatura - Bauman, Zygmunt; Mazzeo, Riccardo.jpg",https://elibro.puce.elogim.com/es/lc/puce/titulos/126732
Literatura,Goya en las literaturas,"Romero Tobar, Leonardo",DEMO-ISBN-FIS-0048,"Examina la presencia de Francisco de Goya y de su obra en textos poéticos, dramáticos, narrativos y cinematográficos de distintas lenguas. [Identificador DEMO; no es un ISBN real.] [Precio DEMO en USD.]",20.95,"Goya en las literaturas - Romero Tobar, Leonardo.jpg",https://elibro.puce.elogim.com/es/lc/puce/titulos/130675
Literatura,"Literatura de la Independencia, independencia de la literatura","Carrillo Zeiter, Katja (ed.); Wehrheim, Monika (ed.)",9788484897279,"Estudia la cultura literaria latinoamericana del siglo XIX y sus relaciones con la construcción nacional, atendiendo a la producción, circulación y recepción de los textos. [Precio DEMO en USD.]",15.95,"Literatura de la Independencia, independencia de la literatura - Carrillo Zeiter, Katja (ed.); Wehrheim, Monika (ed.).jpg",https://elibro.puce.elogim.com/es/lc/puce/titulos/173423
Literatura,Literatura Universal,"Peña Reyes, Guido; Cabildo Salomón, Alfredo",DEMO-ISBN-FIS-0049,DEMO: Manual de literatura universal de Guido Peña Reyes y Alfredo Cabildo Salomón. [Identificador DEMO; no es un ISBN real.] [Precio DEMO en USD.],19.95,"Literatura Universal - Peña Reyes, Guido; Cabildo Salomón, Alfredo.jpg",https://elibro.puce.elogim.com/es/lc/puce/titulos/224092
Literatura,Literatura 2,"Perez Bernardino, Olga",DEMO-ISBN-FIS-0050,"DEMO: Segundo volumen de literatura de Olga Perez Bernardino, catalogado para el estudio literario. [Identificador DEMO; no es un ISBN real.] [Precio DEMO en USD.]",22.95,"Literatura 2 - Perez Bernardino, Olga.jpg",https://elibro.puce.elogim.com/es/lc/puce/titulos/234713
Literatura,Literatura y dinero,"Zola, Émile",9786071682659,Reflexiona sobre la situación económica de los escritores y sobre la influencia del dinero en la cultura literaria moderna. [Precio DEMO en USD.],31.95,"Literatura y dinero - Zola, Émile.jpg",https://elibro.puce.elogim.com/es/lc/puce/titulos/266569
Literatura,Escritos sobre literatura,"Castelar, Emilio",DEMO-ISBN-FIS-0051,"Selecciona textos de Emilio Castelar sobre autores y asuntos literarios para recuperar su faceta de crítico, historiador y creador. [Identificador DEMO; no es un ISBN real.] [Precio DEMO en USD.]",27.95,"Escritos sobre literatura - Castelar, Emilio.jpg",https://elibro.puce.elogim.com/es/lc/puce/titulos/268787
Literatura,Literatura y Derecho,"Martínez Martínez, Faustino",DEMO-ISBN-FIS-0052,DEMO: Obra dedicada a las relaciones entre literatura y derecho. [Identificador DEMO; no es un ISBN real.] [Precio DEMO en USD.],20.95,"Literatura y Derecho - Martínez Martínez, Faustino.jpg",https://elibro.puce.elogim.com/es/lc/puce/titulos/274254
