candidate_id,proposed_sku,title,audioDurationSeconds,narrators,audio_metadata_type
audiobook-8a40bb278ab30a3b,PLG-BK-000279,Cómo comportarse en la multitud: una novela,5740,"[""Narrador DEMO PLIEGO (sin identidad bibliográfica)""]",SIMULATED/DEMO
audiobook-91b68a3cdb70cf6c,PLG-BK-000213,Cómo se hace una novela,4740,"[""Narrador DEMO PLIEGO (sin identidad bibliográfica)""]",SIMULATED/DEMO
audiobook-3ce2558363ac8234,PLG-BK-000149,Discurso y conflicto en la novela,6825,"[""Narrador DEMO PLIEGO (sin identidad bibliográfica)""]",SIMULATED/DEMO
audiobook-4058fa136c5702ee,PLG-BK-000293,El retorno de los desplazados: novela,6171,"[""Narrador DEMO PLIEGO (sin identidad bibliográfica)""]",SIMULATED/DEMO
audiobook-227ccd7c091f9040,PLG-BK-000261,Está temblando. Novela,6748,"[""Narrador DEMO PLIEGO (sin identidad bibliográfica)""]",SIMULATED/DEMO
audiobook-2de821b1482db906,PLG-BK-000074,La confesión: novela,4835,"[""Narrador DEMO PLIEGO (sin identidad bibliográfica)""]",SIMULATED/DEMO
audiobook-d660454291ad5fa3,PLG-BK-000209,La novela rosa,3241,"[""Narrador DEMO PLIEGO (sin identidad bibliográfica)""]",SIMULATED/DEMO
audiobook-98a1a860b5649584,PLG-BK-000174,Lady Susan y otras novelas,1939,"[""Narrador DEMO PLIEGO (sin identidad bibliográfica)""]",SIMULATED/DEMO
audiobook-2b8c1c97bbc86318,PLG-BK-000147,Las novelas de Torquemada,2966,"[""Narrador DEMO PLIEGO (sin identidad bibliográfica)""]",SIMULATED/DEMO
audiobook-d4d96850c4ea25cb,PLG-BK-000130,Novela negra con argentinos,2881,"[""Narrador DEMO PLIEGO (sin identidad bibliográfica)""]",SIMULATED/DEMO
audiobook-b917d2622c19f5b7,PLG-BK-000111,Novelas amorosas y ejemplares,3743,"[""Narrador DEMO PLIEGO (sin identidad bibliográfica)""]",SIMULATED/DEMO
audiobook-524d4e31cdfd7fd8,PLG-BK-000138,Valentín: novela histórica,4744,"[""Narrador DEMO PLIEGO (sin identidad bibliográfica)""]",SIMULATED/DEMO
audiobook-c7c794efb03c3148,PLG-BK-000110,Escritos sobre ética,938,"[""Narrador DEMO PLIEGO (sin identidad bibliográfica)""]",SIMULATED/DEMO
audiobook-43dc30b23ed17e4e,PLG-BK-000276,La responsividad ética,2718,"[""Narrador DEMO PLIEGO (sin identidad bibliográfica)""]",SIMULATED/DEMO
audiobook-724a798ecab60e86,PLG-BK-000142,La ética en la era de la tecnociencia,3919,"[""Narrador DEMO PLIEGO (sin identidad bibliográfica)""]",SIMULATED/DEMO
audiobook-2d0a07a10e6b0b80,PLG-BK-000297,La ética explorada,5369,"[""Narrador DEMO PLIEGO (sin identidad bibliográfica)""]",SIMULATED/DEMO
audiobook-2e27906c918a7d2d,PLG-BK-000264,Metafísica de la web,1077,"[""Narrador DEMO PLIEGO (sin identidad bibliográfica)""]",SIMULATED/DEMO
audiobook-f1fae131a4859d4d,PLG-BK-000203,¿Hay que desconstruir la metafísica?,3193,"[""Narrador DEMO PLIEGO (sin identidad bibliográfica)""]",SIMULATED/DEMO
audiobook-1b8619eae91a6a97,PLG-BK-000245,¿Qué es eso llamado metafísica?,5909,"[""Narrador DEMO PLIEGO (sin identidad bibliográfica)""]",SIMULATED/DEMO
audiobook-1ec4175129c2f6f9,PLG-BK-000060,Ética básica (3a. ed.),3328,"[""Narrador DEMO PLIEGO (sin identidad bibliográfica)""]",SIMULATED/DEMO
audiobook-c922336fdf5b1257,PLG-BK-000235,Ética de la comunicación,6935,"[""Narrador DEMO PLIEGO (sin identidad bibliográfica)""]",SIMULATED/DEMO
audiobook-7c148898de839f87,PLG-BK-000076,Ética de la sexualidad,5119,"[""Narrador DEMO PLIEGO (sin identidad bibliográfica)""]",SIMULATED/DEMO
audiobook-7af4d1003a034ea7,PLG-BK-000225,Ética de las nanotecnologías,5208,"[""Narrador DEMO PLIEGO (sin identidad bibliográfica)""]",SIMULATED/DEMO
audiobook-54322882e821818c,PLG-BK-000077,Ética general (6a. ed.),5663,"[""Narrador DEMO PLIEGO (sin identidad bibliográfica)""]",SIMULATED/DEMO
audiobook-c1b41020fd3c464c,PLG-BK-000126,Ética y cultura,4548,"[""Narrador DEMO PLIEGO (sin identidad bibliográfica)""]",SIMULATED/DEMO
audiobook-d6813d23c882b658,PLG-BK-000125,Ética y libertad,5399,"[""Narrador DEMO PLIEGO (sin identidad bibliográfica)""]",SIMULATED/DEMO
audiobook-e13bdd919ce475f6,PLG-BK-000118,Ética y política,3413,"[""Narrador DEMO PLIEGO (sin identidad bibliográfica)""]",SIMULATED/DEMO
audiobook-e9c64ba5698c0cc9,PLG-BK-000157,Ética y psicoanálisis,1095,"[""Narrador DEMO PLIEGO (sin identidad bibliográfica)""]",SIMULATED/DEMO
audiobook-55c9e35ac75d34cf,PLG-BK-000196,24 ideas para una psicoterapia breve (2a. ed.),1044,"[""Narrador DEMO PLIEGO (sin identidad bibliográfica)""]",SIMULATED/DEMO
audiobook-4a795b65bdfd9ca1,PLG-BK-000242,Constructivismo y psicoterapia (3a. ed.),1040,"[""Narrador DEMO PLIEGO (sin identidad bibliográfica)""]",SIMULATED/DEMO
audiobook-6e39f5b1f9e5f84f,PLG-BK-000172,Crítica de la psicoterapia integrativa,1449,"[""Narrador DEMO PLIEGO (sin identidad bibliográfica)""]",SIMULATED/DEMO
audiobook-b2d3df9243256b1b,PLG-BK-000117,Escritos de psicoterapia cognitiva,5317,"[""Narrador DEMO PLIEGO (sin identidad bibliográfica)""]",SIMULATED/DEMO
audiobook-37f13fad292b679a,PLG-BK-000227,Historia de la psicología,1769,"[""Narrador DEMO PLIEGO (sin identidad bibliográfica)""]",SIMULATED/DEMO
audiobook-515007baa9e819ef,PLG-BK-000096,Historia de la psicología en Colombia,5658,"[""Narrador DEMO PLIEGO (sin identidad bibliográfica)""]",SIMULATED/DEMO
audiobook-c66b08fc14cb351c,PLG-BK-000253,Lecciones de psicología cognitiva,5394,"[""Narrador DEMO PLIEGO (sin identidad bibliográfica)""]",SIMULATED/DEMO
audiobook-688c3a28f1d3c7da,PLG-BK-000180,Principios de una psicoterapia de la psicosis,6882,"[""Narrador DEMO PLIEGO (sin identidad bibliográfica)""]",SIMULATED/DEMO
audiobook-75d305b10d871ee4,PLG-BK-000307,Psicología de la música,916,"[""Narrador DEMO PLIEGO (sin identidad bibliográfica)""]",SIMULATED/DEMO
audiobook-392b2831c54b8b36,PLG-BK-000248,Psicología del crecimiento interior,6937,"[""Narrador DEMO PLIEGO (sin identidad bibliográfica)""]",SIMULATED/DEMO
audiobook-bc5d121d338cba2f,PLG-BK-000288,Psicología del delincuente,1231,"[""Narrador DEMO PLIEGO (sin identidad bibliográfica)""]",SIMULATED/DEMO
audiobook-2958ef439959c6b6,PLG-BK-000139,Psicología del Poder,1618,"[""Narrador DEMO PLIEGO (sin identidad bibliográfica)""]",SIMULATED/DEMO
audiobook-fc7e8871dd33f964,PLG-BK-000306,"Psicoterapia, asesoramiento y consejería (2a. ed.)",6267,"[""Narrador DEMO PLIEGO (sin identidad bibliográfica)""]",SIMULATED/DEMO
audiobook-b3f705160d54dbfe,PLG-BK-000181,Temas de psicología práctica,3036,"[""Narrador DEMO PLIEGO (sin identidad bibliográfica)""]",SIMULATED/DEMO
audiobook-fcd4ee9a90e733d4,PLG-BK-000301,Teoría y técnica de la psicoterapia psicoanalítica,2865,"[""Narrador DEMO PLIEGO (sin identidad bibliográfica)""]",SIMULATED/DEMO
audiobook-5ffda6c39b6efed0,PLG-BK-000109,Cleopatra: una vida,6108,"[""Narrador DEMO PLIEGO (sin identidad bibliográfica)""]",SIMULATED/DEMO
audiobook-c010fe1dc07ad8d9,PLG-BK-000101,Historia mínima de Brasil,4346,"[""Narrador DEMO PLIEGO (sin identidad bibliográfica)""]",SIMULATED/DEMO
audiobook-c5aaef0d8aa67d63,PLG-BK-000141,Historia mínima de Centroamérica,4804,"[""Narrador DEMO PLIEGO (sin identidad bibliográfica)""]",SIMULATED/DEMO
audiobook-93b9e1556ed1909c,PLG-BK-000184,Historia mínima de Chile,6748,"[""Narrador DEMO PLIEGO (sin identidad bibliográfica)""]",SIMULATED/DEMO
audiobook-8353ef125b47830b,PLG-BK-000067,Historia mínima de Cuba,3109,"[""Narrador DEMO PLIEGO (sin identidad bibliográfica)""]",SIMULATED/DEMO
audiobook-5ce7895763a94ba2,PLG-BK-000059,Historia mínima de Filipinas,2641,"[""Narrador DEMO PLIEGO (sin identidad bibliográfica)""]",SIMULATED/DEMO
audiobook-3e4cdaec6f0f53ba,PLG-BK-000075,Historia mínima de Israel,3041,"[""Narrador DEMO PLIEGO (sin identidad bibliográfica)""]",SIMULATED/DEMO
audiobook-4fe7602af2ff65e0,PLG-BK-000282,Historia mínima de la deuda externa de Latinoamérica,3014,"[""Narrador DEMO PLIEGO (sin identidad bibliográfica)""]",SIMULATED/DEMO
audiobook-c43379ed1e172b68,PLG-BK-000066,Historia mínima de la eugenesia en América Latina,1347,"[""Narrador DEMO PLIEGO (sin identidad bibliográfica)""]",SIMULATED/DEMO
audiobook-8a8026589089416b,PLG-BK-000192,Historia mínima de la globalización temprana,5157,"[""Narrador DEMO PLIEGO (sin identidad bibliográfica)""]",SIMULATED/DEMO
audiobook-176d5792f8d5303e,PLG-BK-000097,Historia mínima de la Inquisición,2927,"[""Narrador DEMO PLIEGO (sin identidad bibliográfica)""]",SIMULATED/DEMO
audiobook-f3621ba9427d736d,PLG-BK-000291,Historia mínima de la Revolución cubana,1261,"[""Narrador DEMO PLIEGO (sin identidad bibliográfica)""]",SIMULATED/DEMO
audiobook-2882f30b93bec4e1,PLG-BK-000263,Historia mínima de la transición democrática en México,4403,"[""Narrador DEMO PLIEGO (sin identidad bibliográfica)""]",SIMULATED/DEMO
audiobook-8bfa074835747bda,PLG-BK-000166,Historia mínima de las constituciones en México,3772,"[""Narrador DEMO PLIEGO (sin identidad bibliográfica)""]",SIMULATED/DEMO
audiobook-68e899b54c542016,PLG-BK-000285,Historia mínima de las izquierdas en México,1899,"[""Narrador DEMO PLIEGO (sin identidad bibliográfica)""]",SIMULATED/DEMO
audiobook-cf1f2cbe3ef1e9db,PLG-BK-000113,Historia mínima de los judíos en la antigüedad,5531,"[""Narrador DEMO PLIEGO (sin identidad bibliográfica)""]",SIMULATED/DEMO
audiobook-659960efe616ad92,PLG-BK-000187,Historia mínima de Perú,6773,"[""Narrador DEMO PLIEGO (sin identidad bibliográfica)""]",SIMULATED/DEMO
audiobook-3df916b31d9a1795,PLG-BK-000120,Historia mínima de Rusia,6677,"[""Narrador DEMO PLIEGO (sin identidad bibliográfica)""]",SIMULATED/DEMO
audiobook-b86df2c25680b773,PLG-BK-000188,Historia mínima de Uruguay,1094,"[""Narrador DEMO PLIEGO (sin identidad bibliográfica)""]",SIMULATED/DEMO
audiobook-7411ad44a2e96d63,PLG-BK-000084,Historia mínima del PRI,1954,"[""Narrador DEMO PLIEGO (sin identidad bibliográfica)""]",SIMULATED/DEMO
audiobook-0387aad921ca05d3,PLG-BK-000294,Historia mínima del Tequila,6053,"[""Narrador DEMO PLIEGO (sin identidad bibliográfica)""]",SIMULATED/DEMO
audiobook-d29c2b72f2da902e,PLG-BK-000161,Los hombres del faraón: el ejército a finales del Reino Nuevo en el Antiguo Egipto,6392,"[""Narrador DEMO PLIEGO (sin identidad bibliográfica)""]",SIMULATED/DEMO
audiobook-be5cb4237d0c750c,PLG-BK-000108,"Pirámides, templos y estrellas: astronomía y arqueología en el Egipto antiguo",1516,"[""Narrador DEMO PLIEGO (sin identidad bibliográfica)""]",SIMULATED/DEMO
audiobook-3d0d136ef42177f4,PLG-BK-000177,Antropología de la religión,4556,"[""Narrador DEMO PLIEGO (sin identidad bibliográfica)""]",SIMULATED/DEMO
audiobook-73771c507c8407af,PLG-BK-000312,Antropología de la sexualidad (2a. ed.),2349,"[""Narrador DEMO PLIEGO (sin identidad bibliográfica)""]",SIMULATED/DEMO
audiobook-7f4d556e0ebc44b3,PLG-BK-000224,"Cultura, antropología y otras tonterías",5624,"[""Narrador DEMO PLIEGO (sin identidad bibliográfica)""]",SIMULATED/DEMO
audiobook-f14fc023b95afe6b,PLG-BK-000058,Diccionario básico de antropología,2278,"[""Narrador DEMO PLIEGO (sin identidad bibliográfica)""]",SIMULATED/DEMO
audiobook-066ff6da2eef4a7c,PLG-BK-000190,Manual de Sociología de la Familia,2737,"[""Narrador DEMO PLIEGO (sin identidad bibliográfica)""]",SIMULATED/DEMO
audiobook-37860ea43ea9c32a,PLG-BK-000314,Paisajes de antropología urbana,2170,"[""Narrador DEMO PLIEGO (sin identidad bibliográfica)""]",SIMULATED/DEMO
audiobook-da60551f03495d38,PLG-BK-000135,Sociología criminal,1206,"[""Narrador DEMO PLIEGO (sin identidad bibliográfica)""]",SIMULATED/DEMO
audiobook-6e184162cc357663,PLG-BK-000266,Sociología del Renacimiento,3725,"[""Narrador DEMO PLIEGO (sin identidad bibliográfica)""]",SIMULATED/DEMO
audiobook-e8a8d5d56c6bbdae,PLG-BK-000143,Apuntes de ecología microbiana,1785,"[""Narrador DEMO PLIEGO (sin identidad bibliográfica)""]",SIMULATED/DEMO
audiobook-2a754808d8c97445,PLG-BK-000080,Astronomía: de la tierra al cosmos,2039,"[""Narrador DEMO PLIEGO (sin identidad bibliográfica)""]",SIMULATED/DEMO
audiobook-f8ceb3a2ee2a1163,PLG-BK-000231,Botánica aplicada,4269,"[""Narrador DEMO PLIEGO (sin identidad bibliográfica)""]",SIMULATED/DEMO
audiobook-ea66d96a5be19bc6,PLG-BK-000158,Colapso: cuando el clima lo cambia todo,2791,"[""Narrador DEMO PLIEGO (sin identidad bibliográfica)""]",SIMULATED/DEMO
audiobook-b734e320648e8926,PLG-BK-000310,Ecología del Paisaje,2601,"[""Narrador DEMO PLIEGO (sin identidad bibliográfica)""]",SIMULATED/DEMO
audiobook-9ce9ae3a37f15e8d,PLG-BK-000153,Glosario botánico ilustrado,6833,"[""Narrador DEMO PLIEGO (sin identidad bibliográfica)""]",SIMULATED/DEMO
audiobook-b57cdac6c1c6043b,PLG-BK-000151,Introducción a la geología (2a. ed.),2849,"[""Narrador DEMO PLIEGO (sin identidad bibliográfica)""]",SIMULATED/DEMO
audiobook-f4e93bafe1053b4c,PLG-BK-000292,La astronomía es fácil,4396,"[""Narrador DEMO PLIEGO (sin identidad bibliográfica)""]",SIMULATED/DEMO
audiobook-09f707889516a345,PLG-BK-000146,Magnetismo en Geología y la prospección magnética terrestre,6792,"[""Narrador DEMO PLIEGO (sin identidad bibliográfica)""]",SIMULATED/DEMO
audiobook-6a94e01622f5eda9,PLG-BK-000230,Manual de zoología,4975,"[""Narrador DEMO PLIEGO (sin identidad bibliográfica)""]",SIMULATED/DEMO
audiobook-815903ceb1052d80,PLG-BK-000186,Arduino práctico. Edición 2022,1957,"[""Narrador DEMO PLIEGO (sin identidad bibliográfica)""]",SIMULATED/DEMO
audiobook-00ba28dbbd8adb65,PLG-BK-000273,Bases de datos avanzadas,5814,"[""Narrador DEMO PLIEGO (sin identidad bibliográfica)""]",SIMULATED/DEMO
audiobook-3a1c22b02c0a373c,PLG-BK-000127,El manual de Arduino,4635,"[""Narrador DEMO PLIEGO (sin identidad bibliográfica)""]",SIMULATED/DEMO
audiobook-42b57ca3d9730e7e,PLG-BK-000251,Iniciación a JavaScript,3045,"[""Narrador DEMO PLIEGO (sin identidad bibliográfica)""]",SIMULATED/DEMO
audiobook-28ed8585d496008a,PLG-BK-000234,Inteligencia artificial,6832,"[""Narrador DEMO PLIEGO (sin identidad bibliográfica)""]",SIMULATED/DEMO
audiobook-b031fc1cca8cb329,PLG-BK-000305,Linux para usuarios,6435,"[""Narrador DEMO PLIEGO (sin identidad bibliográfica)""]",SIMULATED/DEMO
audiobook-eae0b77aee05260e,PLG-BK-000207,Programación web en java,4672,"[""Narrador DEMO PLIEGO (sin identidad bibliográfica)""]",SIMULATED/DEMO
audiobook-88143ffe0f91701c,PLG-BK-000162,Redes locales,3264,"[""Narrador DEMO PLIEGO (sin identidad bibliográfica)""]",SIMULATED/DEMO
audiobook-6d5627bd599950a8,PLG-BK-000311,Revolución artificial: aplicaciones basadas en inteligencia artificial,6218,"[""Narrador DEMO PLIEGO (sin identidad bibliográfica)""]",SIMULATED/DEMO
audiobook-2e70a2bb71e8dfd5,PLG-BK-000236,Cálculo avanzado: introducción,4494,"[""Narrador DEMO PLIEGO (sin identidad bibliográfica)""]",SIMULATED/DEMO
audiobook-6193d7218a6f349d,PLG-BK-000281,Estadística aplicada básica (2a. ed.),3834,"[""Narrador DEMO PLIEGO (sin identidad bibliográfica)""]",SIMULATED/DEMO
audiobook-84c02787a4bc623d,PLG-BK-000189,Estadística Inferencial,1023,"[""Narrador DEMO PLIEGO (sin identidad bibliográfica)""]",SIMULATED/DEMO
audiobook-3fdc91d85e14cdbc,PLG-BK-000232,Estadística y muestreo (14a. ed.),1536,"[""Narrador DEMO PLIEGO (sin identidad bibliográfica)""]",SIMULATED/DEMO
audiobook-d5e1e8df5d591fa7,PLG-BK-000275,Fundamentos de estadística,3540,"[""Narrador DEMO PLIEGO (sin identidad bibliográfica)""]",SIMULATED/DEMO
audiobook-41593a3c01bb3bb5,PLG-BK-000098,Geometría elemental,3108,"[""Narrador DEMO PLIEGO (sin identidad bibliográfica)""]",SIMULATED/DEMO
audiobook-e802891e2e2bf310,PLG-BK-000124,Geometría riemanniana,5568,"[""Narrador DEMO PLIEGO (sin identidad bibliográfica)""]",SIMULATED/DEMO
audiobook-e7e528202ac4b259,PLG-BK-000205,Inferencia estadística,4124,"[""Narrador DEMO PLIEGO (sin identidad bibliográfica)""]",SIMULATED/DEMO
audiobook-98a184bad47674ce,PLG-BK-000070,La geometría de las ciudades,5538,"[""Narrador DEMO PLIEGO (sin identidad bibliográfica)""]",SIMULATED/DEMO
audiobook-a73c8fe399446f23,PLG-BK-000269,La geometría del universo,4944,"[""Narrador DEMO PLIEGO (sin identidad bibliográfica)""]",SIMULATED/DEMO
audiobook-8af061372fbf6a49,PLG-BK-000202,Una introducción a la geometría fractal,7098,"[""Narrador DEMO PLIEGO (sin identidad bibliográfica)""]",SIMULATED/DEMO
audiobook-ccecc542047c16dd,PLG-BK-000086,Anatomía y fisiología básicas en el niño,7173,"[""Narrador DEMO PLIEGO (sin identidad bibliográfica)""]",SIMULATED/DEMO
audiobook-7716c6d896d5a7b7,PLG-BK-000260,Anatomía y fisiología del sistema nervioso central,1276,"[""Narrador DEMO PLIEGO (sin identidad bibliográfica)""]",SIMULATED/DEMO
audiobook-60f254fb894b8c6a,PLG-BK-000132,El médico en casa: manual de consulta,6057,"[""Narrador DEMO PLIEGO (sin identidad bibliográfica)""]",SIMULATED/DEMO
audiobook-6aa70e9b3495e853,PLG-BK-000087,Fisiología respiratoria (8a. ed.),5236,"[""Narrador DEMO PLIEGO (sin identidad bibliográfica)""]",SIMULATED/DEMO
audiobook-da20f31c48dae892,PLG-BK-000287,Fisiología y fisiopatología pulmonar: estudios de casos (2a. ed.),6764,"[""Narrador DEMO PLIEGO (sin identidad bibliográfica)""]",SIMULATED/DEMO
audiobook-dc33785bd60e4578,PLG-BK-000284,Fundamentos de farmacología oncológica,5550,"[""Narrador DEMO PLIEGO (sin identidad bibliográfica)""]",SIMULATED/DEMO
audiobook-c8a5563777e61d13,PLG-BK-000175,Manual de fisiología articular,6255,"[""Narrador DEMO PLIEGO (sin identidad bibliográfica)""]",SIMULATED/DEMO
audiobook-7c90703dd5f5bc7d,PLG-BK-000088,Manual de práctica de semiología clínica,4482,"[""Narrador DEMO PLIEGO (sin identidad bibliográfica)""]",SIMULATED/DEMO
audiobook-2d193ee8f693ac3d,PLG-BK-000164,"Neuroanatomía, funcional y clínica (5a. ed.)",3131,"[""Narrador DEMO PLIEGO (sin identidad bibliográfica)""]",SIMULATED/DEMO
audiobook-6c6624b4dbb6c732,PLG-BK-000195,"Oxígeno: fisiología, terapéutica, toxicidad",6152,"[""Narrador DEMO PLIEGO (sin identidad bibliográfica)""]",SIMULATED/DEMO
audiobook-ae42295f28b58397,PLG-BK-000243,Proceso de valoración semiológica de Chávez para el cuidado de enfermería,1149,"[""Narrador DEMO PLIEGO (sin identidad bibliográfica)""]",SIMULATED/DEMO
audiobook-2a1df67176eecdd4,PLG-BK-000137,Semiología: sistema craneomandibular,4011,"[""Narrador DEMO PLIEGO (sin identidad bibliográfica)""]",SIMULATED/DEMO
audiobook-8b4726e2a5b9d46d,PLG-BK-000197,Temas claves: neuroanatomía (4a. ed.),5633,"[""Narrador DEMO PLIEGO (sin identidad bibliográfica)""]",SIMULATED/DEMO
