candidate_id,proposed_sku,format,title,precio,currency,kind,commercial_price_claim
ebook-d901c48cf0708fb8,PLG-BK-000178,EBOOK,Historia de historias,9.99,USD,SIMULATED/DEMO,False
ebook-152fc74e8097c3b1,PLG-BK-000185,EBOOK,La era victoriana en literatura,5.99,USD,SIMULATED/DEMO,False
ebook-5c51985965164200,PLG-BK-000283,EBOOK,La literatura,22.99,USD,SIMULATED/DEMO,False
ebook-be4f33f6d94229e7,PLG-BK-000229,EBOOK,La literatura dramática,11.99,USD,SIMULATED/DEMO,False
ebook-404c350b49f8d484,PLG-BK-000085,EBOOK,La literatura española,13.99,USD,SIMULATED/DEMO,False
ebook-6fb37f2956809505,PLG-BK-000122,EBOOK,Literatura clásica,16.99,USD,SIMULATED/DEMO,False
ebook-b6e98eacfdbf3d38,PLG-BK-000208,EBOOK,Literatura española,7.99,USD,SIMULATED/DEMO,False
ebook-a310ba6cc9128e79,PLG-BK-000160,EBOOK,Literatura Oriental,6.99,USD,SIMULATED/DEMO,False
ebook-0762786d97e31d89,PLG-BK-000089,EBOOK,Literatura universal,22.99,USD,SIMULATED/DEMO,False
ebook-09c6216e91ce8a01,PLG-BK-000159,EBOOK,Literatura y cine,10.99,USD,SIMULATED/DEMO,False
ebook-d7c3927d622d4808,PLG-BK-000079,EBOOK,Literaturas compartidas,19.99,USD,SIMULATED/DEMO,False
ebook-de8cba7332b1dd7d,PLG-BK-000163,EBOOK,Páginas de historia,18.99,USD,SIMULATED/DEMO,False
ebook-cef7824007532bb5,PLG-BK-000095,EBOOK,Romancero gitano,20.99,USD,SIMULATED/DEMO,False
ebook-4f88eff5a246dfab,PLG-BK-000228,EBOOK,Filosofía antigua,14.99,USD,SIMULATED/DEMO,False
ebook-039e638e77cb6360,PLG-BK-000193,EBOOK,Filosofía como metanoética,21.99,USD,SIMULATED/DEMO,False
ebook-7c9ecb657fb9f797,PLG-BK-000277,EBOOK,Filosofía contemporánea,16.99,USD,SIMULATED/DEMO,False
ebook-00ba74890bbeded4,PLG-BK-000106,EBOOK,Filosofía de la ciencia (2a. ed.),22.99,USD,SIMULATED/DEMO,False
ebook-a0a42f8e10e65611,PLG-BK-000090,EBOOK,Filosofía de la cultura (2a. ed.),24.99,USD,SIMULATED/DEMO,False
ebook-34ce7fb4dbe3d5ea,PLG-BK-000214,EBOOK,Filosofía de la religión,17.99,USD,SIMULATED/DEMO,False
ebook-c740fdc211f952d1,PLG-BK-000057,EBOOK,Filosofía del conocimiento (2a. ed.),15.99,USD,SIMULATED/DEMO,False
ebook-00fe541f8e191ee1,PLG-BK-000134,EBOOK,Filosofía del lenguaje,12.99,USD,SIMULATED/DEMO,False
ebook-bd71367cdab1060c,PLG-BK-000123,EBOOK,Filosofía del renacimiento,22.99,USD,SIMULATED/DEMO,False
ebook-9acec40ecdb659ec,PLG-BK-000168,EBOOK,Filosofía fundamental,21.99,USD,SIMULATED/DEMO,False
ebook-bbedcd4f008dc1f8,PLG-BK-000247,EBOOK,Filosofía general,21.99,USD,SIMULATED/DEMO,False
ebook-0ac02126c2eb936a,PLG-BK-000304,EBOOK,Filosofía medieval,13.99,USD,SIMULATED/DEMO,False
ebook-a452742cfae417a9,PLG-BK-000296,EBOOK,Filosofía moderna,14.99,USD,SIMULATED/DEMO,False
ebook-6866fe06c580051a,PLG-BK-000100,EBOOK,Filosofía para Irene,18.99,USD,SIMULATED/DEMO,False
ebook-32ea66d0a615db40,PLG-BK-000270,EBOOK,Filosofía política,10.99,USD,SIMULATED/DEMO,False
ebook-0072a41519535ed6,PLG-BK-000107,EBOOK,Filosofía y palomitas,17.99,USD,SIMULATED/DEMO,False
ebook-4de59f9ea9c0380f,PLG-BK-000239,EBOOK,La filosofía de la tecnología,13.99,USD,SIMULATED/DEMO,False
ebook-216488251242cf20,PLG-BK-000062,EBOOK,Las tareas de la filosofía,13.99,USD,SIMULATED/DEMO,False
ebook-14fff49a1571571a,PLG-BK-000221,EBOOK,¿Qué es Filosofía?,19.99,USD,SIMULATED/DEMO,False
ebook-697837145d693b86,PLG-BK-000315,EBOOK,¿Qué es la filosofía?,23.99,USD,SIMULATED/DEMO,False
ebook-0fe3847a7ff875c7,PLG-BK-000129,EBOOK,El mundo de la psicología,15.99,USD,SIMULATED/DEMO,False
ebook-13fe5aaddb7931dd,PLG-BK-000145,EBOOK,Estadística en psicología,5.99,USD,SIMULATED/DEMO,False
ebook-7f4b1c3b4d2275b4,PLG-BK-000148,EBOOK,Homosexualidad y psicología (2a. ed.),6.99,USD,SIMULATED/DEMO,False
ebook-9e5abbbd2405e7b5,PLG-BK-000271,EBOOK,La psicología y su pluralidad,10.99,USD,SIMULATED/DEMO,False
ebook-a6d0ccd57418264c,PLG-BK-000249,EBOOK,Psicología clínica,14.99,USD,SIMULATED/DEMO,False
ebook-a1526abacd1bdb70,PLG-BK-000072,EBOOK,Psicología de la competición,6.99,USD,SIMULATED/DEMO,False
ebook-d690a764a51c9691,PLG-BK-000218,EBOOK,Psicología de la personalidad,6.99,USD,SIMULATED/DEMO,False
ebook-8a486f9b57ac9316,PLG-BK-000165,EBOOK,Psicología de las masas (6a. ed.),17.99,USD,SIMULATED/DEMO,False
ebook-e509af1fb945cdd3,PLG-BK-000136,EBOOK,Psicología del niño (18a. ed.),12.99,USD,SIMULATED/DEMO,False
ebook-81d10bac39520b9d,PLG-BK-000199,EBOOK,Psicología diferencial,12.99,USD,SIMULATED/DEMO,False
ebook-555c90c48e9c9991,PLG-BK-000144,EBOOK,Psicología general (3a. ed.),5.99,USD,SIMULATED/DEMO,False
ebook-67511892222078e9,PLG-BK-000220,EBOOK,Psicología médica,10.99,USD,SIMULATED/DEMO,False
ebook-ba2dc1c5b664546f,PLG-BK-000204,EBOOK,Psicología social,12.99,USD,SIMULATED/DEMO,False
ebook-5a67a4b7881c5a5f,PLG-BK-000290,EBOOK,Psicología. Lo inconsciente,5.99,USD,SIMULATED/DEMO,False
ebook-f8e97f4f26b71ec3,PLG-BK-000303,EBOOK,Psicología: polimodal,5.99,USD,SIMULATED/DEMO,False
ebook-18f389fa1ff99dbe,PLG-BK-000081,EBOOK,Historia,5.99,USD,SIMULATED/DEMO,False
ebook-2b56751b895caee6,PLG-BK-000259,EBOOK,Historia de América,8.99,USD,SIMULATED/DEMO,False
ebook-4867fc8ce98b175b,PLG-BK-000173,EBOOK,Historia de Cádiz,24.99,USD,SIMULATED/DEMO,False
ebook-b668bfd19c2b596c,PLG-BK-000241,EBOOK,Historia de Córdoba,11.99,USD,SIMULATED/DEMO,False
ebook-15ff99c2d2fa9523,PLG-BK-000114,EBOOK,Historia de Francia,9.99,USD,SIMULATED/DEMO,False
ebook-962e5b8ad3725942,PLG-BK-000082,EBOOK,Historia de Irlanda (3a. ed.),18.99,USD,SIMULATED/DEMO,False
ebook-af6ad49654985125,PLG-BK-000302,EBOOK,Historia de Italia (2a. ed.),5.99,USD,SIMULATED/DEMO,False
ebook-842788ea6c161a3d,PLG-BK-000255,EBOOK,Historia de la cultura en la América hispánica,11.99,USD,SIMULATED/DEMO,False
ebook-4e24ef789a1c76b5,PLG-BK-000167,EBOOK,Historia de la India (3a. ed.),11.99,USD,SIMULATED/DEMO,False
ebook-e804e1bc6a8c36cb,PLG-BK-000170,EBOOK,Historia de los Estados Unidos de América,8.99,USD,SIMULATED/DEMO,False
ebook-feb8d575cc7258a0,PLG-BK-000250,EBOOK,Historia de México,12.99,USD,SIMULATED/DEMO,False
ebook-7f0c6a2a50f028d5,PLG-BK-000211,EBOOK,Historia de Rusia,12.99,USD,SIMULATED/DEMO,False
ebook-e252c4f94c85fd0a,PLG-BK-000201,EBOOK,Historia de Tlaxcala,5.99,USD,SIMULATED/DEMO,False
ebook-1fb792ea40eb7626,PLG-BK-000194,EBOOK,Historia de Yucatán,12.99,USD,SIMULATED/DEMO,False
ebook-02b1d39c9908dbf0,PLG-BK-000068,EBOOK,Historia económica,21.99,USD,SIMULATED/DEMO,False
ebook-de34d5542d024bc3,PLG-BK-000256,EBOOK,Historia mínima de Estados Unidos de América,23.99,USD,SIMULATED/DEMO,False
ebook-b379868c14ca7b31,PLG-BK-000093,EBOOK,Historia mínima de los feminismos en América Latina,16.99,USD,SIMULATED/DEMO,False
ebook-148c1de0d90004d4,PLG-BK-000246,EBOOK,Historia mínima del constitucionalismo en América Latina,14.99,USD,SIMULATED/DEMO,False
ebook-12ce3edbc4487ab6,PLG-BK-000238,EBOOK,Historia mínima del indigenismo en América Latina,19.99,USD,SIMULATED/DEMO,False
ebook-ef32a36cd03793a4,PLG-BK-000065,EBOOK,La mujer en la historia,18.99,USD,SIMULATED/DEMO,False
ebook-0f5000c8bc3a8ecf,PLG-BK-000223,EBOOK,Otra historia de Córdoba,9.99,USD,SIMULATED/DEMO,False
ebook-d0cf3f3fed782a4e,PLG-BK-000115,EBOOK,Aproximación a la sociología contemporánea,8.99,USD,SIMULATED/DEMO,False
ebook-711fb68a9d1c1939,PLG-BK-000155,EBOOK,El rombo de las investigaciones de las ciencias sociales,12.99,USD,SIMULATED/DEMO,False
ebook-4ac8547af589f7e1,PLG-BK-000216,EBOOK,El uso de la encuesta en las ciencias sociales,10.99,USD,SIMULATED/DEMO,False
ebook-541429bc6acffd71,PLG-BK-000274,EBOOK,Fundamentos de las ciencias sociales,20.99,USD,SIMULATED/DEMO,False
ebook-0d78e2440f6ba335,PLG-BK-000133,EBOOK,Hackear la ciencia social: una invitación a la investigación social en entornos digitales,15.99,USD,SIMULATED/DEMO,False
ebook-997e260c21f258bd,PLG-BK-000071,EBOOK,Invitación a la sociología de la comunicación,23.99,USD,SIMULATED/DEMO,False
ebook-af244eb94493ca89,PLG-BK-000280,EBOOK,La explicación del comportamiento social: más tuercas y tornillos para las ciencias sociales,17.99,USD,SIMULATED/DEMO,False
ebook-1a25892f70337822,PLG-BK-000267,EBOOK,La sociología como vocación,18.99,USD,SIMULATED/DEMO,False
ebook-a4d5f0e830d96d37,PLG-BK-000226,EBOOK,Las ciencias sociales en discusión,22.99,USD,SIMULATED/DEMO,False
ebook-a5e19a50f4c71684,PLG-BK-000102,EBOOK,Proyectos de investigación en ciencias sociales,7.99,USD,SIMULATED/DEMO,False
ebook-016c49e894bee2b6,PLG-BK-000112,EBOOK,Sociología de la religión,22.99,USD,SIMULATED/DEMO,False
ebook-cc9f19126ca42ad8,PLG-BK-000257,EBOOK,Sociología de las organizaciones complejas,15.99,USD,SIMULATED/DEMO,False
ebook-06e3cbfc2797ff27,PLG-BK-000103,EBOOK,Sociología del mal,19.99,USD,SIMULATED/DEMO,False
ebook-bae0fd5cba9e0efe,PLG-BK-000252,EBOOK,Sociología del saber,6.99,USD,SIMULATED/DEMO,False
ebook-51253acb06094152,PLG-BK-000069,EBOOK,Sociología jurídica,6.99,USD,SIMULATED/DEMO,False
ebook-a028e089a115927a,PLG-BK-000244,EBOOK,Sociologías de la moda,4.99,USD,SIMULATED/DEMO,False
ebook-abf41cf48407b627,PLG-BK-000182,EBOOK,Tragedia y sociología,19.99,USD,SIMULATED/DEMO,False
ebook-a5f63174410bc51e,PLG-BK-000308,EBOOK,Biología cuántica,14.99,USD,SIMULATED/DEMO,False
ebook-9e0170ed63685c45,PLG-BK-000104,EBOOK,Biología de hongos,18.99,USD,SIMULATED/DEMO,False
ebook-8598c47d271fd83e,PLG-BK-000179,EBOOK,Biología para ciencias ambientales,8.99,USD,SIMULATED/DEMO,False
ebook-9fd94e585e52923a,PLG-BK-000116,EBOOK,Ecología química,11.99,USD,SIMULATED/DEMO,False
ebook-406219fdd9361588,PLG-BK-000278,EBOOK,Física de la música,20.99,USD,SIMULATED/DEMO,False
ebook-afdd523836273442,PLG-BK-000206,EBOOK,Física del estado sólido,22.99,USD,SIMULATED/DEMO,False
ebook-a9dc9b16ce0ee11b,PLG-BK-000222,EBOOK,Física experimental,6.99,USD,SIMULATED/DEMO,False
ebook-4f4ad6da3cd6e43c,PLG-BK-000258,EBOOK,Física fundamental,20.99,USD,SIMULATED/DEMO,False
ebook-ffd0c6ebbc7e8688,PLG-BK-000295,EBOOK,Física y programación,23.99,USD,SIMULATED/DEMO,False
ebook-197928bfdeb8ee42,PLG-BK-000198,EBOOK,Introducción a la física,4.99,USD,SIMULATED/DEMO,False
ebook-80b87603433ba1ab,PLG-BK-000219,EBOOK,Problemas de Física (27a. ed.),8.99,USD,SIMULATED/DEMO,False
ebook-d2d6d2bdfba7e8fe,PLG-BK-000078,EBOOK,Química experimental (2a. ed.),10.99,USD,SIMULATED/DEMO,False
ebook-39051a640e5a8148,PLG-BK-000300,EBOOK,Química orgánica,21.99,USD,SIMULATED/DEMO,False
ebook-b421ab6f24f50249,PLG-BK-000183,EBOOK,Administración de proyectos de informática,17.99,USD,SIMULATED/DEMO,False
ebook-0657617b175f64ec,PLG-BK-000309,EBOOK,Cómo y cuándo aplicar un robot industrial,7.99,USD,SIMULATED/DEMO,False
ebook-df981df71d5c210c,PLG-BK-000156,EBOOK,Desarrollo de microservicios con Python,19.99,USD,SIMULATED/DEMO,False
ebook-9a7f987260e27217,PLG-BK-000099,EBOOK,Fundamentos de informática,19.99,USD,SIMULATED/DEMO,False
ebook-f21784d4bc1ea6cb,PLG-BK-000272,EBOOK,Fundamentos de robótica (2a. ed.),18.99,USD,SIMULATED/DEMO,False
ebook-97a48b16ae9ae001,PLG-BK-000299,EBOOK,Informática forense,14.99,USD,SIMULATED/DEMO,False
ebook-ad439734605ce67e,PLG-BK-000233,EBOOK,Mantenimiento de equipos informáticos,19.99,USD,SIMULATED/DEMO,False
ebook-61d7de82ee40a320,PLG-BK-000191,EBOOK,Tkinter. Desarrollo de interfaces gráficas con Python (2a. ed.),22.99,USD,SIMULATED/DEMO,False
ebook-72ebb91eb6d24946,PLG-BK-000262,EBOOK,Técnicas de la auditoría informática,5.99,USD,SIMULATED/DEMO,False
ebook-a0afc19150ca51a9,PLG-BK-000171,EBOOK,Análisis matemático,18.99,USD,SIMULATED/DEMO,False
ebook-714897609843648e,PLG-BK-000200,EBOOK,Análisis matemático,20.99,USD,SIMULATED/DEMO,False
ebook-4c43b7b6b2f7d801,PLG-BK-000286,EBOOK,Estadística matemática,9.99,USD,SIMULATED/DEMO,False
ebook-e7ad27a2d7986fb8,PLG-BK-000064,EBOOK,Fundamentos de matemáticas,10.99,USD,SIMULATED/DEMO,False
ebook-47d0e535b02ad600,PLG-BK-000268,EBOOK,Iniciación a las matemáticas,20.99,USD,SIMULATED/DEMO,False
ebook-0bb555fed263f27e,PLG-BK-000092,EBOOK,Introducción a las matemáticas,12.99,USD,SIMULATED/DEMO,False
ebook-130f04b7f33dfe76,PLG-BK-000131,EBOOK,Las matemáticas de la luz,5.99,USD,SIMULATED/DEMO,False
ebook-eca4b568c194b9d0,PLG-BK-000313,EBOOK,Las matemáticas de los cristales,5.99,USD,SIMULATED/DEMO,False
ebook-f8eb2117edbe4873,PLG-BK-000176,EBOOK,Las matemáticas de nuestra vida,17.99,USD,SIMULATED/DEMO,False
ebook-dc02b5a84a5bfb29,PLG-BK-000128,EBOOK,Las matemáticas ocultas,8.99,USD,SIMULATED/DEMO,False
ebook-d3d40c615e3ed52f,PLG-BK-000105,EBOOK,Lo imposible en matemáticas,6.99,USD,SIMULATED/DEMO,False
ebook-f92c6a802890688d,PLG-BK-000152,EBOOK,Matemática en espiral,13.99,USD,SIMULATED/DEMO,False
ebook-ecb575e0c500e089,PLG-BK-000063,EBOOK,Matemática estructural,11.99,USD,SIMULATED/DEMO,False
ebook-b2ba6d8bffd99663,PLG-BK-000240,EBOOK,Matemáticas básicas (4a. ed.),22.99,USD,SIMULATED/DEMO,False
ebook-c2773c7db8f50e89,PLG-BK-000289,EBOOK,Pensar en la matemática,6.99,USD,SIMULATED/DEMO,False
ebook-36d210b116c5c9e4,PLG-BK-000094,EBOOK,Anatomía general,22.99,USD,SIMULATED/DEMO,False
ebook-8bacb70c2a10b291,PLG-BK-000150,EBOOK,Bioquímica para Medicina,4.99,USD,SIMULATED/DEMO,False
ebook-1013c1955d12bfac,PLG-BK-000083,EBOOK,Biotecnología aplicada a la medicina,14.99,USD,SIMULATED/DEMO,False
ebook-732305bbd6f1cb11,PLG-BK-000237,EBOOK,Diccionario etimológico de medicina,21.99,USD,SIMULATED/DEMO,False
ebook-3adc3af0416192dc,PLG-BK-000212,EBOOK,El ABC de la medicina interna,14.99,USD,SIMULATED/DEMO,False
ebook-02ab3e1a2d1bf720,PLG-BK-000091,EBOOK,El lenguaje de la medicina,23.99,USD,SIMULATED/DEMO,False
ebook-a9d3e8cac852073e,PLG-BK-000217,EBOOK,Electrocardiografía en medicina prehospitalaria,24.99,USD,SIMULATED/DEMO,False
ebook-83015172611403ff,PLG-BK-000265,EBOOK,Fundamentos de la medicina forense,11.99,USD,SIMULATED/DEMO,False
ebook-c62fc0afaeebeef1,PLG-BK-000073,EBOOK,Hacia la medicina del futuro,24.99,USD,SIMULATED/DEMO,False
ebook-8538d91358940113,PLG-BK-000254,EBOOK,Historia y filosofía de la medicina,23.99,USD,SIMULATED/DEMO,False
ebook-8cc0d0f6ab2cc224,PLG-BK-000169,EBOOK,Introducción a la Medicina,15.99,USD,SIMULATED/DEMO,False
ebook-fd0821640112f205,PLG-BK-000121,EBOOK,La física en la medicina (3a. ed.),5.99,USD,SIMULATED/DEMO,False
ebook-35f5ee7cd1dbd914,PLG-BK-000215,EBOOK,La mujer en el ejercicio de la medicina,8.99,USD,SIMULATED/DEMO,False
ebook-c2dfe127dab4c883,PLG-BK-000154,EBOOK,Láser en medicina,15.99,USD,SIMULATED/DEMO,False
ebook-a53be3387773971a,PLG-BK-000119,EBOOK,Medicina de bolsillo (5a. ed.),16.99,USD,SIMULATED/DEMO,False
ebook-26949727c7f52ee9,PLG-BK-000298,EBOOK,Medicina humanitaria,7.99,USD,SIMULATED/DEMO,False
ebook-7eb366f26ec5faeb,PLG-BK-000061,EBOOK,Medicina intensiva,13.99,USD,SIMULATED/DEMO,False
ebook-fb9ab4ccfe851ce8,PLG-BK-000140,EBOOK,Medicina Legal (2a. ed.),21.99,USD,SIMULATED/DEMO,False
ebook-24ff9f953ed9a282,PLG-BK-000210,EBOOK,Síndromes en medicina interna,23.99,USD,SIMULATED/DEMO,False
audiobook-8a40bb278ab30a3b,PLG-BK-000279,AUDIOBOOK,Cómo comportarse en la multitud: una novela,26.99,USD,SIMULATED/DEMO,False
audiobook-91b68a3cdb70cf6c,PLG-BK-000213,AUDIOBOOK,Cómo se hace una novela,31.99,USD,SIMULATED/DEMO,False
audiobook-3ce2558363ac8234,PLG-BK-000149,AUDIOBOOK,Discurso y conflicto en la novela,22.99,USD,SIMULATED/DEMO,False
audiobook-4058fa136c5702ee,PLG-BK-000293,AUDIOBOOK,El retorno de los desplazados: novela,10.99,USD,SIMULATED/DEMO,False
audiobook-227ccd7c091f9040,PLG-BK-000261,AUDIOBOOK,Está temblando. Novela,25.99,USD,SIMULATED/DEMO,False
audiobook-2de821b1482db906,PLG-BK-000074,AUDIOBOOK,La confesión: novela,7.99,USD,SIMULATED/DEMO,False
audiobook-d660454291ad5fa3,PLG-BK-000209,AUDIOBOOK,La novela rosa,33.99,USD,SIMULATED/DEMO,False
audiobook-98a1a860b5649584,PLG-BK-000174,AUDIOBOOK,Lady Susan y otras novelas,19.99,USD,SIMULATED/DEMO,False
audiobook-2b8c1c97bbc86318,PLG-BK-000147,AUDIOBOOK,Las novelas de Torquemada,31.99,USD,SIMULATED/DEMO,False
audiobook-d4d96850c4ea25cb,PLG-BK-000130,AUDIOBOOK,Novela negra con argentinos,28.99,USD,SIMULATED/DEMO,False
audiobook-b917d2622c19f5b7,PLG-BK-000111,AUDIOBOOK,Novelas amorosas y ejemplares,16.99,USD,SIMULATED/DEMO,False
audiobook-524d4e31cdfd7fd8,PLG-BK-000138,AUDIOBOOK,Valentín: novela histórica,23.99,USD,SIMULATED/DEMO,False
audiobook-c7c794efb03c3148,PLG-BK-000110,AUDIOBOOK,Escritos sobre ética,11.99,USD,SIMULATED/DEMO,False
audiobook-43dc30b23ed17e4e,PLG-BK-000276,AUDIOBOOK,La responsividad ética,23.99,USD,SIMULATED/DEMO,False
audiobook-724a798ecab60e86,PLG-BK-000142,AUDIOBOOK,La ética en la era de la tecnociencia,9.99,USD,SIMULATED/DEMO,False
audiobook-2d0a07a10e6b0b80,PLG-BK-000297,AUDIOBOOK,La ética explorada,13.99,USD,SIMULATED/DEMO,False
audiobook-2e27906c918a7d2d,PLG-BK-000264,AUDIOBOOK,Metafísica de la web,22.99,USD,SIMULATED/DEMO,False
audiobook-f1fae131a4859d4d,PLG-BK-000203,AUDIOBOOK,¿Hay que desconstruir la metafísica?,12.99,USD,SIMULATED/DEMO,False
audiobook-1b8619eae91a6a97,PLG-BK-000245,AUDIOBOOK,¿Qué es eso llamado metafísica?,11.99,USD,SIMULATED/DEMO,False
audiobook-1ec4175129c2f6f9,PLG-BK-000060,AUDIOBOOK,Ética básica (3a. ed.),14.99,USD,SIMULATED/DEMO,False
audiobook-c922336fdf5b1257,PLG-BK-000235,AUDIOBOOK,Ética de la comunicación,10.99,USD,SIMULATED/DEMO,False
audiobook-7c148898de839f87,PLG-BK-000076,AUDIOBOOK,Ética de la sexualidad,33.99,USD,SIMULATED/DEMO,False
audiobook-7af4d1003a034ea7,PLG-BK-000225,AUDIOBOOK,Ética de las nanotecnologías,20.99,USD,SIMULATED/DEMO,False
audiobook-54322882e821818c,PLG-BK-000077,AUDIOBOOK,Ética general (6a. ed.),30.99,USD,SIMULATED/DEMO,False
audiobook-c1b41020fd3c464c,PLG-BK-000126,AUDIOBOOK,Ética y cultura,27.99,USD,SIMULATED/DEMO,False
audiobook-d6813d23c882b658,PLG-BK-000125,AUDIOBOOK,Ética y libertad,24.99,USD,SIMULATED/DEMO,False
audiobook-e13bdd919ce475f6,PLG-BK-000118,AUDIOBOOK,Ética y política,27.99,USD,SIMULATED/DEMO,False
audiobook-e9c64ba5698c0cc9,PLG-BK-000157,AUDIOBOOK,Ética y psicoanálisis,8.99,USD,SIMULATED/DEMO,False
audiobook-55c9e35ac75d34cf,PLG-BK-000196,AUDIOBOOK,24 ideas para una psicoterapia breve (2a. ed.),32.99,USD,SIMULATED/DEMO,False
audiobook-4a795b65bdfd9ca1,PLG-BK-000242,AUDIOBOOK,Constructivismo y psicoterapia (3a. ed.),9.99,USD,SIMULATED/DEMO,False
audiobook-6e39f5b1f9e5f84f,PLG-BK-000172,AUDIOBOOK,Crítica de la psicoterapia integrativa,13.99,USD,SIMULATED/DEMO,False
audiobook-b2d3df9243256b1b,PLG-BK-000117,AUDIOBOOK,Escritos de psicoterapia cognitiva,24.99,USD,SIMULATED/DEMO,False
audiobook-37f13fad292b679a,PLG-BK-000227,AUDIOBOOK,Historia de la psicología,14.99,USD,SIMULATED/DEMO,False
audiobook-515007baa9e819ef,PLG-BK-000096,AUDIOBOOK,Historia de la psicología en Colombia,29.99,USD,SIMULATED/DEMO,False
audiobook-c66b08fc14cb351c,PLG-BK-000253,AUDIOBOOK,Lecciones de psicología cognitiva,33.99,USD,SIMULATED/DEMO,False
audiobook-688c3a28f1d3c7da,PLG-BK-000180,AUDIOBOOK,Principios de una psicoterapia de la psicosis,34.99,USD,SIMULATED/DEMO,False
audiobook-75d305b10d871ee4,PLG-BK-000307,AUDIOBOOK,Psicología de la música,13.99,USD,SIMULATED/DEMO,False
audiobook-392b2831c54b8b36,PLG-BK-000248,AUDIOBOOK,Psicología del crecimiento interior,15.99,USD,SIMULATED/DEMO,False
audiobook-bc5d121d338cba2f,PLG-BK-000288,AUDIOBOOK,Psicología del delincuente,22.99,USD,SIMULATED/DEMO,False
audiobook-2958ef439959c6b6,PLG-BK-000139,AUDIOBOOK,Psicología del Poder,11.99,USD,SIMULATED/DEMO,False
audiobook-fc7e8871dd33f964,PLG-BK-000306,AUDIOBOOK,"Psicoterapia, asesoramiento y consejería (2a. ed.)",20.99,USD,SIMULATED/DEMO,False
audiobook-b3f705160d54dbfe,PLG-BK-000181,AUDIOBOOK,Temas de psicología práctica,13.99,USD,SIMULATED/DEMO,False
audiobook-fcd4ee9a90e733d4,PLG-BK-000301,AUDIOBOOK,Teoría y técnica de la psicoterapia psicoanalítica,25.99,USD,SIMULATED/DEMO,False
audiobook-5ffda6c39b6efed0,PLG-BK-000109,AUDIOBOOK,Cleopatra: una vida,17.99,USD,SIMULATED/DEMO,False
audiobook-c010fe1dc07ad8d9,PLG-BK-000101,AUDIOBOOK,Historia mínima de Brasil,23.99,USD,SIMULATED/DEMO,False
audiobook-c5aaef0d8aa67d63,PLG-BK-000141,AUDIOBOOK,Historia mínima de Centroamérica,14.99,USD,SIMULATED/DEMO,False
audiobook-93b9e1556ed1909c,PLG-BK-000184,AUDIOBOOK,Historia mínima de Chile,30.99,USD,SIMULATED/DEMO,False
audiobook-8353ef125b47830b,PLG-BK-000067,AUDIOBOOK,Historia mínima de Cuba,21.99,USD,SIMULATED/DEMO,False
audiobook-5ce7895763a94ba2,PLG-BK-000059,AUDIOBOOK,Historia mínima de Filipinas,31.99,USD,SIMULATED/DEMO,False
audiobook-3e4cdaec6f0f53ba,PLG-BK-000075,AUDIOBOOK,Historia mínima de Israel,22.99,USD,SIMULATED/DEMO,False
audiobook-4fe7602af2ff65e0,PLG-BK-000282,AUDIOBOOK,Historia mínima de la deuda externa de Latinoamérica,8.99,USD,SIMULATED/DEMO,False
audiobook-c43379ed1e172b68,PLG-BK-000066,AUDIOBOOK,Historia mínima de la eugenesia en América Latina,10.99,USD,SIMULATED/DEMO,False
audiobook-8a8026589089416b,PLG-BK-000192,AUDIOBOOK,Historia mínima de la globalización temprana,26.99,USD,SIMULATED/DEMO,False
audiobook-176d5792f8d5303e,PLG-BK-000097,AUDIOBOOK,Historia mínima de la Inquisición,15.99,USD,SIMULATED/DEMO,False
audiobook-f3621ba9427d736d,PLG-BK-000291,AUDIOBOOK,Historia mínima de la Revolución cubana,7.99,USD,SIMULATED/DEMO,False
audiobook-2882f30b93bec4e1,PLG-BK-000263,AUDIOBOOK,Historia mínima de la transición democrática en México,34.99,USD,SIMULATED/DEMO,False
audiobook-8bfa074835747bda,PLG-BK-000166,AUDIOBOOK,Historia mínima de las constituciones en México,10.99,USD,SIMULATED/DEMO,False
audiobook-68e899b54c542016,PLG-BK-000285,AUDIOBOOK,Historia mínima de las izquierdas en México,11.99,USD,SIMULATED/DEMO,False
audiobook-cf1f2cbe3ef1e9db,PLG-BK-000113,AUDIOBOOK,Historia mínima de los judíos en la antigüedad,32.99,USD,SIMULATED/DEMO,False
audiobook-659960efe616ad92,PLG-BK-000187,AUDIOBOOK,Historia mínima de Perú,19.99,USD,SIMULATED/DEMO,False
audiobook-3df916b31d9a1795,PLG-BK-000120,AUDIOBOOK,Historia mínima de Rusia,28.99,USD,SIMULATED/DEMO,False
audiobook-b86df2c25680b773,PLG-BK-000188,AUDIOBOOK,Historia mínima de Uruguay,21.99,USD,SIMULATED/DEMO,False
audiobook-7411ad44a2e96d63,PLG-BK-000084,AUDIOBOOK,Historia mínima del PRI,16.99,USD,SIMULATED/DEMO,False
audiobook-0387aad921ca05d3,PLG-BK-000294,AUDIOBOOK,Historia mínima del Tequila,29.99,USD,SIMULATED/DEMO,False
audiobook-d29c2b72f2da902e,PLG-BK-000161,AUDIOBOOK,Los hombres del faraón: el ejército a finales del Reino Nuevo en el Antiguo Egipto,13.99,USD,SIMULATED/DEMO,False
audiobook-be5cb4237d0c750c,PLG-BK-000108,AUDIOBOOK,"Pirámides, templos y estrellas: astronomía y arqueología en el Egipto antiguo",27.99,USD,SIMULATED/DEMO,False
audiobook-3d0d136ef42177f4,PLG-BK-000177,AUDIOBOOK,Antropología de la religión,29.99,USD,SIMULATED/DEMO,False
audiobook-73771c507c8407af,PLG-BK-000312,AUDIOBOOK,Antropología de la sexualidad (2a. ed.),28.99,USD,SIMULATED/DEMO,False
audiobook-7f4d556e0ebc44b3,PLG-BK-000224,AUDIOBOOK,"Cultura, antropología y otras tonterías",22.99,USD,SIMULATED/DEMO,False
audiobook-f14fc023b95afe6b,PLG-BK-000058,AUDIOBOOK,Diccionario básico de antropología,28.99,USD,SIMULATED/DEMO,False
audiobook-066ff6da2eef4a7c,PLG-BK-000190,AUDIOBOOK,Manual de Sociología de la Familia,7.99,USD,SIMULATED/DEMO,False
audiobook-37860ea43ea9c32a,PLG-BK-000314,AUDIOBOOK,Paisajes de antropología urbana,23.99,USD,SIMULATED/DEMO,False
audiobook-da60551f03495d38,PLG-BK-000135,AUDIOBOOK,Sociología criminal,25.99,USD,SIMULATED/DEMO,False
audiobook-6e184162cc357663,PLG-BK-000266,AUDIOBOOK,Sociología del Renacimiento,21.99,USD,SIMULATED/DEMO,False
audiobook-e8a8d5d56c6bbdae,PLG-BK-000143,AUDIOBOOK,Apuntes de ecología microbiana,29.99,USD,SIMULATED/DEMO,False
audiobook-2a754808d8c97445,PLG-BK-000080,AUDIOBOOK,Astronomía: de la tierra al cosmos,30.99,USD,SIMULATED/DEMO,False
audiobook-f8ceb3a2ee2a1163,PLG-BK-000231,AUDIOBOOK,Botánica aplicada,18.99,USD,SIMULATED/DEMO,False
audiobook-ea66d96a5be19bc6,PLG-BK-000158,AUDIOBOOK,Colapso: cuando el clima lo cambia todo,27.99,USD,SIMULATED/DEMO,False
audiobook-b734e320648e8926,PLG-BK-000310,AUDIOBOOK,Ecología del Paisaje,9.99,USD,SIMULATED/DEMO,False
audiobook-9ce9ae3a37f15e8d,PLG-BK-000153,AUDIOBOOK,Glosario botánico ilustrado,10.99,USD,SIMULATED/DEMO,False
audiobook-b57cdac6c1c6043b,PLG-BK-000151,AUDIOBOOK,Introducción a la geología (2a. ed.),15.99,USD,SIMULATED/DEMO,False
audiobook-f4e93bafe1053b4c,PLG-BK-000292,AUDIOBOOK,La astronomía es fácil,10.99,USD,SIMULATED/DEMO,False
audiobook-09f707889516a345,PLG-BK-000146,AUDIOBOOK,Magnetismo en Geología y la prospección magnética terrestre,19.99,USD,SIMULATED/DEMO,False
audiobook-6a94e01622f5eda9,PLG-BK-000230,AUDIOBOOK,Manual de zoología,19.99,USD,SIMULATED/DEMO,False
audiobook-815903ceb1052d80,PLG-BK-000186,AUDIOBOOK,Arduino práctico. Edición 2022,25.99,USD,SIMULATED/DEMO,False
audiobook-00ba28dbbd8adb65,PLG-BK-000273,AUDIOBOOK,Bases de datos avanzadas,26.99,USD,SIMULATED/DEMO,False
audiobook-3a1c22b02c0a373c,PLG-BK-000127,AUDIOBOOK,El manual de Arduino,15.99,USD,SIMULATED/DEMO,False
audiobook-42b57ca3d9730e7e,PLG-BK-000251,AUDIOBOOK,Iniciación a JavaScript,19.99,USD,SIMULATED/DEMO,False
audiobook-28ed8585d496008a,PLG-BK-000234,AUDIOBOOK,Inteligencia artificial,19.99,USD,SIMULATED/DEMO,False
audiobook-b031fc1cca8cb329,PLG-BK-000305,AUDIOBOOK,Linux para usuarios,12.99,USD,SIMULATED/DEMO,False
audiobook-eae0b77aee05260e,PLG-BK-000207,AUDIOBOOK,Programación web en java,28.99,USD,SIMULATED/DEMO,False
audiobook-88143ffe0f91701c,PLG-BK-000162,AUDIOBOOK,Redes locales,34.99,USD,SIMULATED/DEMO,False
audiobook-6d5627bd599950a8,PLG-BK-000311,AUDIOBOOK,Revolución artificial: aplicaciones basadas en inteligencia artificial,17.99,USD,SIMULATED/DEMO,False
audiobook-2e70a2bb71e8dfd5,PLG-BK-000236,AUDIOBOOK,Cálculo avanzado: introducción,19.99,USD,SIMULATED/DEMO,False
audiobook-6193d7218a6f349d,PLG-BK-000281,AUDIOBOOK,Estadística aplicada básica (2a. ed.),29.99,USD,SIMULATED/DEMO,False
audiobook-84c02787a4bc623d,PLG-BK-000189,AUDIOBOOK,Estadística Inferencial,15.99,USD,SIMULATED/DEMO,False
audiobook-3fdc91d85e14cdbc,PLG-BK-000232,AUDIOBOOK,Estadística y muestreo (14a. ed.),33.99,USD,SIMULATED/DEMO,False
audiobook-d5e1e8df5d591fa7,PLG-BK-000275,AUDIOBOOK,Fundamentos de estadística,26.99,USD,SIMULATED/DEMO,False
audiobook-41593a3c01bb3bb5,PLG-BK-000098,AUDIOBOOK,Geometría elemental,22.99,USD,SIMULATED/DEMO,False
audiobook-e802891e2e2bf310,PLG-BK-000124,AUDIOBOOK,Geometría riemanniana,26.99,USD,SIMULATED/DEMO,False
audiobook-e7e528202ac4b259,PLG-BK-000205,AUDIOBOOK,Inferencia estadística,22.99,USD,SIMULATED/DEMO,False
audiobook-98a184bad47674ce,PLG-BK-000070,AUDIOBOOK,La geometría de las ciudades,33.99,USD,SIMULATED/DEMO,False
audiobook-a73c8fe399446f23,PLG-BK-000269,AUDIOBOOK,La geometría del universo,34.99,USD,SIMULATED/DEMO,False
audiobook-8af061372fbf6a49,PLG-BK-000202,AUDIOBOOK,Una introducción a la geometría fractal,11.99,USD,SIMULATED/DEMO,False
audiobook-ccecc542047c16dd,PLG-BK-000086,AUDIOBOOK,Anatomía y fisiología básicas en el niño,9.99,USD,SIMULATED/DEMO,False
audiobook-7716c6d896d5a7b7,PLG-BK-000260,AUDIOBOOK,Anatomía y fisiología del sistema nervioso central,16.99,USD,SIMULATED/DEMO,False
audiobook-60f254fb894b8c6a,PLG-BK-000132,AUDIOBOOK,El médico en casa: manual de consulta,10.99,USD,SIMULATED/DEMO,False
audiobook-6aa70e9b3495e853,PLG-BK-000087,AUDIOBOOK,Fisiología respiratoria (8a. ed.),26.99,USD,SIMULATED/DEMO,False
audiobook-da20f31c48dae892,PLG-BK-000287,AUDIOBOOK,Fisiología y fisiopatología pulmonar: estudios de casos (2a. ed.),7.99,USD,SIMULATED/DEMO,False
audiobook-dc33785bd60e4578,PLG-BK-000284,AUDIOBOOK,Fundamentos de farmacología oncológica,9.99,USD,SIMULATED/DEMO,False
audiobook-c8a5563777e61d13,PLG-BK-000175,AUDIOBOOK,Manual de fisiología articular,13.99,USD,SIMULATED/DEMO,False
audiobook-7c90703dd5f5bc7d,PLG-BK-000088,AUDIOBOOK,Manual de práctica de semiología clínica,9.99,USD,SIMULATED/DEMO,False
audiobook-2d193ee8f693ac3d,PLG-BK-000164,AUDIOBOOK,"Neuroanatomía, funcional y clínica (5a. ed.)",23.99,USD,SIMULATED/DEMO,False
audiobook-6c6624b4dbb6c732,PLG-BK-000195,AUDIOBOOK,"Oxígeno: fisiología, terapéutica, toxicidad",9.99,USD,SIMULATED/DEMO,False
audiobook-ae42295f28b58397,PLG-BK-000243,AUDIOBOOK,Proceso de valoración semiológica de Chávez para el cuidado de enfermería,19.99,USD,SIMULATED/DEMO,False
audiobook-2a1df67176eecdd4,PLG-BK-000137,AUDIOBOOK,Semiología: sistema craneomandibular,29.99,USD,SIMULATED/DEMO,False
audiobook-8b4726e2a5b9d46d,PLG-BK-000197,AUDIOBOOK,Temas claves: neuroanatomía (4a. ed.),25.99,USD,SIMULATED/DEMO,False
