Categoria,Titulo,Autor,Archivo,Ficha,ID
Literatura,De literatura y otras monstruas,"Miranda Rodríguez, Alejandro","Literatura/De literatura y otras monstruas - Miranda Rodríguez, Alejandro.jpg",https://elibro.puce.elogim.com/es/lc/puce/titulos/232313,232313
Literatura,Dentro de la literatura,"Toro, Suso de","Literatura/Dentro de la literatura - Toro, Suso de.jpg",https://elibro.puce.elogim.com/es/lc/puce/titulos/304203,304203
Literatura,El poder de la literatura,"Cerrillo Torremocha, Pedro César","Literatura/El poder de la literatura - Cerrillo Torremocha, Pedro César.jpg",https://elibro.puce.elogim.com/es/lc/puce/titulos/57283,57283
Literatura,Entre educación y literatura,"Vargas Franco, Alfonso","Literatura/Entre educación y literatura - Vargas Franco, Alfonso.jpg",https://elibro.puce.elogim.com/es/lc/puce/titulos/129049,129049
Literatura,Historia de historias,"Uribe, Álvaro","Literatura/Historia de historias - Uribe, Álvaro.jpg",https://elibro.puce.elogim.com/es/lc/puce/titulos/117062,117062
Literatura,La era victoriana en literatura,"Chesterton, Gilbert Keith","Literatura/La era victoriana en literatura - Chesterton, Gilbert Keith.jpg",https://elibro.puce.elogim.com/es/lc/puce/titulos/191119,191119
Literatura,La lengua y la literatura,"Nervo, Amado","Literatura/La lengua y la literatura - Nervo, Amado.jpg",https://elibro.puce.elogim.com/es/lc/puce/titulos/250035,250035
Literatura,La literatura,"Martín Alegre, Sara","Literatura/La literatura - Martín Alegre, Sara.jpg",https://elibro.puce.elogim.com/es/lc/puce/titulos/56436,56436
Literatura,La literatura dramática,"Foguet, Francesc - Santamaria, Núria","Literatura/La literatura dramática - Foguet, Francesc - Santamaria, Núria.jpg",https://elibro.puce.elogim.com/es/lc/puce/titulos/156644,156644
Literatura,La literatura en el tango y el tango en la literatura,"Valencia, Asdrúbal","Literatura/La literatura en el tango y el tango en la literatura - Valencia, Asdrúbal.jpg",https://elibro.puce.elogim.com/es/lc/puce/titulos/118609,118609
Literatura,La literatura española,"Torri, Julio","Literatura/La literatura española - Torri, Julio.jpg",https://elibro.puce.elogim.com/es/lc/puce/titulos/111061,111061
Literatura,Literatura 1,Eva Lydia Oseguera Mejía,Literatura/Literatura 1 - Eva Lydia Oseguera Mejía.jpg,https://elibro.puce.elogim.com/es/lc/puce/titulos/39510,39510
Literatura,Literatura 2 (2a. ed.),Eva Lydia Oseguera Mejía,Literatura/Literatura 2 (2a. ed.) - Eva Lydia Oseguera Mejía.jpg,https://elibro.puce.elogim.com/es/lc/puce/titulos/39511,39511
Literatura,Literatura clásica,"Álvarez Bravo, Armando","Literatura/Literatura clásica - Álvarez Bravo, Armando.jpg",https://elibro.puce.elogim.com/es/lc/puce/titulos/36434,36434
Literatura,Literatura española,"Escobar Bonilla, María del Prado - Páez Martín, Juan Jesús","Literatura/Literatura española - Escobar Bonilla, María del Prado - Páez Martín, Juan Jesús.jpg",https://elibro.puce.elogim.com/es/lc/puce/titulos/57203,57203
Literatura,Literatura española,"Reyes, Alfonso","Literatura/Literatura española - Reyes, Alfonso.jpg",https://elibro.puce.elogim.com/es/lc/puce/titulos/110740,110740
Literatura,Literatura I,"Carrillo Anaya, Elsa","Literatura/Literatura I - Carrillo Anaya, Elsa.jpg",https://elibro.puce.elogim.com/es/lc/puce/titulos/40228,40228
Literatura,Literatura Oriental,"Álvarez Bravo, Armando","Literatura/Literatura Oriental - Álvarez Bravo, Armando.jpg",https://elibro.puce.elogim.com/es/lc/puce/titulos/36433,36433
Literatura,Literatura universal,"Reyes, Alfonso","Literatura/Literatura universal - Reyes, Alfonso.jpg",https://elibro.puce.elogim.com/es/lc/puce/titulos/110738,110738
Literatura,Literatura y cine,"Gutiérrez Carbajo, Francisco","Literatura/Literatura y cine - Gutiérrez Carbajo, Francisco.jpg",https://elibro.puce.elogim.com/es/lc/puce/titulos/48881,48881
Literatura,Literatura y espiritualidad,"Monroy Martínez, Juan Antonio","Literatura/Literatura y espiritualidad - Monroy Martínez, Juan Antonio.jpg",https://elibro.puce.elogim.com/es/lc/puce/titulos/268021,268021
Literatura,Literaturas compartidas,"Basile, Teresa - Foffani, Enrique","Literatura/Literaturas compartidas - Basile, Teresa - Foffani, Enrique.jpg",https://elibro.puce.elogim.com/es/lc/puce/titulos/66439,66439
Literatura,Páginas de historia,"Mitre, Bartolomé","Literatura/Páginas de historia - Mitre, Bartolomé.jpg",https://elibro.puce.elogim.com/es/lc/puce/titulos/36151,36151
Literatura,Romancero gitano,"García Lorca, Federico","Literatura/Romancero gitano - García Lorca, Federico.jpg",https://elibro.puce.elogim.com/es/lc/puce/titulos/35142,35142
Literatura,Taller de literatura,"Solórzano, José Agustín","Literatura/Taller de literatura - Solórzano, José Agustín.jpg",https://elibro.puce.elogim.com/es/lc/puce/titulos/251453,251453
Filosofía,Filosofía (2a. ed.),"Escobar Valenzuela, Gustavo","Filosofía/Filosofía (2a. ed.) - Escobar Valenzuela, Gustavo.jpg",https://elibro.puce.elogim.com/es/lc/puce/titulos/40492,40492
Filosofía,Filosofía antigua,"Pastor, W. F.","Filosofía/Filosofía antigua - Pastor, W. F..jpg",https://elibro.puce.elogim.com/es/lc/puce/titulos/36348,36348
Filosofía,Filosofía como metanoética,"Hajime, Tanabe","Filosofía/Filosofía como metanoética - Hajime, Tanabe.jpg",https://elibro.puce.elogim.com/es/lc/puce/titulos/45764,45764
Filosofía,Filosofía contemporánea,"Pastor, W. F.","Filosofía/Filosofía contemporánea - Pastor, W. F..jpg",https://elibro.puce.elogim.com/es/lc/puce/titulos/36352,36352
Filosofía,Filosofía de la ciencia (2a. ed.),"Artigas, Mariano","Filosofía/Filosofía de la ciencia (2a. ed.) - Artigas, Mariano.jpg",https://elibro.puce.elogim.com/es/lc/puce/titulos/46920,46920
Filosofía,Filosofía de la cultura (2a. ed.),"Choza, Jacinto","Filosofía/Filosofía de la cultura (2a. ed.) - Choza, Jacinto.jpg",https://elibro.puce.elogim.com/es/lc/puce/titulos/59773,59773
Filosofía,Filosofía de la finitud,"Mèlich, Joan-Carles","Filosofía/Filosofía de la finitud - Mèlich, Joan-Carles.jpg",https://elibro.puce.elogim.com/es/lc/puce/titulos/45659,45659
Filosofía,Filosofía de la religión,"Beuchot Puente, Mauricio","Filosofía/Filosofía de la religión - Beuchot Puente, Mauricio.jpg",https://elibro.puce.elogim.com/es/lc/puce/titulos/40946,40946
Filosofía,Filosofía del conocimiento (2a. ed.),"Corazón González, Rafael","Filosofía/Filosofía del conocimiento (2a. ed.) - Corazón González, Rafael.jpg",https://elibro.puce.elogim.com/es/lc/puce/titulos/46926,46926
Filosofía,Filosofía del lenguaje,"Bustos Guadaño, Eduardo de","Filosofía/Filosofía del lenguaje - Bustos Guadaño, Eduardo de.jpg",https://elibro.puce.elogim.com/es/lc/puce/titulos/48712,48712
Filosofía,Filosofía del renacimiento,"Pastor, W. F.","Filosofía/Filosofía del renacimiento - Pastor, W. F..jpg",https://elibro.puce.elogim.com/es/lc/puce/titulos/36350,36350
Filosofía,Filosofía fundamental,"Balmes, Jaime","Filosofía/Filosofía fundamental - Balmes, Jaime.jpg",https://elibro.puce.elogim.com/es/lc/puce/titulos/34402,34402
Filosofía,Filosofía general,"Pastor, W. F.","Filosofía/Filosofía general - Pastor, W. F..jpg",https://elibro.puce.elogim.com/es/lc/puce/titulos/36347,36347
Filosofía,Filosofía medieval,"Pastor, W. F.","Filosofía/Filosofía medieval - Pastor, W. F..jpg",https://elibro.puce.elogim.com/es/lc/puce/titulos/36349,36349
Filosofía,Filosofía moderna,"Pastor, W. F.","Filosofía/Filosofía moderna - Pastor, W. F..jpg",https://elibro.puce.elogim.com/es/lc/puce/titulos/36351,36351
Filosofía,Filosofía para Irene,"Choza, Jacinto","Filosofía/Filosofía para Irene - Choza, Jacinto.jpg",https://elibro.puce.elogim.com/es/lc/puce/titulos/59774,59774
Filosofía,Filosofía política,"Cruz Prados, Alfredo","Filosofía/Filosofía política - Cruz Prados, Alfredo.jpg",https://elibro.puce.elogim.com/es/lc/puce/titulos/47080,47080
Filosofía,Filosofía y palomitas,"Reina Garnacho, José Manuel","Filosofía/Filosofía y palomitas - Reina Garnacho, José Manuel.jpg",https://elibro.puce.elogim.com/es/lc/puce/titulos/52635,52635
Filosofía,Globalización y filosofía,Michael Reder,Filosofía/Globalización y filosofía - Michael Reder.jpg,https://elibro.puce.elogim.com/es/lc/puce/titulos/45667,45667
Filosofía,Historia de la filosofía,Julián Marías,Filosofía/Historia de la filosofía - Julián Marías.jpg,https://elibro.puce.elogim.com/es/lc/puce/titulos/45428,45428
Filosofía,La filosofía de la tecnología,"Sarsanedas, Anna","Filosofía/La filosofía de la tecnología - Sarsanedas, Anna.jpg",https://elibro.puce.elogim.com/es/lc/puce/titulos/57841,57841
Filosofía,Las tareas de la filosofía,"Cuartango, Román","Filosofía/Las tareas de la filosofía - Cuartango, Román.jpg",https://elibro.puce.elogim.com/es/lc/puce/titulos/53385,53385
Filosofía,¿Qué es Filosofía?,"Betancourt Delgado, William","Filosofía/¿Qué es Filosofía - Betancourt Delgado, William.jpg",https://elibro.puce.elogim.com/es/lc/puce/titulos/221757,221757
Filosofía,¿Qué es filosofía?,"Sellés, Juan Fernando","Filosofía/¿Qué es filosofía - Sellés, Juan Fernando.jpg",https://elibro.puce.elogim.com/es/lc/puce/titulos/55191,55191
Filosofía,¿Qué es la filosofía?,"Heidegger, Martin","Filosofía/¿Qué es la filosofía - Heidegger, Martin.jpg",https://elibro.puce.elogim.com/es/lc/puce/titulos/45723,45723
Psicología,Diccionario de psicología (2a. ed.),"Consuegra Anaya, Natalia","Psicología/Diccionario de psicología (2a. ed.) - Consuegra Anaya, Natalia.jpg",https://elibro.puce.elogim.com/es/lc/puce/titulos/69124,69124
Psicología,Diccionario de psicología (3a. ed.),"Ander-Egg, Ezequiel","Psicología/Diccionario de psicología (3a. ed.) - Ander-Egg, Ezequiel.jpg",https://elibro.puce.elogim.com/es/lc/puce/titulos/78223,78223
Psicología,El mundo de la psicología,"Ardila, Rubén","Psicología/El mundo de la psicología - Ardila, Rubén.jpg",https://elibro.puce.elogim.com/es/lc/puce/titulos/71138,71138
Psicología,Estadística en psicología,"Bologna, Eduardo","Psicología/Estadística en psicología - Bologna, Eduardo.jpg",https://elibro.puce.elogim.com/es/lc/puce/titulos/78041,78041
Psicología,Homosexualidad y psicología (2a. ed.),"Ardila, Rubén","Psicología/Homosexualidad y psicología (2a. ed.) - Ardila, Rubén.jpg",https://elibro.puce.elogim.com/es/lc/puce/titulos/71137,71137
Psicología,Introducción a la psicología (7a. ed.),"Cosacov, Eduardo","Psicología/Introducción a la psicología (7a. ed.) - Cosacov, Eduardo.jpg",https://elibro.puce.elogim.com/es/lc/puce/titulos/78134,78134
Psicología,La psicología y su pluralidad,"Colombo, María Elena","Psicología/La psicología y su pluralidad - Colombo, María Elena.jpg",https://elibro.puce.elogim.com/es/lc/puce/titulos/119841,119841
Psicología,Psicología clínica,"Sánchez Escobedo, Pedro Antonio","Psicología/Psicología clínica - Sánchez Escobedo, Pedro Antonio.jpg",https://elibro.puce.elogim.com/es/lc/puce/titulos/100383,100383
Psicología,Psicología de la competición,"Martín-Albo Lucas, José; Núñez Alonso, Juan Luis","Psicología/Psicología de la competición - Martín-Albo Lucas, José; Núñez Alonso, Juan Luis.jpg",https://elibro.puce.elogim.com/es/lc/puce/titulos/60221,60221
Psicología,Psicología de la escritura (8a. ed.),"Cuetos Vega, Fernando","Psicología/Psicología de la escritura (8a. ed.) - Cuetos Vega, Fernando.jpg",https://elibro.puce.elogim.com/es/lc/puce/titulos/63147,63147
Psicología,Psicología de la lectura,"Cuetos Vega, Fernando","Psicología/Psicología de la lectura - Cuetos Vega, Fernando.jpg",https://elibro.puce.elogim.com/es/lc/puce/titulos/63140,63140
Psicología,Psicología de la personalidad,"Bermúdez Moreno, José; Pérez-García, Ana María; Ruiz Caballero, José Antonio; Sanjuán Suárez, Pilar; Rueda Laffond, Beatriz","Psicología/Psicología de la personalidad - Bermúdez Moreno, José; Pérez-García, Ana María; Ruiz Caballero, José Antonio; Sanjuán Suárez, Pilar; Rueda Laffond, Beatriz.jpg",https://elibro.puce.elogim.com/es/lc/puce/titulos/48581,48581
Psicología,Psicología de la sexualidad,Javier Gómez Zapiain,Psicología/Psicología de la sexualidad - Javier Gómez Zapiain.jpg,https://elibro.puce.elogim.com/es/lc/puce/titulos/45454,45454
Psicología,Psicología de las masas (6a. ed.),"Le Bon, Gustave","Psicología/Psicología de las masas (6a. ed.) - Le Bon, Gustave.jpg",https://elibro.puce.elogim.com/es/lc/puce/titulos/116203,116203
Psicología,Psicología del deporte,"Moran, Aidan; Toner, John","Psicología/Psicología del deporte - Moran, Aidan; Toner, John.jpg",https://elibro.puce.elogim.com/es/lc/puce/titulos/39788,39788
Psicología,Psicología del niño (18a. ed.),"Piaget, Jean; Inhelder, Bärbel","Psicología/Psicología del niño (18a. ed.) - Piaget, Jean; Inhelder, Bärbel.jpg",https://elibro.puce.elogim.com/es/lc/puce/titulos/116205,116205
Psicología,Psicología del trabajo,"González, Martín; Olivares, Socorro","Psicología/Psicología del trabajo - González, Martín; Olivares, Socorro.jpg",https://elibro.puce.elogim.com/es/lc/puce/titulos/39406,39406
Psicología,Psicología diferencial,"Matud Aznar, María del Pilar; Marrero Quevedo, Rosario J.; Carballeira Abella, Mónica","Psicología/Psicología diferencial - Matud Aznar, María del Pilar; Marrero Quevedo, Rosario J.; Carballeira Abella, Mónica.jpg",https://elibro.puce.elogim.com/es/lc/puce/titulos/106631,106631
Psicología,Psicología educativa,"Cline, Tony; Gulliford, Anthea; Birch, Susan","Psicología/Psicología educativa - Cline, Tony; Gulliford, Anthea; Birch, Susan.jpg",https://elibro.puce.elogim.com/es/lc/puce/titulos/39772,39772
Psicología,Psicología general (3a. ed.),Eva Laura García González,Psicología/Psicología general (3a. ed.) - Eva Laura García González.jpg,https://elibro.puce.elogim.com/es/lc/puce/titulos/40402,40402
Psicología,Psicología médica,"Fuente, Ramón de la","Psicología/Psicología médica - Fuente, Ramón de la.jpg",https://elibro.puce.elogim.com/es/lc/puce/titulos/109986,109986
Psicología,Psicología social,"Bello Dávila, Zoe; Casales Fernández, Julio César","Psicología/Psicología social - Bello Dávila, Zoe; Casales Fernández, Julio César.jpg",https://elibro.puce.elogim.com/es/lc/puce/titulos/71802,71802
Psicología,Psicología. Lo inconsciente,"Töpf, José; Rojo, Heberto A.","Psicología/Psicología. Lo inconsciente - Töpf, José; Rojo, Heberto A..jpg",https://elibro.puce.elogim.com/es/lc/puce/titulos/119908,119908
Psicología,Psicología: polimodal,"Divenosa, Marisa; Costa, Ivana","Psicología/Psicología polimodal - Divenosa, Marisa; Costa, Ivana.jpg",https://elibro.puce.elogim.com/es/lc/puce/titulos/78946,78946
Psicología,Psicologías inútiles,"Soto Ramírez, Juan","Psicología/Psicologías inútiles - Soto Ramírez, Juan.jpg",https://elibro.puce.elogim.com/es/lc/puce/titulos/38212,38212
Historia,Historia,Javier Gálvez S.,Historia/Historia - Javier Gálvez S..jpg,https://elibro.puce.elogim.com/es/lc/puce/titulos/79196,79196
Historia,Historia de América,"Malamud, Carlos","Historia/Historia de América - Malamud, Carlos.jpg",https://elibro.puce.elogim.com/es/lc/puce/titulos/304769,304769
Historia,Historia de Cádiz,"Horozco, Agustín de","Historia/Historia de Cádiz - Horozco, Agustín de.jpg",https://elibro.puce.elogim.com/es/lc/puce/titulos/33935,33935
Historia,Historia de Córdoba,"Aguilar Gavilán, Enrique","Historia/Historia de Córdoba - Aguilar Gavilán, Enrique.jpg",https://elibro.puce.elogim.com/es/lc/puce/titulos/52407,52407
Historia,Historia de Francia,"Price, Roger","Historia/Historia de Francia - Price, Roger.jpg",https://elibro.puce.elogim.com/es/lc/puce/titulos/49779,49779
Historia,Historia de Irlanda (3a. ed.),"O’Beirne Ranelagh, John","Historia/Historia de Irlanda (3a. ed.) - O’Beirne Ranelagh, John.jpg",https://elibro.puce.elogim.com/es/lc/puce/titulos/49812,49812
Historia,Historia de Italia (2a. ed.),"Duggan, Christopher","Historia/Historia de Italia (2a. ed.) - Duggan, Christopher.jpg",https://elibro.puce.elogim.com/es/lc/puce/titulos/49780,49780
Historia,Historia de la cultura en la América hispánica,"Henríquez Ureña, Pedro","Historia/Historia de la cultura en la América hispánica - Henríquez Ureña, Pedro.jpg",https://elibro.puce.elogim.com/es/lc/puce/titulos/110160,110160
Historia,Historia de la India (3a. ed.),"Metcalf, Barbara D. - Metcalf, Thomas R.","Historia/Historia de la India (3a. ed.) - Metcalf, Barbara D. - Metcalf, Thomas R..jpg",https://elibro.puce.elogim.com/es/lc/puce/titulos/49813,49813
Historia,Historia de los Estados Unidos de América,"Grant, Susan-Mary","Historia/Historia de los Estados Unidos de América - Grant, Susan-Mary.jpg",https://elibro.puce.elogim.com/es/lc/puce/titulos/49811,49811
Historia,Historia de México,"Cavo, Andrés","Historia/Historia de México - Cavo, Andrés.jpg",https://elibro.puce.elogim.com/es/lc/puce/titulos/37244,37244
Historia,Historia de México (3a. ed.),"Martínez Ruiz, Héctor - Menchaca Espinosa, Francisco Javier","Historia/Historia de México (3a. ed.) - Martínez Ruiz, Héctor - Menchaca Espinosa, Francisco Javier.jpg",https://elibro.puce.elogim.com/es/lc/puce/titulos/40546,40546
Historia,Historia de Rusia,"Bushkovitch, Paul","Historia/Historia de Rusia - Bushkovitch, Paul.jpg",https://elibro.puce.elogim.com/es/lc/puce/titulos/49810,49810
Historia,Historia de Tlaxcala,"Muñoz y Camargo, Diego","Historia/Historia de Tlaxcala - Muñoz y Camargo, Diego.jpg",https://elibro.puce.elogim.com/es/lc/puce/titulos/62415,62415
Historia,Historia de Yucatán,"Cogolludo, Diego López de","Historia/Historia de Yucatán - Cogolludo, Diego López de.jpg",https://elibro.puce.elogim.com/es/lc/puce/titulos/61593,61593
Historia,Historia económica,José U. Bernardos Sanz - Mauro Hernández - Miguel Santamaría Lancho,Historia/Historia económica - José U. Bernardos Sanz - Mauro Hernández - Miguel Santamaría Lancho.jpg,https://elibro.puce.elogim.com/es/lc/puce/titulos/48793,48793
Historia,Historia general,Manuel Ramírez Sánchez - María Luisa Toledo Bravo de Laguna - Germán Santana Pérez,Historia/Historia general - Manuel Ramírez Sánchez - María Luisa Toledo Bravo de Laguna - Germán Santana Pérez.jpg,https://elibro.puce.elogim.com/es/lc/puce/titulos/57224,57224
Historia,Historia mínima de Estados Unidos de América,"Pani, Erika","Historia/Historia mínima de Estados Unidos de América - Pani, Erika.jpg",https://elibro.puce.elogim.com/es/lc/puce/titulos/194936,194936
Historia,Historia mínima de los feminismos en América Latina,"Barrancos, Dora","Historia/Historia mínima de los feminismos en América Latina - Barrancos, Dora.jpg",https://elibro.puce.elogim.com/es/lc/puce/titulos/194902,194902
Historia,Historia mínima del constitucionalismo en América Latina,"Portillo Valdés, José M.","Historia/Historia mínima del constitucionalismo en América Latina - Portillo Valdés, José M..jpg",https://elibro.puce.elogim.com/es/lc/puce/titulos/194943,194943
Historia,Historia mínima del indigenismo en América Latina,"Fábregas Puig, Andrés A.","Historia/Historia mínima del indigenismo en América Latina - Fábregas Puig, Andrés A..jpg",https://elibro.puce.elogim.com/es/lc/puce/titulos/216374,216374
Historia,Historia mínima del rock en América Latina,"Gilbert, Abel - Alabarces, Pablo","Historia/Historia mínima del rock en América Latina - Gilbert, Abel - Alabarces, Pablo.jpg",https://elibro.puce.elogim.com/es/lc/puce/titulos/283724,283724
Historia,La mujer en la historia,"Bel Bravo, María Antonia","Historia/La mujer en la historia - Bel Bravo, María Antonia.jpg",https://elibro.puce.elogim.com/es/lc/puce/titulos/61616,61616
Historia,Otra historia de Córdoba,"Galisteo, Roger","Historia/Otra historia de Córdoba - Galisteo, Roger.jpg",https://elibro.puce.elogim.com/es/lc/puce/titulos/51298,51298
Historia,¿Qué es la historia?,Azorín,Historia/¿Qué es la historia - Azorín.jpg,https://elibro.puce.elogim.com/es/lc/puce/titulos/43891,43891
Ciencias Sociales,Aproximación a la sociología contemporánea,"Tardivo, Giuliano","Ciencias Sociales/Aproximación a la sociología contemporánea - Tardivo, Giuliano.jpg",https://elibro.puce.elogim.com/es/lc/puce/titulos/58619,58619
Ciencias Sociales,Ciencias Sociales e investigación social,"Arteaga Basurto, Carlos; Guillermo Campos y Covarrubias; Bermúdez Sánchez, Roberto","Ciencias Sociales/Ciencias Sociales e investigación social - Arteaga Basurto, Carlos; Guillermo Campos y Covarrubias; Bermúdez Sánchez, Roberto.jpg",https://elibro.puce.elogim.com/es/lc/puce/titulos/75777,75777
Ciencias Sociales,El rombo de las investigaciones de las ciencias sociales,"Zayas Agüero, Pedro Manuel","Ciencias Sociales/El rombo de las investigaciones de las ciencias sociales - Zayas Agüero, Pedro Manuel.jpg",https://elibro.puce.elogim.com/es/lc/puce/titulos/34517,34517
Ciencias Sociales,El suicidio: un estudio de sociología,Emile Durkheim,Ciencias Sociales/El suicidio un estudio de sociología - Emile Durkheim.jpg,https://elibro.puce.elogim.com/es/lc/puce/titulos/49723,49723
Ciencias Sociales,El uso de la encuesta en las ciencias sociales,Aníbal Quispe Limaylla,Ciencias Sociales/El uso de la encuesta en las ciencias sociales - Aníbal Quispe Limaylla.jpg,https://elibro.puce.elogim.com/es/lc/puce/titulos/62860,62860
Ciencias Sociales,Fundamentos de las ciencias sociales,"Neurath, Otto","Ciencias Sociales/Fundamentos de las ciencias sociales - Neurath, Otto.jpg",https://elibro.puce.elogim.com/es/lc/puce/titulos/247167,247167
Ciencias Sociales,Hackear la ciencia social: una invitación a la investigación social en entornos digitales,"Morales i Gras, Jordi","Ciencias Sociales/Hackear la ciencia social una invitación a la investigación social en entornos digitales - Morales i Gras, Jordi.jpg",https://elibro.puce.elogim.com/es/lc/puce/titulos/213815,213815
Ciencias Sociales,Identidad profesional y trabajo social: creencias y rituales en ciencias sociales,"Dell'Anno, Amelia; Cao, José Luis; Diéguez, Alberto J.","Ciencias Sociales/Identidad profesional y trabajo social creencias y rituales en ciencias sociales - Dell'Anno, Amelia; Cao, José Luis; Diéguez, Alberto J..jpg",https://elibro.puce.elogim.com/es/lc/puce/titulos/76132,76132
Ciencias Sociales,Introducción a las ciencias sociales,"Arellano Rodríguez, César Augusto","Ciencias Sociales/Introducción a las ciencias sociales - Arellano Rodríguez, César Augusto.jpg",https://elibro.puce.elogim.com/es/lc/puce/titulos/40189,40189
Ciencias Sociales,Invitación a la sociología de la comunicación,"Busquet Duran, Jordi; Medina Cambrón, Alfons","Ciencias Sociales/Invitación a la sociología de la comunicación - Busquet Duran, Jordi; Medina Cambrón, Alfons.jpg",https://elibro.puce.elogim.com/es/lc/puce/titulos/57712,57712
Ciencias Sociales,La comprensión de lo social: horizonte hermenéutico de las ciencias sociales (3a. ed.),"Herrera González, José Darío","Ciencias Sociales/La comprensión de lo social horizonte hermenéutico de las ciencias sociales (3a. ed.) - Herrera González, José Darío.jpg",https://elibro.puce.elogim.com/es/lc/puce/titulos/246223,246223
Ciencias Sociales,La explicación del comportamiento social: más tuercas y tornillos para las ciencias sociales,"Elster, Jon","Ciencias Sociales/La explicación del comportamiento social más tuercas y tornillos para las ciencias sociales - Elster, Jon.jpg",https://elibro.puce.elogim.com/es/lc/puce/titulos/61137,61137
Ciencias Sociales,La sociología como vocación,"Alberdi Alonso, Inés","Ciencias Sociales/La sociología como vocación - Alberdi Alonso, Inés.jpg",https://elibro.puce.elogim.com/es/lc/puce/titulos/170159,170159
Ciencias Sociales,Las ciencias sociales en discusión,"Bunge, Mario","Ciencias Sociales/Las ciencias sociales en discusión - Bunge, Mario.jpg",https://elibro.puce.elogim.com/es/lc/puce/titulos/35499,35499
Ciencias Sociales,Metodología de las ciencias sociales,"Kaufmann, Felix","Ciencias Sociales/Metodología de las ciencias sociales - Kaufmann, Felix.jpg",https://elibro.puce.elogim.com/es/lc/puce/titulos/249407,249407
Ciencias Sociales,Proyectos de investigación en ciencias sociales,"Marisa D’Aquino; Rodríguez, Ethel","Ciencias Sociales/Proyectos de investigación en ciencias sociales - Marisa D’Aquino; Rodríguez, Ethel.jpg",https://elibro.puce.elogim.com/es/lc/puce/titulos/79012,79012
Ciencias Sociales,Sociología de la religión,"Weber, Max","Ciencias Sociales/Sociología de la religión - Weber, Max.jpg",https://elibro.puce.elogim.com/es/lc/puce/titulos/169287,169287
Ciencias Sociales,Sociología de las organizaciones complejas,"Ruiz Olabuénaga, José Ignacio","Ciencias Sociales/Sociología de las organizaciones complejas - Ruiz Olabuénaga, José Ignacio.jpg",https://elibro.puce.elogim.com/es/lc/puce/titulos/34008,34008
Ciencias Sociales,Sociología de las tendencias,"Erner, Guillaume","Ciencias Sociales/Sociología de las tendencias - Erner, Guillaume.jpg",https://elibro.puce.elogim.com/es/lc/puce/titulos/212049,212049
Ciencias Sociales,Sociología del mal,"Giner de San Julián, Salvador","Ciencias Sociales/Sociología del mal - Giner de San Julián, Salvador.jpg",https://elibro.puce.elogim.com/es/lc/puce/titulos/235194,235194
Ciencias Sociales,Sociología del riesgo,"Le Breton, David","Ciencias Sociales/Sociología del riesgo - Le Breton, David.jpg",https://elibro.puce.elogim.com/es/lc/puce/titulos/191437,191437
Ciencias Sociales,Sociología del saber,Max Scheler,Ciencias Sociales/Sociología del saber - Max Scheler.jpg,https://elibro.puce.elogim.com/es/lc/puce/titulos/36197,36197
Ciencias Sociales,Sociología jurídica,"Hernández, Pedro Pablo","Ciencias Sociales/Sociología jurídica - Hernández, Pedro Pablo.jpg",https://elibro.puce.elogim.com/es/lc/puce/titulos/175607,175607
Ciencias Sociales,Sociologías de la moda,"Mansilla Viedma, Pedro","Ciencias Sociales/Sociologías de la moda - Mansilla Viedma, Pedro.jpg",https://elibro.puce.elogim.com/es/lc/puce/titulos/283021,283021
Ciencias Sociales,Tragedia y sociología,"Ramos Torre, Ramón","Ciencias Sociales/Tragedia y sociología - Ramos Torre, Ramón.jpg",https://elibro.puce.elogim.com/es/lc/puce/titulos/52118,52118
Ciencias,Biología cuántica,"Miret Artés, Salvador","Ciencias/Biología cuántica - Miret Artés, Salvador.jpg",https://elibro.puce.elogim.com/es/lc/puce/titulos/233731,233731
Ciencias,Biología de hongos,"Cepero, María Caridad","Ciencias/Biología de hongos - Cepero, María Caridad.jpg",https://elibro.puce.elogim.com/es/lc/puce/titulos/69414,69414
Ciencias,Biología marina,"Penchaszadeh, Pablo","Ciencias/Biología marina - Penchaszadeh, Pablo.jpg",https://elibro.puce.elogim.com/es/lc/puce/titulos/101406,101406
Ciencias,Biología para ciencias ambientales,"Pallotti Sagripanti, C. G.; Sanchis Duato, E.","Ciencias/Biología para ciencias ambientales - Pallotti Sagripanti, C. G.; Sanchis Duato, E..jpg",https://elibro.puce.elogim.com/es/lc/puce/titulos/153581,153581
Ciencias,Ecología química,"Anaya Lang, Ana Luisa","Ciencias/Ecología química - Anaya Lang, Ana Luisa.jpg",https://elibro.puce.elogim.com/es/lc/puce/titulos/75520,75520
Ciencias,Física de campos,"Giraldo Tobón, Eugenio","Ciencias/Física de campos - Giraldo Tobón, Eugenio.jpg",https://elibro.puce.elogim.com/es/lc/puce/titulos/295196,295196
Ciencias,Física de la música,"Félix, Julián","Ciencias/Física de la música - Félix, Julián.jpg",https://elibro.puce.elogim.com/es/lc/puce/titulos/35789,35789
Ciencias,Física del estado sólido,"Meléndez Martínez, Juan J.","Ciencias/Física del estado sólido - Meléndez Martínez, Juan J..jpg",https://elibro.puce.elogim.com/es/lc/puce/titulos/289288,289288
Ciencias,Física experimental,"Ardila, Ángel Miguel","Ciencias/Física experimental - Ardila, Ángel Miguel.jpg",https://elibro.puce.elogim.com/es/lc/puce/titulos/128446,128446
Ciencias,Física fundamental,"Gómez Espíndola, José del Carmen; González Pineda, Campo Elías; Mayoral Ramírez, César Alberto","Ciencias/Física fundamental - Gómez Espíndola, José del Carmen; González Pineda, Campo Elías; Mayoral Ramírez, César Alberto.jpg",https://elibro.puce.elogim.com/es/lc/puce/titulos/131876,131876
Ciencias,Física I,"Rivera Procuna, Marco Antonio","Ciencias/Física I - Rivera Procuna, Marco Antonio.jpg",https://elibro.puce.elogim.com/es/lc/puce/titulos/173461,173461
Ciencias,Física Mecánica,"Agudelo R., Jefersson A.; Castro L., William A; Castro L., Humberto G.","Ciencias/Física Mecánica - Agudelo R., Jefersson A.; Castro L., William A; Castro L., Humberto G..jpg",https://elibro.puce.elogim.com/es/lc/puce/titulos/197046,197046
Ciencias,Física y programación,"Merino Arranz, David; Rossinyol Casals, Emma; Perez-Navarro, Antoni","Ciencias/Física y programación - Merino Arranz, David; Rossinyol Casals, Emma; Perez-Navarro, Antoni.jpg",https://elibro.puce.elogim.com/es/lc/puce/titulos/188309,188309
Ciencias,Introducción a la física,"Lara Barragán Gómez, Antonio; Núñez Trejo, Héctor","Ciencias/Introducción a la física - Lara Barragán Gómez, Antonio; Núñez Trejo, Héctor.jpg",https://elibro.puce.elogim.com/es/lc/puce/titulos/39447,39447
Ciencias,La otra física,"Martínez Aguirre, Guillermo","Ciencias/La otra física - Martínez Aguirre, Guillermo.jpg",https://elibro.puce.elogim.com/es/lc/puce/titulos/304146,304146
Ciencias,Manual de prácticas de biología,"Mesa Valle, Concepción María; Garrido Cárdenas, José Antonio","Ciencias/Manual de prácticas de biología - Mesa Valle, Concepción María; Garrido Cárdenas, José Antonio.jpg",https://elibro.puce.elogim.com/es/lc/puce/titulos/282334,282334
Ciencias,Mecánica física,"Moreno Pérez, Enrique Manuel","Ciencias/Mecánica física - Moreno Pérez, Enrique Manuel.jpg",https://elibro.puce.elogim.com/es/lc/puce/titulos/301963,301963
Ciencias,Nomenclatura química,Hugo Solís Correa,Ciencias/Nomenclatura química - Hugo Solís Correa.jpg,https://elibro.puce.elogim.com/es/lc/puce/titulos/39457,39457
Ciencias,Problemas de Física (27a. ed.),"Burbano García, Enrique; Gracia Muñoz, Carlos","Ciencias/Problemas de Física (27a. ed.) - Burbano García, Enrique; Gracia Muñoz, Carlos.jpg",https://elibro.puce.elogim.com/es/lc/puce/titulos/270906,270906
Ciencias,Química Ambiental,"Pasquali, Ricardo Conrado","Ciencias/Química Ambiental - Pasquali, Ricardo Conrado.jpg",https://elibro.puce.elogim.com/es/lc/puce/titulos/174540,174540
Ciencias,Química experimental (2a. ed.),"Pacheco Espejel, Martha Patricia; Alvarado Arellano, Martha; Sánchez Aguilar, Josefina","Ciencias/Química experimental (2a. ed.) - Pacheco Espejel, Martha Patricia; Alvarado Arellano, Martha; Sánchez Aguilar, Josefina.jpg",https://elibro.puce.elogim.com/es/lc/puce/titulos/40187,40187
Ciencias,Química forense,"Esteban Santos, Soledad; Cornago Ramírez, María del Pilar","Ciencias/Química forense - Esteban Santos, Soledad; Cornago Ramírez, María del Pilar.jpg",https://elibro.puce.elogim.com/es/lc/puce/titulos/48853,48853
Ciencias,Química orgánica,"Cabildo Miranda, María del Pilar","Ciencias/Química orgánica - Cabildo Miranda, María del Pilar.jpg",https://elibro.puce.elogim.com/es/lc/puce/titulos/48371,48371
Ciencias,Química terrestre,"Chamizo, Antonio","Ciencias/Química terrestre - Chamizo, Antonio.jpg",https://elibro.puce.elogim.com/es/lc/puce/titulos/71936,71936
Ciencias,Termodinámica química,"Criado-Sancho, Manuel; Casas-Vázquez, José; Jou, David","Ciencias/Termodinámica química - Criado-Sancho, Manuel; Casas-Vázquez, José; Jou, David.jpg",https://elibro.puce.elogim.com/es/lc/puce/titulos/175801,175801
Tecnología e Informática,Administración de proyectos de informática,"Toro López, Francisco J.","Tecnología e Informática/Administración de proyectos de informática - Toro López, Francisco J..jpg",https://elibro.puce.elogim.com/es/lc/puce/titulos/131877,131877
Tecnología e Informática,Auditoría de seguridad informática,"Gómez Vieites, Álvaro","Tecnología e Informática/Auditoría de seguridad informática - Gómez Vieites, Álvaro.jpg",https://elibro.puce.elogim.com/es/lc/puce/titulos/62464,62464
Tecnología e Informática,Automatización de procesos industriales: robótica y automática,"García Moreno, Emilio","Tecnología e Informática/Automatización de procesos industriales robótica y automática - García Moreno, Emilio.jpg",https://elibro.puce.elogim.com/es/lc/puce/titulos/129686,129686
Tecnología e Informática,Ciencia de datos con Python,"Contreras Bravo, Leonardo Emiro; Padilla Beltrán, José Eduardo","Tecnología e Informática/Ciencia de datos con Python - Contreras Bravo, Leonardo Emiro; Padilla Beltrán, José Eduardo.jpg",https://elibro.puce.elogim.com/es/lc/puce/titulos/294846,294846
Tecnología e Informática,Conceptos de informática,"Prieto Espinosa, Alberto","Tecnología e Informática/Conceptos de informática - Prieto Espinosa, Alberto.jpg",https://elibro.puce.elogim.com/es/lc/puce/titulos/50305,50305
Tecnología e Informática,Criptografía sin secretos con Python,"Arboledas Brihuega, David","Tecnología e Informática/Criptografía sin secretos con Python - Arboledas Brihuega, David.jpg",https://elibro.puce.elogim.com/es/lc/puce/titulos/106497,106497
Tecnología e Informática,Cómo y cuándo aplicar un robot industrial,Daniel Audí Piera,Tecnología e Informática/Cómo y cuándo aplicar un robot industrial - Daniel Audí Piera.jpg,https://elibro.puce.elogim.com/es/lc/puce/titulos/45841,45841
Tecnología e Informática,Desarrollo de microservicios con Python,"Ortega Candel, José Manuel","Tecnología e Informática/Desarrollo de microservicios con Python - Ortega Candel, José Manuel.jpg",https://elibro.puce.elogim.com/es/lc/puce/titulos/281693,281693
Tecnología e Informática,Enciclopedia de la seguridad informática (2a. ed.),"Gómez Vieites, Álvaro","Tecnología e Informática/Enciclopedia de la seguridad informática (2a. ed.) - Gómez Vieites, Álvaro.jpg",https://elibro.puce.elogim.com/es/lc/puce/titulos/106416,106416
Tecnología e Informática,Fundamentos de informática,"Weber, Juan","Tecnología e Informática/Fundamentos de informática - Weber, Juan.jpg",https://elibro.puce.elogim.com/es/lc/puce/titulos/175150,175150
Tecnología e Informática,Fundamentos de robótica (2a. ed.),Antonio Barrientos,Tecnología e Informática/Fundamentos de robótica (2a. ed.) - Antonio Barrientos.jpg,https://elibro.puce.elogim.com/es/lc/puce/titulos/50193,50193
Tecnología e Informática,Fundamentos de robótica y mecatrónica con Matlab© y Simulink©.,"Pérez Cisneros, Marco Antonio; Cuevas Jiménez, Erik Valdemar; Zaldívar Navarro, Daniel","Tecnología e Informática/Fundamentos de robótica y mecatrónica con Matlab© y Simulink©. - Pérez Cisneros, Marco Antonio; Cuevas Jiménez, Erik Valdemar; Zaldívar Navarro, Daniel.jpg",https://elibro.puce.elogim.com/es/lc/puce/titulos/106568,106568
Tecnología e Informática,Informática básica,"Requena Peláez, José Miguel","Tecnología e Informática/Informática básica - Requena Peláez, José Miguel.jpg",https://elibro.puce.elogim.com/es/lc/puce/titulos/117747,117747
Tecnología e Informática,Informática forense,"Ortiz, Luis","Tecnología e Informática/Informática forense - Ortiz, Luis.jpg",https://elibro.puce.elogim.com/es/lc/puce/titulos/286803,286803
Tecnología e Informática,Informática industrial,"Espinosa Malea, José Manuel","Tecnología e Informática/Informática industrial - Espinosa Malea, José Manuel.jpg",https://elibro.puce.elogim.com/es/lc/puce/titulos/280290,280290
Tecnología e Informática,Introducción a la robótica,"Torres Vargas, Libia Zoraida","Tecnología e Informática/Introducción a la robótica - Torres Vargas, Libia Zoraida.jpg",https://elibro.puce.elogim.com/es/lc/puce/titulos/128561,128561
Tecnología e Informática,Mantenimiento de equipos informáticos,"Morán Flores, Claudio","Tecnología e Informática/Mantenimiento de equipos informáticos - Morán Flores, Claudio.jpg",https://elibro.puce.elogim.com/es/lc/puce/titulos/127225,127225
Tecnología e Informática,Python a fondo,"Ramírez Jiménez, Óscar","Tecnología e Informática/Python a fondo - Ramírez Jiménez, Óscar.jpg",https://elibro.puce.elogim.com/es/lc/puce/titulos/280038,280038
Tecnología e Informática,Python paso a paso,"Hinojosa Gutiérrez, Ángel","Tecnología e Informática/Python paso a paso - Hinojosa Gutiérrez, Ángel.jpg",https://elibro.puce.elogim.com/es/lc/puce/titulos/107213,107213
Tecnología e Informática,Robótica y domótica básica con Arduino,"Porcuna López, Pedro","Tecnología e Informática/Robótica y domótica básica con Arduino - Porcuna López, Pedro.jpg",https://elibro.puce.elogim.com/es/lc/puce/titulos/107212,107212
Tecnología e Informática,Seguridad informática,Gema Escrivá Gascó,Tecnología e Informática/Seguridad informática - Gema Escrivá Gascó.jpg,https://elibro.puce.elogim.com/es/lc/puce/titulos/43260,43260
Tecnología e Informática,Tkinter. Desarrollo de interfaces gráficas con Python (2a. ed.),"Domínguez Mínguez, Tomás","Tecnología e Informática/Tkinter. Desarrollo de interfaces gráficas con Python (2a. ed.) - Domínguez Mínguez, Tomás.jpg",https://elibro.puce.elogim.com/es/lc/puce/titulos/286814,286814
Tecnología e Informática,Técnicas de la auditoría informática,"Derrien, Yann","Tecnología e Informática/Técnicas de la auditoría informática - Derrien, Yann.jpg",https://elibro.puce.elogim.com/es/lc/puce/titulos/45891,45891
Tecnología e Informática,Una historia de la informática,"Barceló García, Miquel","Tecnología e Informática/Una historia de la informática - Barceló García, Miquel.jpg",https://elibro.puce.elogim.com/es/lc/puce/titulos/56584,56584
Tecnología e Informática,Visión artificial: aplicaciones prácticas con OpenCV - Python,"Domínguez Mínguez, Tomás","Tecnología e Informática/Visión artificial aplicaciones prácticas con OpenCV - Python - Domínguez Mínguez, Tomás.jpg",https://elibro.puce.elogim.com/es/lc/puce/titulos/281479,281479
Matemáticas,Análisis matemático,"Roca Martínez, Alicia; Jornet, David; Montesinos Santalucia, Vicente","Matemáticas/Análisis matemático - Roca Martínez, Alicia; Jornet, David; Montesinos Santalucia, Vicente.jpg",https://elibro.puce.elogim.com/es/lc/puce/titulos/60568,60568
Matemáticas,Análisis matemático,"Takeuchi, Yu","Matemáticas/Análisis matemático - Takeuchi, Yu.jpg",https://elibro.puce.elogim.com/es/lc/puce/titulos/127753,127753
Matemáticas,El cerebro de los matemáticos,"Ruelle, David","Matemáticas/El cerebro de los matemáticos - Ruelle, David.jpg",https://elibro.puce.elogim.com/es/lc/puce/titulos/60072,60072
Matemáticas,Estadística matemática,"Cepeda Cuervo, Edilberto","Matemáticas/Estadística matemática - Cepeda Cuervo, Edilberto.jpg",https://elibro.puce.elogim.com/es/lc/puce/titulos/129009,129009
Matemáticas,Fundamentos de matemáticas,"Zalamea Traba, Fernando","Matemáticas/Fundamentos de matemáticas - Zalamea Traba, Fernando.jpg",https://elibro.puce.elogim.com/es/lc/puce/titulos/128447,128447
Matemáticas,Iniciación a las matemáticas,Juan Manuel García Dozagarat; Fernando Alonso Molina,Matemáticas/Iniciación a las matemáticas - Juan Manuel García Dozagarat; Fernando Alonso Molina.jpg,https://elibro.puce.elogim.com/es/lc/puce/titulos/49195,49195
Matemáticas,Introducción a las matemáticas,"Arévalo Ovalle, Diego; Zambrano Valentín, Martha Helena; Chappe Chappe, Angélica","Matemáticas/Introducción a las matemáticas - Arévalo Ovalle, Diego; Zambrano Valentín, Martha Helena; Chappe Chappe, Angélica.jpg",https://elibro.puce.elogim.com/es/lc/puce/titulos/70987,70987
Matemáticas,Las matemáticas de la luz,"Timón, Ágata; León, Manuel de","Matemáticas/Las matemáticas de la luz - Timón, Ágata; León, Manuel de.jpg",https://elibro.puce.elogim.com/es/lc/puce/titulos/100206,100206
Matemáticas,Las matemáticas de los cristales,"León, Manuel de; Timón, Ágata","Matemáticas/Las matemáticas de los cristales - León, Manuel de; Timón, Ágata.jpg",https://elibro.puce.elogim.com/es/lc/puce/titulos/41821,41821
Matemáticas,Las matemáticas de nuestra vida,"Sepulcre Martínez, Juan Matías; Segura Abad, Lorena; Mulero González, Julio","Matemáticas/Las matemáticas de nuestra vida - Sepulcre Martínez, Juan Matías; Segura Abad, Lorena; Mulero González, Julio.jpg",https://elibro.puce.elogim.com/es/lc/puce/titulos/117208,117208
Matemáticas,Las matemáticas ocultas,"Jamet, Robin","Matemáticas/Las matemáticas ocultas - Jamet, Robin.jpg",https://elibro.puce.elogim.com/es/lc/puce/titulos/122863,122863
Matemáticas,Lo imposible en matemáticas,"Prieto de Castro, Carlos","Matemáticas/Lo imposible en matemáticas - Prieto de Castro, Carlos.jpg",https://elibro.puce.elogim.com/es/lc/puce/titulos/37796,37796
Matemáticas,Matemática 1,"Ayarza, Mercedes; Reyna, Juliana; Tuffilaro, Darío","Matemáticas/Matemática 1 - Ayarza, Mercedes; Reyna, Juliana; Tuffilaro, Darío.jpg",https://elibro.puce.elogim.com/es/lc/puce/titulos/113108,113108
Matemáticas,Matemática en espiral,"Falconí Asanza, Aldo; Hernández Crespo, Franco Manuel","Matemáticas/Matemática en espiral - Falconí Asanza, Aldo; Hernández Crespo, Franco Manuel.jpg",https://elibro.puce.elogim.com/es/lc/puce/titulos/131900,131900
Matemáticas,Matemática estructural,"Forero Cuervo, Andrés","Matemáticas/Matemática estructural - Forero Cuervo, Andrés.jpg",https://elibro.puce.elogim.com/es/lc/puce/titulos/69334,69334
Matemáticas,Matemática para Iñaki,"Zalduendo, Ignacio","Matemáticas/Matemática para Iñaki - Zalduendo, Ignacio.jpg",https://elibro.puce.elogim.com/es/lc/puce/titulos/37790,37790
Matemáticas,Matemáticas 3 (2a. ed.),"Ortiz Campos, Francisco José","Matemáticas/Matemáticas 3 (2a. ed.) - Ortiz Campos, Francisco José.jpg",https://elibro.puce.elogim.com/es/lc/puce/titulos/39472,39472
Matemáticas,Matemáticas 4 (2a. ed.),"Ortiz Campos, Francisco José; Ortiz Cerecedo, Fernando José","Matemáticas/Matemáticas 4 (2a. ed.) - Ortiz Campos, Francisco José; Ortiz Cerecedo, Fernando José.jpg",https://elibro.puce.elogim.com/es/lc/puce/titulos/40361,40361
Matemáticas,Matemáticas aplicadas. Ámbito de ciencias aplicadas,"Docampo Naray, María Isabel; Fraga Paz, Rebeca","Matemáticas/Matemáticas aplicadas. Ámbito de ciencias aplicadas - Docampo Naray, María Isabel; Fraga Paz, Rebeca.jpg",https://elibro.puce.elogim.com/es/lc/puce/titulos/305407,305407
Matemáticas,Matemáticas básicas,Falcón Santana Sergio,Matemáticas/Matemáticas básicas - Falcón Santana Sergio.jpg,https://elibro.puce.elogim.com/es/lc/puce/titulos/57193,57193
Matemáticas,Matemáticas básicas (4a. ed.),"Escudero Trujillo, Rafael","Matemáticas/Matemáticas básicas (4a. ed.) - Escudero Trujillo, Rafael.jpg",https://elibro.puce.elogim.com/es/lc/puce/titulos/69967,69967
Matemáticas,Matemáticas para informática,"Gutiérrez García, Ismael","Matemáticas/Matemáticas para informática - Gutiérrez García, Ismael.jpg",https://elibro.puce.elogim.com/es/lc/puce/titulos/70065,70065
Matemáticas,Matemáticas y ajedrez,"Iagar, Razvan Gabriel","Matemáticas/Matemáticas y ajedrez - Iagar, Razvan Gabriel.jpg",https://elibro.puce.elogim.com/es/lc/puce/titulos/41882,41882
Matemáticas,Pensar en la matemática,"Lorenzo Martínez, Javier de","Matemáticas/Pensar en la matemática - Lorenzo Martínez, Javier de.jpg",https://elibro.puce.elogim.com/es/lc/puce/titulos/162803,162803
Matemáticas,Vivir las matemáticas (4a. ed.),"Canals Tolosa, Maria Antònia","Matemáticas/Vivir las matemáticas (4a. ed.) - Canals Tolosa, Maria Antònia.jpg",https://elibro.puce.elogim.com/es/lc/puce/titulos/61949,61949
Medicina,Anatomía general,"Gutiérrez, Francisco","Medicina/Anatomía general - Gutiérrez, Francisco.jpg",https://elibro.puce.elogim.com/es/lc/puce/titulos/36379,36379
Medicina,Anatomía y fisiología humana (2a. ed.),"Le Vay, David","Medicina/Anatomía y fisiología humana (2a. ed.) - Le Vay, David.jpg",https://elibro.puce.elogim.com/es/lc/puce/titulos/119186,119186
Medicina,Aprenda medicina sonriendo... (2a. ed.),"Ruiz Speare, José Octavio; Alberto Barrón Vargas","Medicina/Aprenda medicina sonriendo... (2a. ed.) - Ruiz Speare, José Octavio; Alberto Barrón Vargas.jpg",https://elibro.puce.elogim.com/es/lc/puce/titulos/40320,40320
Medicina,Bioquímica para Medicina,"Araque Marín, Pedronel","Medicina/Bioquímica para Medicina - Araque Marín, Pedronel.jpg",https://elibro.puce.elogim.com/es/lc/puce/titulos/223081,223081
Medicina,Biotecnología aplicada a la medicina,"Tresguerres, Jesús Ángel; Martínez Fernández, Vicente; Navas Serrano, Víctor","Medicina/Biotecnología aplicada a la medicina - Tresguerres, Jesús Ángel; Martínez Fernández, Vicente; Navas Serrano, Víctor.jpg",https://elibro.puce.elogim.com/es/lc/puce/titulos/53028,53028
Medicina,Cómo estudiar anatomía,Emilio Martínez Marrero,Medicina/Cómo estudiar anatomía - Emilio Martínez Marrero.jpg,https://elibro.puce.elogim.com/es/lc/puce/titulos/69845,69845
Medicina,Diccionario etimológico de medicina,"Segura Munguía, Santiago","Medicina/Diccionario etimológico de medicina - Segura Munguía, Santiago.jpg",https://elibro.puce.elogim.com/es/lc/puce/titulos/42785,42785
Medicina,El ABC de la medicina interna,"Moreno Sánchez, Francisco; Jáuregui Camargo, Laura; Halabe Cherem, José","Medicina/El ABC de la medicina interna - Moreno Sánchez, Francisco; Jáuregui Camargo, Laura; Halabe Cherem, José.jpg",https://elibro.puce.elogim.com/es/lc/puce/titulos/72757,72757
Medicina,El lenguaje de la medicina,"Sarmiento González, Ramón; Vilches Vivancos, Fernando","Medicina/El lenguaje de la medicina - Sarmiento González, Ramón; Vilches Vivancos, Fernando.jpg",https://elibro.puce.elogim.com/es/lc/puce/titulos/58272,58272
Medicina,Electrocardiografía en medicina prehospitalaria,"Illescas Fernández, Gerardo José","Medicina/Electrocardiografía en medicina prehospitalaria - Illescas Fernández, Gerardo José.jpg",https://elibro.puce.elogim.com/es/lc/puce/titulos/73456,73456
Medicina,Fundamentos de la medicina forense,"Pérez Pérez, Rosa M.","Medicina/Fundamentos de la medicina forense - Pérez Pérez, Rosa M..jpg",https://elibro.puce.elogim.com/es/lc/puce/titulos/58579,58579
Medicina,Hacia la medicina del futuro,"Alcazar Montenegro, Heberto","Medicina/Hacia la medicina del futuro - Alcazar Montenegro, Heberto.jpg",https://elibro.puce.elogim.com/es/lc/puce/titulos/72621,72621
Medicina,Historia y filosofía de la medicina,"León Hernández, Saúl; Lara Padilla, Eleazar; Camarena Olmedo, Javier","Medicina/Historia y filosofía de la medicina - León Hernández, Saúl; Lara Padilla, Eleazar; Camarena Olmedo, Javier.jpg",https://elibro.puce.elogim.com/es/lc/puce/titulos/73999,73999
Medicina,Introducción a la Medicina,"Barona, Josep Lluís","Medicina/Introducción a la Medicina - Barona, Josep Lluís.jpg",https://elibro.puce.elogim.com/es/lc/puce/titulos/293446,293446
Medicina,La física en la medicina (3a. ed.),"Piña Barba, María Cristina","Medicina/La física en la medicina (3a. ed.) - Piña Barba, María Cristina.jpg",https://elibro.puce.elogim.com/es/lc/puce/titulos/71950,71950
Medicina,La mujer en el ejercicio de la medicina,"Carrillo Esper, Raúl; Dubón Peniche, María del Carmen; Elizondo Argueta, Sandra; Carrillo Córdova, Dulce María","Medicina/La mujer en el ejercicio de la medicina - Carrillo Esper, Raúl; Dubón Peniche, María del Carmen; Elizondo Argueta, Sandra; Carrillo Córdova, Dulce María.jpg",https://elibro.puce.elogim.com/es/lc/puce/titulos/40870,40870
Medicina,Láser en medicina,"Martí López, Luis; Altamirano Aguilar, Jorge H.","Medicina/Láser en medicina - Martí López, Luis; Altamirano Aguilar, Jorge H..jpg",https://elibro.puce.elogim.com/es/lc/puce/titulos/72229,72229
Medicina,Manual de medicina paliativa,"Centeno Cortés, Carlos; Gómez Sancho, Marcos; Nabal Vicuña, María; Pascual López, Antonio","Medicina/Manual de medicina paliativa - Centeno Cortés, Carlos; Gómez Sancho, Marcos; Nabal Vicuña, María; Pascual López, Antonio.jpg",https://elibro.puce.elogim.com/es/lc/puce/titulos/47085,47085
Medicina,Medicina de bolsillo (5a. ed.),"Sabatine, Marc S.","Medicina/Medicina de bolsillo (5a. ed.) - Sabatine, Marc S..jpg",https://elibro.puce.elogim.com/es/lc/puce/titulos/125329,125329
Medicina,Medicina familiar,"Dávila Torres, Javier; Garza Sagástegui, María Gabriela","Medicina/Medicina familiar - Dávila Torres, Javier; Garza Sagástegui, María Gabriela.jpg",https://elibro.puce.elogim.com/es/lc/puce/titulos/40852,40852
Medicina,Medicina humanitaria,"Estébanez Estébanez, Pilar","Medicina/Medicina humanitaria - Estébanez Estébanez, Pilar.jpg",https://elibro.puce.elogim.com/es/lc/puce/titulos/53098,53098
Medicina,Medicina intensiva,"Lovesio, Carlos","Medicina/Medicina intensiva - Lovesio, Carlos.jpg",https://elibro.puce.elogim.com/es/lc/puce/titulos/67148,67148
Medicina,Medicina Legal (2a. ed.),"Carrillo Olmedo, Pedro Manuel","Medicina/Medicina Legal (2a. ed.) - Carrillo Olmedo, Pedro Manuel.jpg",https://elibro.puce.elogim.com/es/lc/puce/titulos/118658,118658
Medicina,Medicina oral,"Ghom, Anil","Medicina/Medicina oral - Ghom, Anil.jpg",https://elibro.puce.elogim.com/es/lc/puce/titulos/166522,166522
Medicina,Síndromes en medicina interna,"Sanguinetti, Carlos A.","Medicina/Síndromes en medicina interna - Sanguinetti, Carlos A..jpg",https://elibro.puce.elogim.com/es/lc/puce/titulos/67143,67143
