Categoria,Titulo,Autor,Archivo
Literatura,De literatura y otras monstruas,"Miranda Rodríguez, Alejandro","Literatura/De literatura y otras monstruas - Miranda Rodríguez, Alejandro.jpg"
Literatura,Dentro de la literatura,"Toro, Suso de","Literatura/Dentro de la literatura - Toro, Suso de.jpg"
Literatura,El poder de la literatura,"Cerrillo Torremocha, Pedro César","Literatura/El poder de la literatura - Cerrillo Torremocha, Pedro César.jpg"
Literatura,Entre educación y literatura,"Vargas Franco, Alfonso","Literatura/Entre educación y literatura - Vargas Franco, Alfonso.jpg"
Literatura,Historia de historias,"Uribe, Álvaro","Literatura/Historia de historias - Uribe, Álvaro.jpg"
Literatura,La era victoriana en literatura,"Chesterton, Gilbert Keith","Literatura/La era victoriana en literatura - Chesterton, Gilbert Keith.jpg"
Literatura,La lengua y la literatura,"Nervo, Amado","Literatura/La lengua y la literatura - Nervo, Amado.jpg"
Literatura,La literatura,"Martín Alegre, Sara","Literatura/La literatura - Martín Alegre, Sara.jpg"
Literatura,La literatura dramática,"Foguet, Francesc - Santamaria, Núria","Literatura/La literatura dramática - Foguet, Francesc - Santamaria, Núria.jpg"
Literatura,La literatura en el tango y el tango en la literatura,"Valencia, Asdrúbal","Literatura/La literatura en el tango y el tango en la literatura - Valencia, Asdrúbal.jpg"
Literatura,La literatura española,"Torri, Julio","Literatura/La literatura española - Torri, Julio.jpg"
Literatura,Literatura 1,Eva Lydia Oseguera Mejía,Literatura/Literatura 1 - Eva Lydia Oseguera Mejía.jpg
Literatura,Literatura 2 (2a. ed.),Eva Lydia Oseguera Mejía,Literatura/Literatura 2 (2a. ed.) - Eva Lydia Oseguera Mejía.jpg
Literatura,Literatura clásica,"Álvarez Bravo, Armando","Literatura/Literatura clásica - Álvarez Bravo, Armando.jpg"
Literatura,Literatura española,"Escobar Bonilla, María del Prado - Páez Martín, Juan Jesús","Literatura/Literatura española - Escobar Bonilla, María del Prado - Páez Martín, Juan Jesús.jpg"
Literatura,Literatura española,"Reyes, Alfonso","Literatura/Literatura española - Reyes, Alfonso.jpg"
Literatura,Literatura I,"Carrillo Anaya, Elsa","Literatura/Literatura I - Carrillo Anaya, Elsa.jpg"
Literatura,Literatura Oriental,"Álvarez Bravo, Armando","Literatura/Literatura Oriental - Álvarez Bravo, Armando.jpg"
Literatura,Literatura universal,"Reyes, Alfonso","Literatura/Literatura universal - Reyes, Alfonso.jpg"
Literatura,Literatura y cine,"Gutiérrez Carbajo, Francisco","Literatura/Literatura y cine - Gutiérrez Carbajo, Francisco.jpg"
Literatura,Literatura y espiritualidad,"Monroy Martínez, Juan Antonio","Literatura/Literatura y espiritualidad - Monroy Martínez, Juan Antonio.jpg"
Literatura,Literaturas compartidas,"Basile, Teresa - Foffani, Enrique","Literatura/Literaturas compartidas - Basile, Teresa - Foffani, Enrique.jpg"
Literatura,Páginas de historia,"Mitre, Bartolomé","Literatura/Páginas de historia - Mitre, Bartolomé.jpg"
Literatura,Romancero gitano,"García Lorca, Federico","Literatura/Romancero gitano - García Lorca, Federico.jpg"
Literatura,Taller de literatura,"Solórzano, José Agustín","Literatura/Taller de literatura - Solórzano, José Agustín.jpg"
Filosofía,Filosofía (2a. ed.),"Escobar Valenzuela, Gustavo","Filosofía/Filosofía (2a. ed.) - Escobar Valenzuela, Gustavo.jpg"
Filosofía,Filosofía antigua,"Pastor, W. F.","Filosofía/Filosofía antigua - Pastor, W. F..jpg"
Filosofía,Filosofía como metanoética,"Hajime, Tanabe","Filosofía/Filosofía como metanoética - Hajime, Tanabe.jpg"
Filosofía,Filosofía contemporánea,"Pastor, W. F.","Filosofía/Filosofía contemporánea - Pastor, W. F..jpg"
Filosofía,Filosofía de la ciencia (2a. ed.),"Artigas, Mariano","Filosofía/Filosofía de la ciencia (2a. ed.) - Artigas, Mariano.jpg"
Filosofía,Filosofía de la cultura (2a. ed.),"Choza, Jacinto","Filosofía/Filosofía de la cultura (2a. ed.) - Choza, Jacinto.jpg"
Filosofía,Filosofía de la finitud,"Mèlich, Joan-Carles","Filosofía/Filosofía de la finitud - Mèlich, Joan-Carles.jpg"
Filosofía,Filosofía de la religión,"Beuchot Puente, Mauricio","Filosofía/Filosofía de la religión - Beuchot Puente, Mauricio.jpg"
Filosofía,Filosofía del conocimiento (2a. ed.),"Corazón González, Rafael","Filosofía/Filosofía del conocimiento (2a. ed.) - Corazón González, Rafael.jpg"
Filosofía,Filosofía del lenguaje,"Bustos Guadaño, Eduardo de","Filosofía/Filosofía del lenguaje - Bustos Guadaño, Eduardo de.jpg"
Filosofía,Filosofía del renacimiento,"Pastor, W. F.","Filosofía/Filosofía del renacimiento - Pastor, W. F..jpg"
Filosofía,Filosofía fundamental,"Balmes, Jaime","Filosofía/Filosofía fundamental - Balmes, Jaime.jpg"
Filosofía,Filosofía general,"Pastor, W. F.","Filosofía/Filosofía general - Pastor, W. F..jpg"
Filosofía,Filosofía medieval,"Pastor, W. F.","Filosofía/Filosofía medieval - Pastor, W. F..jpg"
Filosofía,Filosofía moderna,"Pastor, W. F.","Filosofía/Filosofía moderna - Pastor, W. F..jpg"
Filosofía,Filosofía para Irene,"Choza, Jacinto","Filosofía/Filosofía para Irene - Choza, Jacinto.jpg"
Filosofía,Filosofía política,"Cruz Prados, Alfredo","Filosofía/Filosofía política - Cruz Prados, Alfredo.jpg"
Filosofía,Filosofía y palomitas,"Reina Garnacho, José Manuel","Filosofía/Filosofía y palomitas - Reina Garnacho, José Manuel.jpg"
Filosofía,Globalización y filosofía,Michael Reder,Filosofía/Globalización y filosofía - Michael Reder.jpg
Filosofía,Historia de la filosofía,Julián Marías,Filosofía/Historia de la filosofía - Julián Marías.jpg
Filosofía,La filosofía de la tecnología,"Sarsanedas, Anna","Filosofía/La filosofía de la tecnología - Sarsanedas, Anna.jpg"
Filosofía,Las tareas de la filosofía,"Cuartango, Román","Filosofía/Las tareas de la filosofía - Cuartango, Román.jpg"
Filosofía,¿Qué es Filosofía?,"Betancourt Delgado, William","Filosofía/¿Qué es Filosofía - Betancourt Delgado, William.jpg"
Filosofía,¿Qué es filosofía?,"Sellés, Juan Fernando","Filosofía/¿Qué es filosofía - Sellés, Juan Fernando.jpg"
Filosofía,¿Qué es la filosofía?,"Heidegger, Martin","Filosofía/¿Qué es la filosofía - Heidegger, Martin.jpg"
Psicología,Diccionario de psicología (2a. ed.),"Consuegra Anaya, Natalia","Psicología/Diccionario de psicología (2a. ed.) - Consuegra Anaya, Natalia.jpg"
Psicología,Diccionario de psicología (3a. ed.),"Ander-Egg, Ezequiel","Psicología/Diccionario de psicología (3a. ed.) - Ander-Egg, Ezequiel.jpg"
Psicología,El mundo de la psicología,"Ardila, Rubén","Psicología/El mundo de la psicología - Ardila, Rubén.jpg"
Psicología,Estadística en psicología,"Bologna, Eduardo","Psicología/Estadística en psicología - Bologna, Eduardo.jpg"
Psicología,Homosexualidad y psicología (2a. ed.),"Ardila, Rubén","Psicología/Homosexualidad y psicología (2a. ed.) - Ardila, Rubén.jpg"
Psicología,Introducción a la psicología (7a. ed.),"Cosacov, Eduardo","Psicología/Introducción a la psicología (7a. ed.) - Cosacov, Eduardo.jpg"
Psicología,La psicología y su pluralidad,"Colombo, María Elena","Psicología/La psicología y su pluralidad - Colombo, María Elena.jpg"
Psicología,Psicología clínica,"Sánchez Escobedo, Pedro Antonio","Psicología/Psicología clínica - Sánchez Escobedo, Pedro Antonio.jpg"
Psicología,Psicología de la competición,"Martín-Albo Lucas, José; Núñez Alonso, Juan Luis","Psicología/Psicología de la competición - Martín-Albo Lucas, José; Núñez Alonso, Juan Luis.jpg"
Psicología,Psicología de la escritura (8a. ed.),"Cuetos Vega, Fernando","Psicología/Psicología de la escritura (8a. ed.) - Cuetos Vega, Fernando.jpg"
Psicología,Psicología de la lectura,"Cuetos Vega, Fernando","Psicología/Psicología de la lectura - Cuetos Vega, Fernando.jpg"
Psicología,Psicología de la personalidad,"Bermúdez Moreno, José; Pérez-García, Ana María; Ruiz Caballero, José Antonio; Sanjuán Suárez, Pilar; Rueda Laffond, Beatriz","Psicología/Psicología de la personalidad - Bermúdez Moreno, José; Pérez-García, Ana María; Ruiz Caballero, José Antonio; Sanjuán Suárez, Pilar; Rueda Laffond, Beatriz.jpg"
Psicología,Psicología de la sexualidad,Javier Gómez Zapiain,Psicología/Psicología de la sexualidad - Javier Gómez Zapiain.jpg
Psicología,Psicología de las masas (6a. ed.),"Le Bon, Gustave","Psicología/Psicología de las masas (6a. ed.) - Le Bon, Gustave.jpg"
Psicología,Psicología del deporte,"Moran, Aidan; Toner, John","Psicología/Psicología del deporte - Moran, Aidan; Toner, John.jpg"
Psicología,Psicología del niño (18a. ed.),"Piaget, Jean; Inhelder, Bärbel","Psicología/Psicología del niño (18a. ed.) - Piaget, Jean; Inhelder, Bärbel.jpg"
Psicología,Psicología del trabajo,"González, Martín; Olivares, Socorro","Psicología/Psicología del trabajo - González, Martín; Olivares, Socorro.jpg"
Psicología,Psicología diferencial,"Matud Aznar, María del Pilar; Marrero Quevedo, Rosario J.; Carballeira Abella, Mónica","Psicología/Psicología diferencial - Matud Aznar, María del Pilar; Marrero Quevedo, Rosario J.; Carballeira Abella, Mónica.jpg"
Psicología,Psicología educativa,"Cline, Tony; Gulliford, Anthea; Birch, Susan","Psicología/Psicología educativa - Cline, Tony; Gulliford, Anthea; Birch, Susan.jpg"
Psicología,Psicología general (3a. ed.),Eva Laura García González,Psicología/Psicología general (3a. ed.) - Eva Laura García González.jpg
Psicología,Psicología médica,"Fuente, Ramón de la","Psicología/Psicología médica - Fuente, Ramón de la.jpg"
Psicología,Psicología social,"Bello Dávila, Zoe; Casales Fernández, Julio César","Psicología/Psicología social - Bello Dávila, Zoe; Casales Fernández, Julio César.jpg"
Psicología,Psicología. Lo inconsciente,"Töpf, José; Rojo, Heberto A.","Psicología/Psicología. Lo inconsciente - Töpf, José; Rojo, Heberto A..jpg"
Psicología,Psicología: polimodal,"Divenosa, Marisa; Costa, Ivana","Psicología/Psicología polimodal - Divenosa, Marisa; Costa, Ivana.jpg"
Psicología,Psicologías inútiles,"Soto Ramírez, Juan","Psicología/Psicologías inútiles - Soto Ramírez, Juan.jpg"
Historia,Historia,Javier Gálvez S.,Historia/Historia - Javier Gálvez S..jpg
Historia,Historia de América,"Malamud, Carlos","Historia/Historia de América - Malamud, Carlos.jpg"
Historia,Historia de Cádiz,"Horozco, Agustín de","Historia/Historia de Cádiz - Horozco, Agustín de.jpg"
Historia,Historia de Córdoba,"Aguilar Gavilán, Enrique","Historia/Historia de Córdoba - Aguilar Gavilán, Enrique.jpg"
Historia,Historia de Francia,"Price, Roger","Historia/Historia de Francia - Price, Roger.jpg"
Historia,Historia de Irlanda (3a. ed.),"O’Beirne Ranelagh, John","Historia/Historia de Irlanda (3a. ed.) - O’Beirne Ranelagh, John.jpg"
Historia,Historia de Italia (2a. ed.),"Duggan, Christopher","Historia/Historia de Italia (2a. ed.) - Duggan, Christopher.jpg"
Historia,Historia de la cultura en la América hispánica,"Henríquez Ureña, Pedro","Historia/Historia de la cultura en la América hispánica - Henríquez Ureña, Pedro.jpg"
Historia,Historia de la India (3a. ed.),"Metcalf, Barbara D. - Metcalf, Thomas R.","Historia/Historia de la India (3a. ed.) - Metcalf, Barbara D. - Metcalf, Thomas R..jpg"
Historia,Historia de los Estados Unidos de América,"Grant, Susan-Mary","Historia/Historia de los Estados Unidos de América - Grant, Susan-Mary.jpg"
Historia,Historia de México,"Cavo, Andrés","Historia/Historia de México - Cavo, Andrés.jpg"
Historia,Historia de México (3a. ed.),"Martínez Ruiz, Héctor - Menchaca Espinosa, Francisco Javier","Historia/Historia de México (3a. ed.) - Martínez Ruiz, Héctor - Menchaca Espinosa, Francisco Javier.jpg"
Historia,Historia de Rusia,"Bushkovitch, Paul","Historia/Historia de Rusia - Bushkovitch, Paul.jpg"
Historia,Historia de Tlaxcala,"Muñoz y Camargo, Diego","Historia/Historia de Tlaxcala - Muñoz y Camargo, Diego.jpg"
Historia,Historia de Yucatán,"Cogolludo, Diego López de","Historia/Historia de Yucatán - Cogolludo, Diego López de.jpg"
Historia,Historia económica,José U. Bernardos Sanz - Mauro Hernández - Miguel Santamaría Lancho,Historia/Historia económica - José U. Bernardos Sanz - Mauro Hernández - Miguel Santamaría Lancho.jpg
Historia,Historia general,Manuel Ramírez Sánchez - María Luisa Toledo Bravo de Laguna - Germán Santana Pérez,Historia/Historia general - Manuel Ramírez Sánchez - María Luisa Toledo Bravo de Laguna - Germán Santana Pérez.jpg
Historia,Historia mínima de Estados Unidos de América,"Pani, Erika","Historia/Historia mínima de Estados Unidos de América - Pani, Erika.jpg"
Historia,Historia mínima de los feminismos en América Latina,"Barrancos, Dora","Historia/Historia mínima de los feminismos en América Latina - Barrancos, Dora.jpg"
Historia,Historia mínima del constitucionalismo en América Latina,"Portillo Valdés, José M.","Historia/Historia mínima del constitucionalismo en América Latina - Portillo Valdés, José M..jpg"
Historia,Historia mínima del indigenismo en América Latina,"Fábregas Puig, Andrés A.","Historia/Historia mínima del indigenismo en América Latina - Fábregas Puig, Andrés A..jpg"
Historia,Historia mínima del rock en América Latina,"Gilbert, Abel - Alabarces, Pablo","Historia/Historia mínima del rock en América Latina - Gilbert, Abel - Alabarces, Pablo.jpg"
Historia,La mujer en la historia,"Bel Bravo, María Antonia","Historia/La mujer en la historia - Bel Bravo, María Antonia.jpg"
Historia,Otra historia de Córdoba,"Galisteo, Roger","Historia/Otra historia de Córdoba - Galisteo, Roger.jpg"
Historia,¿Qué es la historia?,Azorín,Historia/¿Qué es la historia - Azorín.jpg
Ciencias Sociales,Aproximación a la sociología contemporánea,"Tardivo, Giuliano","Ciencias Sociales/Aproximación a la sociología contemporánea - Tardivo, Giuliano.jpg"
Ciencias Sociales,Ciencias Sociales e investigación social,"Arteaga Basurto, Carlos; Guillermo Campos y Covarrubias; Bermúdez Sánchez, Roberto","Ciencias Sociales/Ciencias Sociales e investigación social - Arteaga Basurto, Carlos; Guillermo Campos y Covarrubias; Bermúdez Sánchez, Roberto.jpg"
Ciencias Sociales,El rombo de las investigaciones de las ciencias sociales,"Zayas Agüero, Pedro Manuel","Ciencias Sociales/El rombo de las investigaciones de las ciencias sociales - Zayas Agüero, Pedro Manuel.jpg"
Ciencias Sociales,El suicidio: un estudio de sociología,Emile Durkheim,Ciencias Sociales/El suicidio un estudio de sociología - Emile Durkheim.jpg
Ciencias Sociales,El uso de la encuesta en las ciencias sociales,Aníbal Quispe Limaylla,Ciencias Sociales/El uso de la encuesta en las ciencias sociales - Aníbal Quispe Limaylla.jpg
Ciencias Sociales,Fundamentos de las ciencias sociales,"Neurath, Otto","Ciencias Sociales/Fundamentos de las ciencias sociales - Neurath, Otto.jpg"
Ciencias Sociales,Hackear la ciencia social: una invitación a la investigación social en entornos digitales,"Morales i Gras, Jordi","Ciencias Sociales/Hackear la ciencia social una invitación a la investigación social en entornos digitales - Morales i Gras, Jordi.jpg"
Ciencias Sociales,Identidad profesional y trabajo social: creencias y rituales en ciencias sociales,"Dell'Anno, Amelia; Cao, José Luis; Diéguez, Alberto J.","Ciencias Sociales/Identidad profesional y trabajo social creencias y rituales en ciencias sociales - Dell'Anno, Amelia; Cao, José Luis; Diéguez, Alberto J..jpg"
Ciencias Sociales,Introducción a las ciencias sociales,"Arellano Rodríguez, César Augusto","Ciencias Sociales/Introducción a las ciencias sociales - Arellano Rodríguez, César Augusto.jpg"
Ciencias Sociales,Invitación a la sociología de la comunicación,"Busquet Duran, Jordi; Medina Cambrón, Alfons","Ciencias Sociales/Invitación a la sociología de la comunicación - Busquet Duran, Jordi; Medina Cambrón, Alfons.jpg"
Ciencias Sociales,La comprensión de lo social: horizonte hermenéutico de las ciencias sociales (3a. ed.),"Herrera González, José Darío","Ciencias Sociales/La comprensión de lo social horizonte hermenéutico de las ciencias sociales (3a. ed.) - Herrera González, José Darío.jpg"
Ciencias Sociales,La explicación del comportamiento social: más tuercas y tornillos para las ciencias sociales,"Elster, Jon","Ciencias Sociales/La explicación del comportamiento social más tuercas y tornillos para las ciencias sociales - Elster, Jon.jpg"
Ciencias Sociales,La sociología como vocación,"Alberdi Alonso, Inés","Ciencias Sociales/La sociología como vocación - Alberdi Alonso, Inés.jpg"
Ciencias Sociales,Las ciencias sociales en discusión,"Bunge, Mario","Ciencias Sociales/Las ciencias sociales en discusión - Bunge, Mario.jpg"
Ciencias Sociales,Metodología de las ciencias sociales,"Kaufmann, Felix","Ciencias Sociales/Metodología de las ciencias sociales - Kaufmann, Felix.jpg"
Ciencias Sociales,Proyectos de investigación en ciencias sociales,"Marisa D’Aquino; Rodríguez, Ethel","Ciencias Sociales/Proyectos de investigación en ciencias sociales - Marisa D’Aquino; Rodríguez, Ethel.jpg"
Ciencias Sociales,Sociología de la religión,"Weber, Max","Ciencias Sociales/Sociología de la religión - Weber, Max.jpg"
Ciencias Sociales,Sociología de las organizaciones complejas,"Ruiz Olabuénaga, José Ignacio","Ciencias Sociales/Sociología de las organizaciones complejas - Ruiz Olabuénaga, José Ignacio.jpg"
Ciencias Sociales,Sociología de las tendencias,"Erner, Guillaume","Ciencias Sociales/Sociología de las tendencias - Erner, Guillaume.jpg"
Ciencias Sociales,Sociología del mal,"Giner de San Julián, Salvador","Ciencias Sociales/Sociología del mal - Giner de San Julián, Salvador.jpg"
Ciencias Sociales,Sociología del riesgo,"Le Breton, David","Ciencias Sociales/Sociología del riesgo - Le Breton, David.jpg"
Ciencias Sociales,Sociología del saber,Max Scheler,Ciencias Sociales/Sociología del saber - Max Scheler.jpg
Ciencias Sociales,Sociología jurídica,"Hernández, Pedro Pablo","Ciencias Sociales/Sociología jurídica - Hernández, Pedro Pablo.jpg"
Ciencias Sociales,Sociologías de la moda,"Mansilla Viedma, Pedro","Ciencias Sociales/Sociologías de la moda - Mansilla Viedma, Pedro.jpg"
Ciencias Sociales,Tragedia y sociología,"Ramos Torre, Ramón","Ciencias Sociales/Tragedia y sociología - Ramos Torre, Ramón.jpg"
Ciencias,Biología cuántica,"Miret Artés, Salvador","Ciencias/Biología cuántica - Miret Artés, Salvador.jpg"
Ciencias,Biología de hongos,"Cepero, María Caridad","Ciencias/Biología de hongos - Cepero, María Caridad.jpg"
Ciencias,Biología marina,"Penchaszadeh, Pablo","Ciencias/Biología marina - Penchaszadeh, Pablo.jpg"
Ciencias,Biología para ciencias ambientales,"Pallotti Sagripanti, C. G.; Sanchis Duato, E.","Ciencias/Biología para ciencias ambientales - Pallotti Sagripanti, C. G.; Sanchis Duato, E..jpg"
Ciencias,Ecología química,"Anaya Lang, Ana Luisa","Ciencias/Ecología química - Anaya Lang, Ana Luisa.jpg"
Ciencias,Física de campos,"Giraldo Tobón, Eugenio","Ciencias/Física de campos - Giraldo Tobón, Eugenio.jpg"
Ciencias,Física de la música,"Félix, Julián","Ciencias/Física de la música - Félix, Julián.jpg"
Ciencias,Física del estado sólido,"Meléndez Martínez, Juan J.","Ciencias/Física del estado sólido - Meléndez Martínez, Juan J..jpg"
Ciencias,Física experimental,"Ardila, Ángel Miguel","Ciencias/Física experimental - Ardila, Ángel Miguel.jpg"
Ciencias,Física fundamental,"Gómez Espíndola, José del Carmen; González Pineda, Campo Elías; Mayoral Ramírez, César Alberto","Ciencias/Física fundamental - Gómez Espíndola, José del Carmen; González Pineda, Campo Elías; Mayoral Ramírez, César Alberto.jpg"
Ciencias,Física I,"Rivera Procuna, Marco Antonio","Ciencias/Física I - Rivera Procuna, Marco Antonio.jpg"
Ciencias,Física Mecánica,"Agudelo R., Jefersson A.; Castro L., William A; Castro L., Humberto G.","Ciencias/Física Mecánica - Agudelo R., Jefersson A.; Castro L., William A; Castro L., Humberto G..jpg"
Ciencias,Física y programación,"Merino Arranz, David; Rossinyol Casals, Emma; Perez-Navarro, Antoni","Ciencias/Física y programación - Merino Arranz, David; Rossinyol Casals, Emma; Perez-Navarro, Antoni.jpg"
Ciencias,Introducción a la física,"Lara Barragán Gómez, Antonio; Núñez Trejo, Héctor","Ciencias/Introducción a la física - Lara Barragán Gómez, Antonio; Núñez Trejo, Héctor.jpg"
Ciencias,La otra física,"Martínez Aguirre, Guillermo","Ciencias/La otra física - Martínez Aguirre, Guillermo.jpg"
Ciencias,Manual de prácticas de biología,"Mesa Valle, Concepción María; Garrido Cárdenas, José Antonio","Ciencias/Manual de prácticas de biología - Mesa Valle, Concepción María; Garrido Cárdenas, José Antonio.jpg"
Ciencias,Mecánica física,"Moreno Pérez, Enrique Manuel","Ciencias/Mecánica física - Moreno Pérez, Enrique Manuel.jpg"
Ciencias,Nomenclatura química,Hugo Solís Correa,Ciencias/Nomenclatura química - Hugo Solís Correa.jpg
Ciencias,Problemas de Física (27a. ed.),"Burbano García, Enrique; Gracia Muñoz, Carlos","Ciencias/Problemas de Física (27a. ed.) - Burbano García, Enrique; Gracia Muñoz, Carlos.jpg"
Ciencias,Química Ambiental,"Pasquali, Ricardo Conrado","Ciencias/Química Ambiental - Pasquali, Ricardo Conrado.jpg"
Ciencias,Química experimental (2a. ed.),"Pacheco Espejel, Martha Patricia; Alvarado Arellano, Martha; Sánchez Aguilar, Josefina","Ciencias/Química experimental (2a. ed.) - Pacheco Espejel, Martha Patricia; Alvarado Arellano, Martha; Sánchez Aguilar, Josefina.jpg"
Ciencias,Química forense,"Esteban Santos, Soledad; Cornago Ramírez, María del Pilar","Ciencias/Química forense - Esteban Santos, Soledad; Cornago Ramírez, María del Pilar.jpg"
Ciencias,Química orgánica,"Cabildo Miranda, María del Pilar","Ciencias/Química orgánica - Cabildo Miranda, María del Pilar.jpg"
Ciencias,Química terrestre,"Chamizo, Antonio","Ciencias/Química terrestre - Chamizo, Antonio.jpg"
Ciencias,Termodinámica química,"Criado-Sancho, Manuel; Casas-Vázquez, José; Jou, David","Ciencias/Termodinámica química - Criado-Sancho, Manuel; Casas-Vázquez, José; Jou, David.jpg"
Tecnología e Informática,Administración de proyectos de informática,"Toro López, Francisco J.","Tecnología e Informática/Administración de proyectos de informática - Toro López, Francisco J..jpg"
Tecnología e Informática,Auditoría de seguridad informática,"Gómez Vieites, Álvaro","Tecnología e Informática/Auditoría de seguridad informática - Gómez Vieites, Álvaro.jpg"
Tecnología e Informática,Automatización de procesos industriales: robótica y automática,"García Moreno, Emilio","Tecnología e Informática/Automatización de procesos industriales robótica y automática - García Moreno, Emilio.jpg"
Tecnología e Informática,Ciencia de datos con Python,"Contreras Bravo, Leonardo Emiro; Padilla Beltrán, José Eduardo","Tecnología e Informática/Ciencia de datos con Python - Contreras Bravo, Leonardo Emiro; Padilla Beltrán, José Eduardo.jpg"
Tecnología e Informática,Conceptos de informática,"Prieto Espinosa, Alberto","Tecnología e Informática/Conceptos de informática - Prieto Espinosa, Alberto.jpg"
Tecnología e Informática,Criptografía sin secretos con Python,"Arboledas Brihuega, David","Tecnología e Informática/Criptografía sin secretos con Python - Arboledas Brihuega, David.jpg"
Tecnología e Informática,Cómo y cuándo aplicar un robot industrial,Daniel Audí Piera,Tecnología e Informática/Cómo y cuándo aplicar un robot industrial - Daniel Audí Piera.jpg
Tecnología e Informática,Desarrollo de microservicios con Python,"Ortega Candel, José Manuel","Tecnología e Informática/Desarrollo de microservicios con Python - Ortega Candel, José Manuel.jpg"
Tecnología e Informática,Enciclopedia de la seguridad informática (2a. ed.),"Gómez Vieites, Álvaro","Tecnología e Informática/Enciclopedia de la seguridad informática (2a. ed.) - Gómez Vieites, Álvaro.jpg"
Tecnología e Informática,Fundamentos de informática,"Weber, Juan","Tecnología e Informática/Fundamentos de informática - Weber, Juan.jpg"
Tecnología e Informática,Fundamentos de robótica (2a. ed.),Antonio Barrientos,Tecnología e Informática/Fundamentos de robótica (2a. ed.) - Antonio Barrientos.jpg
Tecnología e Informática,Fundamentos de robótica y mecatrónica con Matlab© y Simulink©.,"Pérez Cisneros, Marco Antonio; Cuevas Jiménez, Erik Valdemar; Zaldívar Navarro, Daniel","Tecnología e Informática/Fundamentos de robótica y mecatrónica con Matlab© y Simulink©. - Pérez Cisneros, Marco Antonio; Cuevas Jiménez, Erik Valdemar; Zaldívar Navarro, Daniel.jpg"
Tecnología e Informática,Informática básica,"Requena Peláez, José Miguel","Tecnología e Informática/Informática básica - Requena Peláez, José Miguel.jpg"
Tecnología e Informática,Informática forense,"Ortiz, Luis","Tecnología e Informática/Informática forense - Ortiz, Luis.jpg"
Tecnología e Informática,Informática industrial,"Espinosa Malea, José Manuel","Tecnología e Informática/Informática industrial - Espinosa Malea, José Manuel.jpg"
Tecnología e Informática,Introducción a la robótica,"Torres Vargas, Libia Zoraida","Tecnología e Informática/Introducción a la robótica - Torres Vargas, Libia Zoraida.jpg"
Tecnología e Informática,Mantenimiento de equipos informáticos,"Morán Flores, Claudio","Tecnología e Informática/Mantenimiento de equipos informáticos - Morán Flores, Claudio.jpg"
Tecnología e Informática,Python a fondo,"Ramírez Jiménez, Óscar","Tecnología e Informática/Python a fondo - Ramírez Jiménez, Óscar.jpg"
Tecnología e Informática,Python paso a paso,"Hinojosa Gutiérrez, Ángel","Tecnología e Informática/Python paso a paso - Hinojosa Gutiérrez, Ángel.jpg"
Tecnología e Informática,Robótica y domótica básica con Arduino,"Porcuna López, Pedro","Tecnología e Informática/Robótica y domótica básica con Arduino - Porcuna López, Pedro.jpg"
Tecnología e Informática,Seguridad informática,Gema Escrivá Gascó,Tecnología e Informática/Seguridad informática - Gema Escrivá Gascó.jpg
Tecnología e Informática,Tkinter. Desarrollo de interfaces gráficas con Python (2a. ed.),"Domínguez Mínguez, Tomás","Tecnología e Informática/Tkinter. Desarrollo de interfaces gráficas con Python (2a. ed.) - Domínguez Mínguez, Tomás.jpg"
Tecnología e Informática,Técnicas de la auditoría informática,"Derrien, Yann","Tecnología e Informática/Técnicas de la auditoría informática - Derrien, Yann.jpg"
Tecnología e Informática,Una historia de la informática,"Barceló García, Miquel","Tecnología e Informática/Una historia de la informática - Barceló García, Miquel.jpg"
Tecnología e Informática,Visión artificial: aplicaciones prácticas con OpenCV - Python,"Domínguez Mínguez, Tomás","Tecnología e Informática/Visión artificial aplicaciones prácticas con OpenCV - Python - Domínguez Mínguez, Tomás.jpg"
Matemáticas,Análisis matemático,"Roca Martínez, Alicia; Jornet, David; Montesinos Santalucia, Vicente","Matemáticas/Análisis matemático - Roca Martínez, Alicia; Jornet, David; Montesinos Santalucia, Vicente.jpg"
Matemáticas,Análisis matemático,"Takeuchi, Yu","Matemáticas/Análisis matemático - Takeuchi, Yu.jpg"
Matemáticas,El cerebro de los matemáticos,"Ruelle, David","Matemáticas/El cerebro de los matemáticos - Ruelle, David.jpg"
Matemáticas,Estadística matemática,"Cepeda Cuervo, Edilberto","Matemáticas/Estadística matemática - Cepeda Cuervo, Edilberto.jpg"
Matemáticas,Fundamentos de matemáticas,"Zalamea Traba, Fernando","Matemáticas/Fundamentos de matemáticas - Zalamea Traba, Fernando.jpg"
Matemáticas,Iniciación a las matemáticas,Juan Manuel García Dozagarat; Fernando Alonso Molina,Matemáticas/Iniciación a las matemáticas - Juan Manuel García Dozagarat; Fernando Alonso Molina.jpg
Matemáticas,Introducción a las matemáticas,"Arévalo Ovalle, Diego; Zambrano Valentín, Martha Helena; Chappe Chappe, Angélica","Matemáticas/Introducción a las matemáticas - Arévalo Ovalle, Diego; Zambrano Valentín, Martha Helena; Chappe Chappe, Angélica.jpg"
Matemáticas,Las matemáticas de la luz,"Timón, Ágata; León, Manuel de","Matemáticas/Las matemáticas de la luz - Timón, Ágata; León, Manuel de.jpg"
Matemáticas,Las matemáticas de los cristales,"León, Manuel de; Timón, Ágata","Matemáticas/Las matemáticas de los cristales - León, Manuel de; Timón, Ágata.jpg"
Matemáticas,Las matemáticas de nuestra vida,"Sepulcre Martínez, Juan Matías; Segura Abad, Lorena; Mulero González, Julio","Matemáticas/Las matemáticas de nuestra vida - Sepulcre Martínez, Juan Matías; Segura Abad, Lorena; Mulero González, Julio.jpg"
Matemáticas,Las matemáticas ocultas,"Jamet, Robin","Matemáticas/Las matemáticas ocultas - Jamet, Robin.jpg"
Matemáticas,Lo imposible en matemáticas,"Prieto de Castro, Carlos","Matemáticas/Lo imposible en matemáticas - Prieto de Castro, Carlos.jpg"
Matemáticas,Matemática 1,"Ayarza, Mercedes; Reyna, Juliana; Tuffilaro, Darío","Matemáticas/Matemática 1 - Ayarza, Mercedes; Reyna, Juliana; Tuffilaro, Darío.jpg"
Matemáticas,Matemática en espiral,"Falconí Asanza, Aldo; Hernández Crespo, Franco Manuel","Matemáticas/Matemática en espiral - Falconí Asanza, Aldo; Hernández Crespo, Franco Manuel.jpg"
Matemáticas,Matemática estructural,"Forero Cuervo, Andrés","Matemáticas/Matemática estructural - Forero Cuervo, Andrés.jpg"
Matemáticas,Matemática para Iñaki,"Zalduendo, Ignacio","Matemáticas/Matemática para Iñaki - Zalduendo, Ignacio.jpg"
Matemáticas,Matemáticas 3 (2a. ed.),"Ortiz Campos, Francisco José","Matemáticas/Matemáticas 3 (2a. ed.) - Ortiz Campos, Francisco José.jpg"
Matemáticas,Matemáticas 4 (2a. ed.),"Ortiz Campos, Francisco José; Ortiz Cerecedo, Fernando José","Matemáticas/Matemáticas 4 (2a. ed.) - Ortiz Campos, Francisco José; Ortiz Cerecedo, Fernando José.jpg"
Matemáticas,Matemáticas aplicadas. Ámbito de ciencias aplicadas,"Docampo Naray, María Isabel; Fraga Paz, Rebeca","Matemáticas/Matemáticas aplicadas. Ámbito de ciencias aplicadas - Docampo Naray, María Isabel; Fraga Paz, Rebeca.jpg"
Matemáticas,Matemáticas básicas,Falcón Santana Sergio,Matemáticas/Matemáticas básicas - Falcón Santana Sergio.jpg
Matemáticas,Matemáticas básicas (4a. ed.),"Escudero Trujillo, Rafael","Matemáticas/Matemáticas básicas (4a. ed.) - Escudero Trujillo, Rafael.jpg"
Matemáticas,Matemáticas para informática,"Gutiérrez García, Ismael","Matemáticas/Matemáticas para informática - Gutiérrez García, Ismael.jpg"
Matemáticas,Matemáticas y ajedrez,"Iagar, Razvan Gabriel","Matemáticas/Matemáticas y ajedrez - Iagar, Razvan Gabriel.jpg"
Matemáticas,Pensar en la matemática,"Lorenzo Martínez, Javier de","Matemáticas/Pensar en la matemática - Lorenzo Martínez, Javier de.jpg"
Matemáticas,Vivir las matemáticas (4a. ed.),"Canals Tolosa, Maria Antònia","Matemáticas/Vivir las matemáticas (4a. ed.) - Canals Tolosa, Maria Antònia.jpg"
Medicina,Anatomía general,"Gutiérrez, Francisco","Medicina/Anatomía general - Gutiérrez, Francisco.jpg"
Medicina,Anatomía y fisiología humana (2a. ed.),"Le Vay, David","Medicina/Anatomía y fisiología humana (2a. ed.) - Le Vay, David.jpg"
Medicina,Aprenda medicina sonriendo... (2a. ed.),"Ruiz Speare, José Octavio; Alberto Barrón Vargas","Medicina/Aprenda medicina sonriendo... (2a. ed.) - Ruiz Speare, José Octavio; Alberto Barrón Vargas.jpg"
Medicina,Bioquímica para Medicina,"Araque Marín, Pedronel","Medicina/Bioquímica para Medicina - Araque Marín, Pedronel.jpg"
Medicina,Biotecnología aplicada a la medicina,"Tresguerres, Jesús Ángel; Martínez Fernández, Vicente; Navas Serrano, Víctor","Medicina/Biotecnología aplicada a la medicina - Tresguerres, Jesús Ángel; Martínez Fernández, Vicente; Navas Serrano, Víctor.jpg"
Medicina,Cómo estudiar anatomía,Emilio Martínez Marrero,Medicina/Cómo estudiar anatomía - Emilio Martínez Marrero.jpg
Medicina,Diccionario etimológico de medicina,"Segura Munguía, Santiago","Medicina/Diccionario etimológico de medicina - Segura Munguía, Santiago.jpg"
Medicina,El ABC de la medicina interna,"Moreno Sánchez, Francisco; Jáuregui Camargo, Laura; Halabe Cherem, José","Medicina/El ABC de la medicina interna - Moreno Sánchez, Francisco; Jáuregui Camargo, Laura; Halabe Cherem, José.jpg"
Medicina,El lenguaje de la medicina,"Sarmiento González, Ramón; Vilches Vivancos, Fernando","Medicina/El lenguaje de la medicina - Sarmiento González, Ramón; Vilches Vivancos, Fernando.jpg"
Medicina,Electrocardiografía en medicina prehospitalaria,"Illescas Fernández, Gerardo José","Medicina/Electrocardiografía en medicina prehospitalaria - Illescas Fernández, Gerardo José.jpg"
Medicina,Fundamentos de la medicina forense,"Pérez Pérez, Rosa M.","Medicina/Fundamentos de la medicina forense - Pérez Pérez, Rosa M..jpg"
Medicina,Hacia la medicina del futuro,"Alcazar Montenegro, Heberto","Medicina/Hacia la medicina del futuro - Alcazar Montenegro, Heberto.jpg"
Medicina,Historia y filosofía de la medicina,"León Hernández, Saúl; Lara Padilla, Eleazar; Camarena Olmedo, Javier","Medicina/Historia y filosofía de la medicina - León Hernández, Saúl; Lara Padilla, Eleazar; Camarena Olmedo, Javier.jpg"
Medicina,Introducción a la Medicina,"Barona, Josep Lluís","Medicina/Introducción a la Medicina - Barona, Josep Lluís.jpg"
Medicina,La física en la medicina (3a. ed.),"Piña Barba, María Cristina","Medicina/La física en la medicina (3a. ed.) - Piña Barba, María Cristina.jpg"
Medicina,La mujer en el ejercicio de la medicina,"Carrillo Esper, Raúl; Dubón Peniche, María del Carmen; Elizondo Argueta, Sandra; Carrillo Córdova, Dulce María","Medicina/La mujer en el ejercicio de la medicina - Carrillo Esper, Raúl; Dubón Peniche, María del Carmen; Elizondo Argueta, Sandra; Carrillo Córdova, Dulce María.jpg"
Medicina,Láser en medicina,"Martí López, Luis; Altamirano Aguilar, Jorge H.","Medicina/Láser en medicina - Martí López, Luis; Altamirano Aguilar, Jorge H..jpg"
Medicina,Manual de medicina paliativa,"Centeno Cortés, Carlos; Gómez Sancho, Marcos; Nabal Vicuña, María; Pascual López, Antonio","Medicina/Manual de medicina paliativa - Centeno Cortés, Carlos; Gómez Sancho, Marcos; Nabal Vicuña, María; Pascual López, Antonio.jpg"
Medicina,Medicina de bolsillo (5a. ed.),"Sabatine, Marc S.","Medicina/Medicina de bolsillo (5a. ed.) - Sabatine, Marc S..jpg"
Medicina,Medicina familiar,"Dávila Torres, Javier; Garza Sagástegui, María Gabriela","Medicina/Medicina familiar - Dávila Torres, Javier; Garza Sagástegui, María Gabriela.jpg"
Medicina,Medicina humanitaria,"Estébanez Estébanez, Pilar","Medicina/Medicina humanitaria - Estébanez Estébanez, Pilar.jpg"
Medicina,Medicina intensiva,"Lovesio, Carlos","Medicina/Medicina intensiva - Lovesio, Carlos.jpg"
Medicina,Medicina Legal (2a. ed.),"Carrillo Olmedo, Pedro Manuel","Medicina/Medicina Legal (2a. ed.) - Carrillo Olmedo, Pedro Manuel.jpg"
Medicina,Medicina oral,"Ghom, Anil","Medicina/Medicina oral - Ghom, Anil.jpg"
Medicina,Síndromes en medicina interna,"Sanguinetti, Carlos A.","Medicina/Síndromes en medicina interna - Sanguinetti, Carlos A..jpg"
