physical_sku,physical_edition_id,physical_book_id,physical_title,physical_authors,physical_format,physical_isbn13,current_cover_url,current_object_key,current_sha256,current_width,current_height,potential_digital_sku,potential_digital_edition_id,potential_digital_book_id,potential_digital_title,potential_digital_authors,digital_cover_url,digital_sha256,digital_width,digital_height,proposed_physical_object_key,proposed_physical_uri,proposed_sha256_same_bytes,match_evidence,visual_reason,recommendation,recommended_action
PLG-BK-000041,88,88,Tractatus Logico-Philosophicus,Ludwig Wittgenstein,PAPERBACK,9788499538761,https://covers.pliegolibros.com/covers/editions/v2/PLG-BK-000041-3499d99d15ce.webp,covers/editions/v2/PLG-BK-000041-3499d99d15ce.webp,3499d99d15cefc9354fbc2c350b4cbff690cb038eb4ce15c317013f4ee9ee65d,600,900,,,,,,,,,,,,,NO_EXACT_TITLE_SUBTITLE_AND_ORDERED_AUTHOR_MATCH_IN_259_PUBLISHED_DIGITAL_EDITIONS,No eligible published digital source; preserve existing physical cover (including null fixtures).,KEEP_CURRENT,NONE
PLG-BK-000023,87,87,Sobre la libertad,John Stuart Mill,PAPERBACK,9788417666439,https://covers.pliegolibros.com/covers/editions/v2/PLG-BK-000023-d6ead8529220.webp,covers/editions/v2/PLG-BK-000023-d6ead8529220.webp,d6ead8529220e75ef54d822f0768eb192548a6bb107a417fb358101ed2ec80f9,600,900,,,,,,,,,,,,,NO_EXACT_TITLE_SUBTITLE_AND_ORDERED_AUTHOR_MATCH_IN_259_PUBLISHED_DIGITAL_EDITIONS,No eligible published digital source; preserve existing physical cover (including null fixtures).,KEEP_CURRENT,NONE
PLG-BK-000037,86,86,Meditaciones,Marco Aurelio,PAPERBACK,9788490745113,https://covers.pliegolibros.com/covers/editions/v2/PLG-BK-000037-c3fa6daeb218.webp,covers/editions/v2/PLG-BK-000037-c3fa6daeb218.webp,c3fa6daeb2187149afa6fa57f561e5b0d1c01ec10749d678c8df16d359f7df1d,600,900,,,,,,,,,,,,,NO_EXACT_TITLE_SUBTITLE_AND_ORDERED_AUTHOR_MATCH_IN_259_PUBLISHED_DIGITAL_EDITIONS,No eligible published digital source; preserve existing physical cover (including null fixtures).,KEEP_CURRENT,NONE
PLG-BK-000020,85,85,Meditaciones metafísicas,René Descartes,PAPERBACK,9788413373423,https://covers.pliegolibros.com/covers/editions/v2/PLG-BK-000020-0eb2ac315613.webp,covers/editions/v2/PLG-BK-000020-0eb2ac315613.webp,0eb2ac315613a56a73b4689790cdaf80f4cafa6db8fa612f3542ca1e4a97e947,600,900,,,,,,,,,,,,,NO_EXACT_TITLE_SUBTITLE_AND_ORDERED_AUTHOR_MATCH_IN_259_PUBLISHED_DIGITAL_EDITIONS,No eligible published digital source; preserve existing physical cover (including null fixtures).,KEEP_CURRENT,NONE
PLG-BK-000025,84,84,Más allá del bien y del mal,Friedrich Nietzsche,HARDCOVER,9788419599940,https://covers.pliegolibros.com/covers/editions/v2/PLG-BK-000025-41cf64eb537a.webp,covers/editions/v2/PLG-BK-000025-41cf64eb537a.webp,41cf64eb537ac88817a532eebae3d028c30b0c079dbb4ad4662cd24d89e846e0,600,900,,,,,,,,,,,,,NO_EXACT_TITLE_SUBTITLE_AND_ORDERED_AUTHOR_MATCH_IN_259_PUBLISHED_DIGITAL_EDITIONS,No eligible published digital source; preserve existing physical cover (including null fixtures).,KEEP_CURRENT,NONE
PLG-BK-000056,83,83,La República,Platón,PAPERBACK,9798224715541,https://covers.pliegolibros.com/covers/editions/v2/PLG-BK-000056-6d9506beae9e.webp,covers/editions/v2/PLG-BK-000056-6d9506beae9e.webp,6d9506beae9ef3a743d0177b9f2105e06ca53f807daedbbd648d37b2bd11cfb5,600,900,,,,,,,,,,,,,NO_EXACT_TITLE_SUBTITLE_AND_ORDERED_AUTHOR_MATCH_IN_259_PUBLISHED_DIGITAL_EDITIONS,No eligible published digital source; preserve existing physical cover (including null fixtures).,KEEP_CURRENT,NONE
PLG-BK-000026,82,82,La genealogía de la moral,Friedrich Nietzsche,PAPERBACK,9788419651730,https://covers.pliegolibros.com/covers/editions/v2/PLG-BK-000026-26fcbd0dabe9.webp,covers/editions/v2/PLG-BK-000026-26fcbd0dabe9.webp,26fcbd0dabe990beaccb809a8a3ec6d8600dc6634594c7547b0caa1c19b2ab9c,600,900,,,,,,,,,,,,,NO_EXACT_TITLE_SUBTITLE_AND_ORDERED_AUTHOR_MATCH_IN_259_PUBLISHED_DIGITAL_EDITIONS,No eligible published digital source; preserve existing physical cover (including null fixtures).,KEEP_CURRENT,NONE
PLG-BK-000022,81,81,Ética a Nicómaco,Aristóteles,PAPERBACK,9788413376936,https://covers.pliegolibros.com/covers/editions/v2/PLG-BK-000022-3b1726043bc7.webp,covers/editions/v2/PLG-BK-000022-3b1726043bc7.webp,3b1726043bc7dc6e7bcea6b839b8e2a3d52b8ff76fcc5dfa6ec9acbd38aa0edc,600,900,,,,,,,,,,,,,NO_EXACT_TITLE_SUBTITLE_AND_ORDERED_AUTHOR_MATCH_IN_259_PUBLISHED_DIGITAL_EDITIONS,No eligible published digital source; preserve existing physical cover (including null fixtures).,KEEP_CURRENT,NONE
PLG-BK-000055,80,80,El príncipe,Nicolás Maquiavelo,PAPERBACK,9798215299210,https://covers.pliegolibros.com/covers/editions/v2/PLG-BK-000055-78a9bcec4411.webp,covers/editions/v2/PLG-BK-000055-78a9bcec4411.webp,78a9bcec44111ce2f029b02951cd09da0a17ae5d527331daa701c94c54753ea1,600,900,,,,,,,,,,,,,NO_EXACT_TITLE_SUBTITLE_AND_ORDERED_AUTHOR_MATCH_IN_259_PUBLISHED_DIGITAL_EDITIONS,No eligible published digital source; preserve existing physical cover (including null fixtures).,KEEP_CURRENT,NONE
PLG-BK-000053,79,79,Discurso del método,René Descartes,PAPERBACK,9791370180652,https://covers.pliegolibros.com/covers/editions/v2/PLG-BK-000053-700e1f21cf58.webp,covers/editions/v2/PLG-BK-000053-700e1f21cf58.webp,700e1f21cf5821498050663b03195f20b726b383a2d8c1a4c9aab983c622ad6b,600,900,,,,,,,,,,,,,NO_EXACT_TITLE_SUBTITLE_AND_ORDERED_AUTHOR_MATCH_IN_259_PUBLISHED_DIGITAL_EDITIONS,No eligible published digital source; preserve existing physical cover (including null fixtures).,KEEP_CURRENT,NONE
PLG-BK-000018,78,78,Crítica de la razón pura,Immanuel Kant,PAPERBACK,9788413371702,https://covers.pliegolibros.com/covers/editions/v2/PLG-BK-000018-9795eea29c87.webp,covers/editions/v2/PLG-BK-000018-9795eea29c87.webp,9795eea29c871726380ed81165b3b730081e05bba2f607c64ea651152850eeaf,600,900,,,,,,,,,,,,,NO_EXACT_TITLE_SUBTITLE_AND_ORDERED_AUTHOR_MATCH_IN_259_PUBLISHED_DIGITAL_EDITIONS,No eligible published digital source; preserve existing physical cover (including null fixtures).,KEEP_CURRENT,NONE
PLG-BK-000017,77,77,Crítica de la razón práctica,Immanuel Kant,PAPERBACK,9788413371696,https://covers.pliegolibros.com/covers/editions/v2/PLG-BK-000017-41c9a4ae0f39.webp,covers/editions/v2/PLG-BK-000017-41c9a4ae0f39.webp,41c9a4ae0f3941fc3a3860052116aaf9dba5bce2be5aceb0b4dc1db9404b2e21,600,900,,,,,,,,,,,,,NO_EXACT_TITLE_SUBTITLE_AND_ORDERED_AUTHOR_MATCH_IN_259_PUBLISHED_DIGITAL_EDITIONS,No eligible published digital source; preserve existing physical cover (including null fixtures).,KEEP_CURRENT,NONE
PLG-BK-000016,76,76,Así habló Zaratustra,Friedrich Nietzsche,PAPERBACK,9788413370200,https://covers.pliegolibros.com/covers/editions/v2/PLG-BK-000016-d230fc853c6f.webp,covers/editions/v2/PLG-BK-000016-d230fc853c6f.webp,d230fc853c6ffc877363b14fa763db8f7d1e001b37bde8bf3b4f6386afe42a12,600,900,,,,,,,,,,,,,NO_EXACT_TITLE_SUBTITLE_AND_ORDERED_AUTHOR_MATCH_IN_259_PUBLISHED_DIGITAL_EDITIONS,No eligible published digital source; preserve existing physical cover (including null fixtures).,KEEP_CURRENT,NONE
PLG-BK-000012,75,75,Problemas resueltos de álgebra lineal,Moisés Lázaro Carrión,PAPERBACK,9786124441165,https://covers.pliegolibros.com/covers/editions/v2/PLG-BK-000012-0b128b7cc271.webp,covers/editions/v2/PLG-BK-000012-0b128b7cc271.webp,0b128b7cc27175b414a93038733bb50c2e2f469bb4cd0045a6973efe862e513e,600,900,,,,,,,,,,,,,NO_EXACT_TITLE_SUBTITLE_AND_ORDERED_AUTHOR_MATCH_IN_259_PUBLISHED_DIGITAL_EDITIONS,No eligible published digital source; preserve existing physical cover (including null fixtures).,KEEP_CURRENT,NONE
PLG-BK-000003,74,74,Métodos numéricos para ingenieros,Steven C. Chapra | Raymond P. Canale,PAPERBACK,9786071512949,https://covers.pliegolibros.com/covers/editions/v2/PLG-BK-000003-6249aab14969.webp,covers/editions/v2/PLG-BK-000003-6249aab14969.webp,6249aab1496907c640fa9fd6655fec6f6b55b4cd26b477668b2d953c2dba3868,600,900,,,,,,,,,,,,,NO_EXACT_TITLE_SUBTITLE_AND_ORDERED_AUTHOR_MATCH_IN_259_PUBLISHED_DIGITAL_EDITIONS,No eligible published digital source; preserve existing physical cover (including null fixtures).,KEEP_CURRENT,NONE
PLG-BK-000048,73,73,Métodos numéricos aplicados a la ingeniería,Antonio Nieves Hurtado | Federico C. Domínguez Sánchez,PAPERBACK,9789702402589,https://covers.pliegolibros.com/covers/editions/v2/PLG-BK-000048-3f3528aa2b7d.webp,covers/editions/v2/PLG-BK-000048-3f3528aa2b7d.webp,3f3528aa2b7d3d3eea6e17863a276ec0da78f9684f4ca642edeaef9781640385,600,900,,,,,,,,,,,,,NO_EXACT_TITLE_SUBTITLE_AND_ORDERED_AUTHOR_MATCH_IN_259_PUBLISHED_DIGITAL_EDITIONS,No eligible published digital source; preserve existing physical cover (including null fixtures).,KEEP_CURRENT,NONE
PLG-BK-000046,72,72,Matemática estructural,Andrés Forero Cuervo,PAPERBACK,9789586954525,https://covers.pliegolibros.com/covers/editions/v2/PLG-BK-000046-16e1f40ce870.webp,covers/editions/v2/PLG-BK-000046-16e1f40ce870.webp,16e1f40ce870cec82ad24066d14e1fbd3cd5731e099f04babf0f21885fdf6171,600,900,PLG-BK-000063,254,72,Matemática estructural,Andrés Forero Cuervo,https://covers.pliegolibros.com/covers/editions/v2/PLG-BK-000063-e67d4964b228.webp,e67d4964b228d5d977646edaeea3a96fa94cd07a2305dec08aef94134feb5825,720,1080,covers/editions/v2/PLG-BK-000046-e67d4964b228.webp,https://covers.pliegolibros.com/covers/editions/v2/PLG-BK-000046-e67d4964b228.webp,e67d4964b228d5d977646edaeea3a96fa94cd07a2305dec08aef94134feb5825,EXACT_WORK_IDENTITY_AND_SAME_EXISTING_BOOK_ID_72,"Digital image is less sharp; title, author and publisher lettering blur despite 720x1080 versus physical 600x900. Both have complete title/author/publisher and safe margins; neither has meaningful content cropped. Preserve current physical image.",KEEP_CURRENT,NONE
PLG-BK-000044,71,71,Introducción al álgebra lineal,José Alfredo Collazos Sánchez | Carlos Alberto Ramírez Vanegas | Óscar Danilo Montoya Giraldo,PAPERBACK,9789585082656,https://covers.pliegolibros.com/covers/editions/v2/PLG-BK-000044-204968142c57.webp,covers/editions/v2/PLG-BK-000044-204968142c57.webp,204968142c573e0670b9e32edbe9e6027eddc17f5a54e762c5167aa242b672ff,600,900,,,,,,,,,,,,,NO_EXACT_TITLE_SUBTITLE_AND_ORDERED_AUTHOR_MATCH_IN_259_PUBLISHED_DIGITAL_EDITIONS,No eligible published digital source; preserve existing physical cover (including null fixtures).,KEEP_CURRENT,NONE
PLG-BK-000043,70,70,Inferencia bayesiana y el método de máxima entropía,Juan Esteban Jacobo Vásquez,PAPERBACK,9789585062665,https://covers.pliegolibros.com/covers/editions/v2/PLG-BK-000043-eb2957751239.webp,covers/editions/v2/PLG-BK-000043-eb2957751239.webp,eb2957751239d2eb9f06f0aa38fd9d68541ee52158dc1d11b814c2977178833c,600,900,,,,,,,,,,,,,NO_EXACT_TITLE_SUBTITLE_AND_ORDERED_AUTHOR_MATCH_IN_259_PUBLISHED_DIGITAL_EDITIONS,No eligible published digital source; preserve existing physical cover (including null fixtures).,KEEP_CURRENT,NONE
PLG-BK-000008,69,69,Geometría y trigonometría Baldor,Aurelio Baldor,HARDCOVER,9786075502069,https://covers.pliegolibros.com/covers/editions/v2/PLG-BK-000008-0bb82992c0eb.webp,covers/editions/v2/PLG-BK-000008-0bb82992c0eb.webp,0bb82992c0ebdd9d9e9b5fd6592971e3e0d81db30f71c259c290088e96b6f8ba,600,900,,,,,,,,,,,,,NO_EXACT_TITLE_SUBTITLE_AND_ORDERED_AUTHOR_MATCH_IN_259_PUBLISHED_DIGITAL_EDITIONS,No eligible published digital source; preserve existing physical cover (including null fixtures).,KEEP_CURRENT,NONE
PLG-BK-000007,68,68,Ecuaciones diferenciales con aplicaciones de modelado,Dennis G. Zill,PAPERBACK,9786075266312,https://covers.pliegolibros.com/covers/editions/v2/PLG-BK-000007-d2e55c4175ca.webp,covers/editions/v2/PLG-BK-000007-d2e55c4175ca.webp,d2e55c4175ca61b075e19d5386e015b5711996c14a3c95a234f995f4550ffa9f,600,900,,,,,,,,,,,,,NO_EXACT_TITLE_SUBTITLE_AND_ORDERED_AUTHOR_MATCH_IN_259_PUBLISHED_DIGITAL_EDITIONS,No eligible published digital source; preserve existing physical cover (including null fixtures).,KEEP_CURRENT,NONE
PLG-BK-000049,67,67,Ecuaciones diferenciales y problemas con valores en la frontera,R. Kent Nagle | Edward B. Saff | Arthur David Snider,PAPERBACK,9789702605928,https://covers.pliegolibros.com/covers/editions/v2/PLG-BK-000049-ff9728f0ddef.webp,covers/editions/v2/PLG-BK-000049-ff9728f0ddef.webp,ff9728f0ddef12636ddccba446df394f936377df5b93e0046ccff21256706114,600,900,,,,,,,,,,,,,NO_EXACT_TITLE_SUBTITLE_AND_ORDERED_AUTHOR_MATCH_IN_259_PUBLISHED_DIGITAL_EDITIONS,No eligible published digital source; preserve existing physical cover (including null fixtures).,KEEP_CURRENT,NONE
PLG-BK-000047,66,66,Ecuaciones diferenciales y problemas con valores en la frontera,William E. Boyce | Richard C. DiPrima,PAPERBACK,9789681849740,https://covers.pliegolibros.com/covers/editions/v2/PLG-BK-000047-aa33471e3d31.webp,covers/editions/v2/PLG-BK-000047-aa33471e3d31.webp,aa33471e3d31a0652dd4c73fe1d87f59aa5787d5d4430b74713c1336f6aafc12,600,900,,,,,,,,,,,,,NO_EXACT_TITLE_SUBTITLE_AND_ORDERED_AUTHOR_MATCH_IN_259_PUBLISHED_DIGITAL_EDITIONS,No eligible published digital source; preserve existing physical cover (including null fixtures).,KEEP_CURRENT,NONE
PLG-BK-000011,65,65,Cálculo y análisis vectorial,Moisés Lázaro Carrión | César Junior Esteban Chávez,PAPERBACK,9786124441141,https://covers.pliegolibros.com/covers/editions/v2/PLG-BK-000011-48509a85c734.webp,covers/editions/v2/PLG-BK-000011-48509a85c734.webp,48509a85c734f6e5961bfb02f6f87e89f3e682b186d5aff113259bd3d546a65a,600,900,,,,,,,,,,,,,NO_EXACT_TITLE_SUBTITLE_AND_ORDERED_AUTHOR_MATCH_IN_259_PUBLISHED_DIGITAL_EDITIONS,No eligible published digital source; preserve existing physical cover (including null fixtures).,KEEP_CURRENT,NONE
PLG-BK-000005,64,64,Análisis numérico,Richard L. Burden | J. Douglas Faires,PAPERBACK,9786074816631,https://covers.pliegolibros.com/covers/editions/v2/PLG-BK-000005-41b83fcf3974.webp,covers/editions/v2/PLG-BK-000005-41b83fcf3974.webp,41b83fcf39742c35b8987ed107068c135d0256b601fdf022b5d4c1c02e0a4220,600,900,,,,,,,,,,,,,NO_EXACT_TITLE_SUBTITLE_AND_ORDERED_AUTHOR_MATCH_IN_259_PUBLISHED_DIGITAL_EDITIONS,No eligible published digital source; preserve existing physical cover (including null fixtures).,KEEP_CURRENT,NONE
PLG-BK-000010,63,63,Análisis matemático IV,Moisés Lázaro Carrión,PAPERBACK,9786124441073,https://covers.pliegolibros.com/covers/editions/v2/PLG-BK-000010-9edf89eab2f1.webp,covers/editions/v2/PLG-BK-000010-9edf89eab2f1.webp,9edf89eab2f103be36735b2842737c7222ae8034dfdcb047fbdbc476d4786127,600,900,,,,,,,,,,,,,NO_EXACT_TITLE_SUBTITLE_AND_ORDERED_AUTHOR_MATCH_IN_259_PUBLISHED_DIGITAL_EDITIONS,No eligible published digital source; preserve existing physical cover (including null fixtures).,KEEP_CURRENT,NONE
PLG-BK-000051,62,62,Análisis matemático II,Moisés Lázaro Carrión,PAPERBACK,9789972813665,https://covers.pliegolibros.com/covers/editions/v2/PLG-BK-000051-319fe6c039de.webp,covers/editions/v2/PLG-BK-000051-319fe6c039de.webp,319fe6c039def7b5d7bc28348acccff2b20292cdedb0818ddcb4551463707e43,600,900,,,,,,,,,,,,,NO_EXACT_TITLE_SUBTITLE_AND_ORDERED_AUTHOR_MATCH_IN_259_PUBLISHED_DIGITAL_EDITIONS,No eligible published digital source; preserve existing physical cover (including null fixtures).,KEEP_CURRENT,NONE
PLG-BK-000052,61,61,Análisis matemático I,Moisés Lázaro Carrión,PAPERBACK,9789972813818,https://covers.pliegolibros.com/covers/editions/v2/PLG-BK-000052-b80e012ee00e.webp,covers/editions/v2/PLG-BK-000052-b80e012ee00e.webp,b80e012ee00e7808227fc42dc4923fc0b5b1973ba59714aa483078ac904cc7a5,600,900,,,,,,,,,,,,,NO_EXACT_TITLE_SUBTITLE_AND_ORDERED_AUTHOR_MATCH_IN_259_PUBLISHED_DIGITAL_EDITIONS,No eligible published digital source; preserve existing physical cover (including null fixtures).,KEEP_CURRENT,NONE
PLG-BK-000028,60,60,Análisis matemático,Tom M. Apostol,PAPERBACK,9788429150049,https://covers.pliegolibros.com/covers/editions/v2/PLG-BK-000028-5c3053a00867.webp,covers/editions/v2/PLG-BK-000028-5c3053a00867.webp,5c3053a008674ab2ac0b8d35cc8f76c1e7f9fe5747f57de337827a496572d04d,600,900,,,,,,,,,,,,,NO_EXACT_TITLE_SUBTITLE_AND_ORDERED_AUTHOR_MATCH_IN_259_PUBLISHED_DIGITAL_EDITIONS,No eligible published digital source; preserve existing physical cover (including null fixtures).,KEEP_CURRENT,NONE
PLG-BK-000004,59,59,Álgebra lineal y sus aplicaciones,David C. Lay | Steven R. Lay | Judi J. McDonald,PAPERBACK,9786073259521,https://covers.pliegolibros.com/covers/editions/v2/PLG-BK-000004-79eace1d30c0.webp,covers/editions/v2/PLG-BK-000004-79eace1d30c0.webp,79eace1d30c0537fbf556af818fe0287e3e9fa98011513360cf3eb33e4f9ed6e,600,900,,,,,,,,,,,,,NO_EXACT_TITLE_SUBTITLE_AND_ORDERED_AUTHOR_MATCH_IN_259_PUBLISHED_DIGITAL_EDITIONS,No eligible published digital source; preserve existing physical cover (including null fixtures).,KEEP_CURRENT,NONE
PLG-BK-000006,58,58,Álgebra lineal,David Poole,PAPERBACK,9786075263113,https://covers.pliegolibros.com/covers/editions/v2/PLG-BK-000006-942d503cab30.webp,covers/editions/v2/PLG-BK-000006-942d503cab30.webp,942d503cab307a349d77f69c3a2375ce6e7fa76830dc23b15d196fe329d91289,600,900,,,,,,,,,,,,,NO_EXACT_TITLE_SUBTITLE_AND_ORDERED_AUTHOR_MATCH_IN_259_PUBLISHED_DIGITAL_EDITIONS,No eligible published digital source; preserve existing physical cover (including null fixtures).,KEEP_CURRENT,NONE
PLG-BK-000034,57,57,Álgebra lineal,Seymour Lipschutz,PAPERBACK,9788476157589,https://covers.pliegolibros.com/covers/editions/v2/PLG-BK-000034-9c9fd78eb909.webp,covers/editions/v2/PLG-BK-000034-9c9fd78eb909.webp,9c9fd78eb90978a4fbb04460afb1eda3983881fa9fa7922b4deeb531cbb58558,600,900,,,,,,,,,,,,,NO_EXACT_TITLE_SUBTITLE_AND_ORDERED_AUTHOR_MATCH_IN_259_PUBLISHED_DIGITAL_EDITIONS,No eligible published digital source; preserve existing physical cover (including null fixtures).,KEEP_CURRENT,NONE
PLG-BK-000009,56,56,Álgebra Baldor,Aurelio Baldor,HARDCOVER,9786075502090,https://covers.pliegolibros.com/covers/editions/v2/PLG-BK-000009-4c913e2c7914.webp,covers/editions/v2/PLG-BK-000009-4c913e2c7914.webp,4c913e2c7914cdd731fdac4b2e2c10713462eb46385e21b72816a8f1eed86f1e,600,900,,,,,,,,,,,,,NO_EXACT_TITLE_SUBTITLE_AND_ORDERED_AUTHOR_MATCH_IN_259_PUBLISHED_DIGITAL_EDITIONS,No eligible published digital source; preserve existing physical cover (including null fixtures).,KEEP_CURRENT,NONE
PLG-BK-000032,55,55,Soldados de Salamina,Javier Cercas,PAPERBACK,9788466388627,https://covers.pliegolibros.com/covers/editions/v2/PLG-BK-000032-12d4196d1f21.webp,covers/editions/v2/PLG-BK-000032-12d4196d1f21.webp,12d4196d1f218366bc1129b3fa22dea6780c2b8bba2eeadcdf6d24e0d1718f27,600,900,,,,,,,,,,,,,NO_EXACT_TITLE_SUBTITLE_AND_ORDERED_AUTHOR_MATCH_IN_259_PUBLISHED_DIGITAL_EDITIONS,No eligible published digital source; preserve existing physical cover (including null fixtures).,KEEP_CURRENT,NONE
PLG-BK-000036,54,54,Romeo y Julieta,William Shakespeare,PAPERBACK,9788490743720,https://covers.pliegolibros.com/covers/editions/v2/PLG-BK-000036-7e4f0adf170d.webp,covers/editions/v2/PLG-BK-000036-7e4f0adf170d.webp,7e4f0adf170d2a52ca3a09c0f7ba974c417f5591142b7ac32938154edb203807,600,900,,,,,,,,,,,,,NO_EXACT_TITLE_SUBTITLE_AND_ORDERED_AUTHOR_MATCH_IN_259_PUBLISHED_DIGITAL_EDITIONS,No eligible published digital source; preserve existing physical cover (including null fixtures).,KEEP_CURRENT,NONE
PLG-BK-000027,53,53,Rayuela,Julio Cortázar,PAPERBACK,9788420414706,https://covers.pliegolibros.com/covers/editions/v2/PLG-BK-000027-7a8520bbdab9.webp,covers/editions/v2/PLG-BK-000027-7a8520bbdab9.webp,7a8520bbdab95e320aee8deb03ca201c7ca230a07e2b23060161298f51f06bde,600,900,,,,,,,,,,,,,NO_EXACT_TITLE_SUBTITLE_AND_ORDERED_AUTHOR_MATCH_IN_259_PUBLISHED_DIGITAL_EDITIONS,No eligible published digital source; preserve existing physical cover (including null fixtures).,KEEP_CURRENT,NONE
PLG-BK-000039,52,52,Pedro Páramo,Juan Rulfo,PAPERBACK,9788493442606,https://covers.pliegolibros.com/covers/editions/v2/PLG-BK-000039-a27819d45f6e.webp,covers/editions/v2/PLG-BK-000039-a27819d45f6e.webp,a27819d45f6ef3c4e24b0ea0f159ac5a814fd6d4637e6b8362dd4de0dec53f6b,600,900,,,,,,,,,,,,,NO_EXACT_TITLE_SUBTITLE_AND_ORDERED_AUTHOR_MATCH_IN_259_PUBLISHED_DIGITAL_EDITIONS,No eligible published digital source; preserve existing physical cover (including null fixtures).,KEEP_CURRENT,NONE
PLG-BK-000033,51,51,Orgullo y prejuicio,Jane Austen,HARDCOVER,9788467070835,https://covers.pliegolibros.com/covers/editions/v2/PLG-BK-000033-541b16122de7.webp,covers/editions/v2/PLG-BK-000033-541b16122de7.webp,541b16122de79cc36275bbcad75a984e1b769b71d96a931caec385f34b4a3218,600,900,,,,,,,,,,,,,NO_EXACT_TITLE_SUBTITLE_AND_ORDERED_AUTHOR_MATCH_IN_259_PUBLISHED_DIGITAL_EDITIONS,No eligible published digital source; preserve existing physical cover (including null fixtures).,KEEP_CURRENT,NONE
PLG-BK-000021,50,50,Moby Dick,Herman Melville,PAPERBACK,9788413373836,https://covers.pliegolibros.com/covers/editions/v2/PLG-BK-000021-86bb100040cb.webp,covers/editions/v2/PLG-BK-000021-86bb100040cb.webp,86bb100040cb6ed212db0e4dcb6816ee09705d19b090096135e4331b0e067583,600,900,,,,,,,,,,,,,NO_EXACT_TITLE_SUBTITLE_AND_ORDERED_AUTHOR_MATCH_IN_259_PUBLISHED_DIGITAL_EDITIONS,No eligible published digital source; preserve existing physical cover (including null fixtures).,KEEP_CURRENT,NONE
PLG-BK-000015,49,49,Madame Bovary,Gustave Flaubert,PAPERBACK,9788410011045,https://covers.pliegolibros.com/covers/editions/v2/PLG-BK-000015-219ca801124c.webp,covers/editions/v2/PLG-BK-000015-219ca801124c.webp,219ca801124c5d3b96f27b3150802317a1b1bbfc5f6863166ebd08f363553562,600,900,,,,,,,,,,,,,NO_EXACT_TITLE_SUBTITLE_AND_ORDERED_AUTHOR_MATCH_IN_259_PUBLISHED_DIGITAL_EDITIONS,No eligible published digital source; preserve existing physical cover (including null fixtures).,KEEP_CURRENT,NONE
PLG-BK-000054,48,48,Los miserables,Victor Hugo,HARDCOVER,9791387692865,https://covers.pliegolibros.com/covers/editions/v2/PLG-BK-000054-fe0fdb7fdd82.webp,covers/editions/v2/PLG-BK-000054-fe0fdb7fdd82.webp,fe0fdb7fdd82c05b907dfb8b727c95eefd9b5db1d5c3cd87fafc9d946e72015b,600,900,,,,,,,,,,,,,NO_EXACT_TITLE_SUBTITLE_AND_ORDERED_AUTHOR_MATCH_IN_259_PUBLISHED_DIGITAL_EDITIONS,No eligible published digital source; preserve existing physical cover (including null fixtures).,KEEP_CURRENT,NONE
PLG-BK-000019,47,47,La Ilíada,Homero,PAPERBACK,9788413372945,https://covers.pliegolibros.com/covers/editions/v2/PLG-BK-000019-8039b46f6a32.webp,covers/editions/v2/PLG-BK-000019-8039b46f6a32.webp,8039b46f6a323799676fe47e4c3efc01b46aa97b043f2a551f3199e477746612,600,900,,,,,,,,,,,,,NO_EXACT_TITLE_SUBTITLE_AND_ORDERED_AUTHOR_MATCH_IN_259_PUBLISHED_DIGITAL_EDITIONS,No eligible published digital source; preserve existing physical cover (including null fixtures).,KEEP_CURRENT,NONE
PLG-BK-000013,46,46,La ciudad y los perros,Mario Vargas Llosa,PAPERBACK,9786125020727,https://covers.pliegolibros.com/covers/editions/v2/PLG-BK-000013-3d9a3ffe7035.webp,covers/editions/v2/PLG-BK-000013-3d9a3ffe7035.webp,3d9a3ffe70352901d74e80de226c95a7c88f74462c757dae0814efec6ed31501,600,900,,,,,,,,,,,,,NO_EXACT_TITLE_SUBTITLE_AND_ORDERED_AUTHOR_MATCH_IN_259_PUBLISHED_DIGITAL_EDITIONS,No eligible published digital source; preserve existing physical cover (including null fixtures).,KEEP_CURRENT,NONE
PLG-BK-000030,45,45,La casa de los espíritus,Isabel Allende,PAPERBACK,9788466362085,https://covers.pliegolibros.com/covers/editions/v2/PLG-BK-000030-c78433dbae44.webp,covers/editions/v2/PLG-BK-000030-c78433dbae44.webp,c78433dbae442788ac5c7c5d143d3f1f1368059dd3b158ef815066327eadec93,600,900,,,,,,,,,,,,,NO_EXACT_TITLE_SUBTITLE_AND_ORDERED_AUTHOR_MATCH_IN_259_PUBLISHED_DIGITAL_EDITIONS,No eligible published digital source; preserve existing physical cover (including null fixtures).,KEEP_CURRENT,NONE
PLG-BK-000050,44,44,Ficciones,Jorge Luis Borges,PAPERBACK,9789875666474,https://covers.pliegolibros.com/covers/editions/v2/PLG-BK-000050-beb18072d331.webp,covers/editions/v2/PLG-BK-000050-beb18072d331.webp,beb18072d331c06e21966d3df7d5fd87a14ba04d4518a2c941536d699fb45621,600,900,,,,,,,,,,,,,NO_EXACT_TITLE_SUBTITLE_AND_ORDERED_AUTHOR_MATCH_IN_259_PUBLISHED_DIGITAL_EDITIONS,No eligible published digital source; preserve existing physical cover (including null fixtures).,KEEP_CURRENT,NONE
PLG-BK-000001,43,43,El retrato de Dorian Gray,Oscar Wilde,PAPERBACK,9781915088406,https://covers.pliegolibros.com/covers/editions/v2/PLG-BK-000001-52ead14866be.webp,covers/editions/v2/PLG-BK-000001-52ead14866be.webp,52ead14866bebc448e4f210d9b772b1b8c834450ed0b05db6c2d64774d0eb966,600,900,,,,,,,,,,,,,NO_EXACT_TITLE_SUBTITLE_AND_ORDERED_AUTHOR_MATCH_IN_259_PUBLISHED_DIGITAL_EDITIONS,No eligible published digital source; preserve existing physical cover (including null fixtures).,KEEP_CURRENT,NONE
PLG-BK-000045,42,42,El mito de Sísifo,Albert Camus,PAPERBACK,9789585581685,https://covers.pliegolibros.com/covers/editions/v2/PLG-BK-000045-d2fd169f1556.webp,covers/editions/v2/PLG-BK-000045-d2fd169f1556.webp,d2fd169f155668dc352550bf12a1277331aabfca5b46c0059e81d8c58807f220,600,900,,,,,,,,,,,,,NO_EXACT_TITLE_SUBTITLE_AND_ORDERED_AUTHOR_MATCH_IN_259_PUBLISHED_DIGITAL_EDITIONS,No eligible published digital source; preserve existing physical cover (including null fixtures).,KEEP_CURRENT,NONE
PLG-BK-000024,41,41,El gran Gatsby,F. Scott Fitzgerald,PAPERBACK,9788419190123,https://covers.pliegolibros.com/covers/editions/v2/PLG-BK-000024-edb8b7717a8b.webp,covers/editions/v2/PLG-BK-000024-edb8b7717a8b.webp,edb8b7717a8b534c5d320e56b266fdf265dc9c41c59c4c7fca3c4dd313ff9f85,600,900,,,,,,,,,,,,,NO_EXACT_TITLE_SUBTITLE_AND_ORDERED_AUTHOR_MATCH_IN_259_PUBLISHED_DIGITAL_EDITIONS,No eligible published digital source; preserve existing physical cover (including null fixtures).,KEEP_CURRENT,NONE
PLG-BK-000002,40,40,El extranjero,Albert Camus,PAPERBACK,9786070738548,https://covers.pliegolibros.com/covers/editions/v2/PLG-BK-000002-ca452ee580f4.webp,covers/editions/v2/PLG-BK-000002-ca452ee580f4.webp,ca452ee580f401d1566b24b857f43ae0ca6897d7e260f953098d256b648c92da,600,900,,,,,,,,,,,,,NO_EXACT_TITLE_SUBTITLE_AND_ORDERED_AUTHOR_MATCH_IN_259_PUBLISHED_DIGITAL_EDITIONS,No eligible published digital source; preserve existing physical cover (including null fixtures).,KEEP_CURRENT,NONE
PLG-BK-000031,39,39,El amor en los tiempos del cólera,Gabriel García Márquez,HARDCOVER,9788466378581,https://covers.pliegolibros.com/covers/editions/v2/PLG-BK-000031-ef11f23f18e2.webp,covers/editions/v2/PLG-BK-000031-ef11f23f18e2.webp,ef11f23f18e284d04618e34444dcd9fa038956320970a42855a59b0be660afb5,600,900,,,,,,,,,,,,,NO_EXACT_TITLE_SUBTITLE_AND_ORDERED_AUTHOR_MATCH_IN_259_PUBLISHED_DIGITAL_EDITIONS,No eligible published digital source; preserve existing physical cover (including null fixtures).,KEEP_CURRENT,NONE
PLG-BK-000029,38,38,Don Quijote de la Mancha,Miguel de Cervantes,PAPERBACK,9788432172281,https://covers.pliegolibros.com/covers/editions/v2/PLG-BK-000029-37c3121f9eca.webp,covers/editions/v2/PLG-BK-000029-37c3121f9eca.webp,37c3121f9ecae5cffa8c23cfa844c1767ec996e8b38fd10e440f3dc6d3ba6586,600,900,,,,,,,,,,,,,NO_EXACT_TITLE_SUBTITLE_AND_ORDERED_AUTHOR_MATCH_IN_259_PUBLISHED_DIGITAL_EDITIONS,No eligible published digital source; preserve existing physical cover (including null fixtures).,KEEP_CURRENT,NONE
PLG-BK-000040,37,37,Crónica de una muerte anunciada,Gabriel García Márquez,PAPERBACK,9788497592437,https://covers.pliegolibros.com/covers/editions/v2/PLG-BK-000040-e2551aada44a.webp,covers/editions/v2/PLG-BK-000040-e2551aada44a.webp,e2551aada44a8c33ee0163ed25060f6d74e1f33008863a496f389ad071e60fda,600,900,,,,,,,,,,,,,NO_EXACT_TITLE_SUBTITLE_AND_ORDERED_AUTHOR_MATCH_IN_259_PUBLISHED_DIGITAL_EDITIONS,No eligible published digital source; preserve existing physical cover (including null fixtures).,KEEP_CURRENT,NONE
PLG-BK-000038,36,36,Crimen y castigo,Fiódor Dostoyevski,PAPERBACK,9788490747681,https://covers.pliegolibros.com/covers/editions/v2/PLG-BK-000038-ff38aafc3811.webp,covers/editions/v2/PLG-BK-000038-ff38aafc3811.webp,ff38aafc3811020380914e6cb86ba79d8b5204f2c58818046a780ad1e1d541e0,600,900,,,,,,,,,,,,,NO_EXACT_TITLE_SUBTITLE_AND_ORDERED_AUTHOR_MATCH_IN_259_PUBLISHED_DIGITAL_EDITIONS,No eligible published digital source; preserve existing physical cover (including null fixtures).,KEEP_CURRENT,NONE
PLG-BK-000014,35,35,Cien años de soledad,Gabriel García Márquez,HARDCOVER,9786287745131,https://covers.pliegolibros.com/covers/editions/v2/PLG-BK-000014-b456b439611b.webp,covers/editions/v2/PLG-BK-000014-b456b439611b.webp,b456b439611b24795fc5ed39e09789c27f4cb4422f219e7b44df723da855be1f,600,900,,,,,,,,,,,,,NO_EXACT_TITLE_SUBTITLE_AND_ORDERED_AUTHOR_MATCH_IN_259_PUBLISHED_DIGITAL_EDITIONS,No eligible published digital source; preserve existing physical cover (including null fixtures).,KEEP_CURRENT,NONE
PLG-BK-000035,34,34,Anna Karénina,Lev Tolstói,PAPERBACK,9788478883608,https://covers.pliegolibros.com/covers/editions/v2/PLG-BK-000035-b62b28e2ae01.webp,covers/editions/v2/PLG-BK-000035-b62b28e2ae01.webp,b62b28e2ae01f31a962af00602d4dd78b10122dee322d7f4256fa806838836ed,600,900,,,,,,,,,,,,,NO_EXACT_TITLE_SUBTITLE_AND_ORDERED_AUTHOR_MATCH_IN_259_PUBLISHED_DIGITAL_EDITIONS,No eligible published digital source; preserve existing physical cover (including null fixtures).,KEEP_CURRENT,NONE
I12-JOURNEY-D378A71A47D7,25,19,Libro Journey d378a71a47d7 (reeditado),Autor Journey d378a71a47d7,PAPERBACK,,,,,,,,,,,,,,,,,,,NO_EXACT_TITLE_SUBTITLE_AND_ORDERED_AUTHOR_MATCH_IN_259_PUBLISHED_DIGITAL_EDITIONS,No eligible published digital source; preserve existing physical cover (including null fixtures).,KEEP_CURRENT,NONE
I10-CONC-90DAFD61A302,24,18,Libro I10 90dafd61a302,Autor I10 90dafd61a302,PAPERBACK,,,,,,,,,,,,,,,,,,,NO_EXACT_TITLE_SUBTITLE_AND_ORDERED_AUTHOR_MATCH_IN_259_PUBLISHED_DIGITAL_EDITIONS,No eligible published digital source; preserve existing physical cover (including null fixtures).,KEEP_CURRENT,NONE
I9-CONC-011E9507140D,23,17,Libro Conc 16377e10e857,Autor Conc 16377e10e857,HARDCOVER,,,,,,,,,,,,,,,,,,,NO_EXACT_TITLE_SUBTITLE_AND_ORDERED_AUTHOR_MATCH_IN_259_PUBLISHED_DIGITAL_EDITIONS,No eligible published digital source; preserve existing physical cover (including null fixtures).,KEEP_CURRENT,NONE
I8-CONC-16377E10E857,22,17,Libro Conc 16377e10e857,Autor Conc 16377e10e857,PAPERBACK,,,,,,,,,,,,,,,,,,,NO_EXACT_TITLE_SUBTITLE_AND_ORDERED_AUTHOR_MATCH_IN_259_PUBLISHED_DIGITAL_EDITIONS,No eligible published digital source; preserve existing physical cover (including null fixtures).,KEEP_CURRENT,NONE
I8-CONC-F400098BD0EF,21,16,Libro Conc f400098bd0ef,Autor Conc f400098bd0ef,PAPERBACK,,,,,,,,,,,,,,,,,,,NO_EXACT_TITLE_SUBTITLE_AND_ORDERED_AUTHOR_MATCH_IN_259_PUBLISHED_DIGITAL_EDITIONS,No eligible published digital source; preserve existing physical cover (including null fixtures).,KEEP_CURRENT,NONE
I8-CONC-838F861C4F93,20,15,Libro Conc 838f861c4f93,Autor Conc 838f861c4f93,PAPERBACK,,,,,,,,,,,,,,,,,,,NO_EXACT_TITLE_SUBTITLE_AND_ORDERED_AUTHOR_MATCH_IN_259_PUBLISHED_DIGITAL_EDITIONS,No eligible published digital source; preserve existing physical cover (including null fixtures).,KEEP_CURRENT,NONE
I10-CONC-75887496CF76,19,14,Libro I10 75887496cf76,Autor I10 75887496cf76,PAPERBACK,,,,,,,,,,,,,,,,,,,NO_EXACT_TITLE_SUBTITLE_AND_ORDERED_AUTHOR_MATCH_IN_259_PUBLISHED_DIGITAL_EDITIONS,No eligible published digital source; preserve existing physical cover (including null fixtures).,KEEP_CURRENT,NONE
I9-CONC-F55A02379B96,18,13,Libro Conc 1c5360c6f36f,Autor Conc 1c5360c6f36f,HARDCOVER,,,,,,,,,,,,,,,,,,,NO_EXACT_TITLE_SUBTITLE_AND_ORDERED_AUTHOR_MATCH_IN_259_PUBLISHED_DIGITAL_EDITIONS,No eligible published digital source; preserve existing physical cover (including null fixtures).,KEEP_CURRENT,NONE
I8-CONC-1C5360C6F36F,17,13,Libro Conc 1c5360c6f36f,Autor Conc 1c5360c6f36f,PAPERBACK,,,,,,,,,,,,,,,,,,,NO_EXACT_TITLE_SUBTITLE_AND_ORDERED_AUTHOR_MATCH_IN_259_PUBLISHED_DIGITAL_EDITIONS,No eligible published digital source; preserve existing physical cover (including null fixtures).,KEEP_CURRENT,NONE
I8-CONC-A64A2D805854,16,12,Libro Conc a64a2d805854,Autor Conc a64a2d805854,PAPERBACK,,,,,,,,,,,,,,,,,,,NO_EXACT_TITLE_SUBTITLE_AND_ORDERED_AUTHOR_MATCH_IN_259_PUBLISHED_DIGITAL_EDITIONS,No eligible published digital source; preserve existing physical cover (including null fixtures).,KEEP_CURRENT,NONE
