Categoria,Titulo,Autor,Archivo,Fuente,reviewedCropBox,reviewedCropReason,reviewedSourceSha256
Literatura,De literatura y otras monstruas,"Miranda Rodríguez, Alejandro","Literatura/originales/De literatura y otras monstruas - Miranda Rodríguez, Alejandro.jpg",https://elibro.puce.elogim.com/es/lc/puce/titulos/232313,,,
Literatura,Dentro de la literatura,"Toro, Suso de","Literatura/originales/Dentro de la literatura - Toro, Suso de.jpg",https://elibro.puce.elogim.com/es/lc/puce/titulos/304203,,,
Literatura,El poder de la literatura,"Cerrillo Torremocha, Pedro César","Literatura/originales/El poder de la literatura - Cerrillo Torremocha, Pedro César.jpg",https://elibro.puce.elogim.com/es/lc/puce/titulos/57283,,,
Literatura,Entre educación y literatura,"Vargas Franco, Alfonso","Literatura/originales/Entre educación y literatura - Vargas Franco, Alfonso.jpg",https://elibro.puce.elogim.com/es/lc/puce/titulos/129049,,,
Literatura,Historia de historias,"Uribe, Álvaro","Literatura/originales/Historia de historias - Uribe, Álvaro.jpg",https://elibro.puce.elogim.com/es/lc/puce/titulos/117062,,,
Literatura,La era victoriana en literatura,"Chesterton, Gilbert Keith","Literatura/originales/La era victoriana en literatura - Chesterton, Gilbert Keith.jpg",https://elibro.puce.elogim.com/es/lc/puce/titulos/191119,,,
Literatura,La lengua y la literatura,"Nervo, Amado","Literatura/originales/La lengua y la literatura - Nervo, Amado.jpg",https://elibro.puce.elogim.com/es/lc/puce/titulos/250035,,,
Literatura,La literatura,"Martín Alegre, Sara","Literatura/originales/La literatura - Martín Alegre, Sara.jpg",https://elibro.puce.elogim.com/es/lc/puce/titulos/56436,,,
Literatura,La literatura dramática,"Foguet, Francesc - Santamaria, Núria","Literatura/originales/La literatura dramática - Foguet, Francesc - Santamaria, Núria.jpg",https://elibro.puce.elogim.com/es/lc/puce/titulos/156644,,,
Literatura,La literatura en el tango y el tango en la literatura,"Valencia, Asdrúbal","Literatura/originales/La literatura en el tango y el tango en la literatura - Valencia, Asdrúbal.jpg",https://elibro.puce.elogim.com/es/lc/puce/titulos/118609,,,
Literatura,La literatura española,"Torri, Julio","Literatura/originales/La literatura española - Torri, Julio.jpg",https://elibro.puce.elogim.com/es/lc/puce/titulos/111061,"[3.3333333333333335,0,216.66666666666666,320]","Hay margen blanco exterior visible a ambos lados de la reproducción pictórica. El recorte simétrico elimina solamente 3,3333 px de blanco por lado; conserva la pintura, título, autor, sello FCE y banda naranja completos.",5a5f55377692eba61bab6283d0b87cdeab1fb365faba5c7f8d3cc43d8463bee2
Literatura,Literatura 1,Eva Lydia Oseguera Mejía,Literatura/originales/Literatura 1 - Eva Lydia Oseguera Mejía.jpg,https://elibro.puce.elogim.com/es/lc/puce/titulos/39510,,,
Literatura,Literatura 2 (2a. ed.),Eva Lydia Oseguera Mejía,Literatura/originales/Literatura 2 (2a. ed.) - Eva Lydia Oseguera Mejía.jpg,https://elibro.puce.elogim.com/es/lc/puce/titulos/39511,,,
Literatura,Literatura clásica,"Álvarez Bravo, Armando","Literatura/originales/Literatura clásica - Álvarez Bravo, Armando.jpg",https://elibro.puce.elogim.com/es/lc/puce/titulos/36434,"[9,9,211,312]","La reproducción en blanco y negro está rodeada por un margen blanco exterior. La caja elimina únicamente blanco: conserva la figura, las grecas laterales, el zócalo y la escena inferior, con una pequeña separación blanca lateral ya existente.",5edd8dc056b278cd6747175662777a8c69fbcdbdb0bbdcd1037a7b64ff95077f
Literatura,Literatura española,"Escobar Bonilla, María del Prado - Páez Martín, Juan Jesús","Literatura/originales/Literatura española - Escobar Bonilla, María del Prado - Páez Martín, Juan Jesús.jpg",https://elibro.puce.elogim.com/es/lc/puce/titulos/57203,,,
Literatura,Literatura española,"Reyes, Alfonso","Literatura/originales/Literatura española - Reyes, Alfonso.jpg",https://elibro.puce.elogim.com/es/lc/puce/titulos/110740,,,
Literatura,Literatura I,"Carrillo Anaya, Elsa","Literatura/originales/Literatura I - Carrillo Anaya, Elsa.jpg",https://elibro.puce.elogim.com/es/lc/puce/titulos/40228,,,
Literatura,Literatura Oriental,"Álvarez Bravo, Armando","Literatura/originales/Literatura Oriental - Álvarez Bravo, Armando.jpg",https://elibro.puce.elogim.com/es/lc/puce/titulos/36433,,,
Literatura,Literatura universal,"Reyes, Alfonso","Literatura/originales/Literatura universal - Reyes, Alfonso.jpg",https://elibro.puce.elogim.com/es/lc/puce/titulos/110738,,,
Literatura,Literatura y cine,"Gutiérrez Carbajo, Francisco","Literatura/originales/Literatura y cine - Gutiérrez Carbajo, Francisco.jpg",https://elibro.puce.elogim.com/es/lc/puce/titulos/48881,,,
Literatura,Literatura y espiritualidad,"Monroy Martínez, Juan Antonio","Literatura/originales/Literatura y espiritualidad - Monroy Martínez, Juan Antonio.jpg",https://elibro.puce.elogim.com/es/lc/puce/titulos/268021,,,
Literatura,Literaturas compartidas,"Basile, Teresa - Foffani, Enrique","Literatura/originales/Literaturas compartidas - Basile, Teresa - Foffani, Enrique.jpg",https://elibro.puce.elogim.com/es/lc/puce/titulos/66439,,,
Literatura,Páginas de historia,"Mitre, Bartolomé","Literatura/originales/Páginas de historia - Mitre, Bartolomé.jpg",https://elibro.puce.elogim.com/es/lc/puce/titulos/36151,,,
Literatura,Romancero gitano,"García Lorca, Federico","Literatura/originales/Romancero gitano - García Lorca, Federico.jpg",https://elibro.puce.elogim.com/es/lc/puce/titulos/35142,"[0,0,213.33333333333334,320]","El extremo derecho contiene únicamente fondo plano naranja y rojo; título, autor e ilustración ecuestre terminan antes del corte. Se quitan los 6,6667 px solo de ese lado para preservar íntegra la caja del sello que toca el izquierdo.",1cd9176e1223b1946bd8a8b9620634823816dd66f0ee16e2e3a408a088c03765
Literatura,Taller de literatura,"Solórzano, José Agustín","Literatura/originales/Taller de literatura - Solórzano, José Agustín.jpg",https://elibro.puce.elogim.com/es/lc/puce/titulos/251453,,,
Filosofía,Filosofía (2a. ed.),"Escobar Valenzuela, Gustavo","Filosofía/originales/Filosofía (2a. ed.) - Escobar Valenzuela, Gustavo.jpg",https://elibro.puce.elogim.com/es/lc/puce/titulos/40492,,,
Filosofía,Filosofía antigua,"Pastor, W. F.","Filosofía/originales/Filosofía antigua - Pastor, W. F..jpg",https://elibro.puce.elogim.com/es/lc/puce/titulos/36348,,,
Filosofía,Filosofía como metanoética,"Hajime, Tanabe","Filosofía/originales/Filosofía como metanoética - Hajime, Tanabe.jpg",https://elibro.puce.elogim.com/es/lc/puce/titulos/45764,,,
Filosofía,Filosofía contemporánea,"Pastor, W. F.","Filosofía/originales/Filosofía contemporánea - Pastor, W. F..jpg",https://elibro.puce.elogim.com/es/lc/puce/titulos/36352,,,
Filosofía,Filosofía de la ciencia (2a. ed.),"Artigas, Mariano","Filosofía/originales/Filosofía de la ciencia (2a. ed.) - Artigas, Mariano.jpg",https://elibro.puce.elogim.com/es/lc/puce/titulos/46920,,,
Filosofía,Filosofía de la cultura (2a. ed.),"Choza, Jacinto","Filosofía/originales/Filosofía de la cultura (2a. ed.) - Choza, Jacinto.jpg",https://elibro.puce.elogim.com/es/lc/puce/titulos/59773,,,
Filosofía,Filosofía de la finitud,"Mèlich, Joan-Carles","Filosofía/originales/Filosofía de la finitud - Mèlich, Joan-Carles.jpg",https://elibro.puce.elogim.com/es/lc/puce/titulos/45659,,,
Filosofía,Filosofía de la religión,"Beuchot Puente, Mauricio","Filosofía/originales/Filosofía de la religión - Beuchot Puente, Mauricio.jpg",https://elibro.puce.elogim.com/es/lc/puce/titulos/40946,,,
Filosofía,Filosofía del conocimiento (2a. ed.),"Corazón González, Rafael","Filosofía/originales/Filosofía del conocimiento (2a. ed.) - Corazón González, Rafael.jpg",https://elibro.puce.elogim.com/es/lc/puce/titulos/46926,,,
Filosofía,Filosofía del lenguaje,"Bustos Guadaño, Eduardo de","Filosofía/originales/Filosofía del lenguaje - Bustos Guadaño, Eduardo de.jpg",https://elibro.puce.elogim.com/es/lc/puce/titulos/48712,,,
Filosofía,Filosofía del renacimiento,"Pastor, W. F.","Filosofía/originales/Filosofía del renacimiento - Pastor, W. F..jpg",https://elibro.puce.elogim.com/es/lc/puce/titulos/36350,,,
Filosofía,Filosofía fundamental,"Balmes, Jaime","Filosofía/originales/Filosofía fundamental - Balmes, Jaime.jpg",https://elibro.puce.elogim.com/es/lc/puce/titulos/34402,,,
Filosofía,Filosofía general,"Pastor, W. F.","Filosofía/originales/Filosofía general - Pastor, W. F..jpg",https://elibro.puce.elogim.com/es/lc/puce/titulos/36347,,,
Filosofía,Filosofía medieval,"Pastor, W. F.","Filosofía/originales/Filosofía medieval - Pastor, W. F..jpg",https://elibro.puce.elogim.com/es/lc/puce/titulos/36349,,,
Filosofía,Filosofía moderna,"Pastor, W. F.","Filosofía/originales/Filosofía moderna - Pastor, W. F..jpg",https://elibro.puce.elogim.com/es/lc/puce/titulos/36351,,,
Filosofía,Filosofía para Irene,"Choza, Jacinto","Filosofía/originales/Filosofía para Irene - Choza, Jacinto.jpg",https://elibro.puce.elogim.com/es/lc/puce/titulos/59774,,,
Filosofía,Filosofía política,"Cruz Prados, Alfredo","Filosofía/originales/Filosofía política - Cruz Prados, Alfredo.jpg",https://elibro.puce.elogim.com/es/lc/puce/titulos/47080,,,
Filosofía,Filosofía y palomitas,"Reina Garnacho, José Manuel","Filosofía/originales/Filosofía y palomitas - Reina Garnacho, José Manuel.jpg",https://elibro.puce.elogim.com/es/lc/puce/titulos/52635,,,
Filosofía,Globalización y filosofía,Michael Reder,Filosofía/originales/Globalización y filosofía - Michael Reder.jpg,https://elibro.puce.elogim.com/es/lc/puce/titulos/45667,,,
Filosofía,Historia de la filosofía,Julián Marías,Filosofía/originales/Historia de la filosofía - Julián Marías.jpg,https://elibro.puce.elogim.com/es/lc/puce/titulos/45428,,,
Filosofía,La filosofía de la tecnología,"Sarsanedas, Anna","Filosofía/originales/La filosofía de la tecnología - Sarsanedas, Anna.jpg",https://elibro.puce.elogim.com/es/lc/puce/titulos/57841,,,
Filosofía,Las tareas de la filosofía,"Cuartango, Román","Filosofía/originales/Las tareas de la filosofía - Cuartango, Román.jpg",https://elibro.puce.elogim.com/es/lc/puce/titulos/53385,,,
Filosofía,¿Qué es Filosofía?,"Betancourt Delgado, William","Filosofía/originales/¿Qué es Filosofía - Betancourt Delgado, William.jpg",https://elibro.puce.elogim.com/es/lc/puce/titulos/221757,,,
Filosofía,¿Qué es filosofía?,"Sellés, Juan Fernando","Filosofía/originales/¿Qué es filosofía - Sellés, Juan Fernando.jpg",https://elibro.puce.elogim.com/es/lc/puce/titulos/55191,,,
Filosofía,¿Qué es la filosofía?,"Heidegger, Martin","Filosofía/originales/¿Qué es la filosofía - Heidegger, Martin.jpg",https://elibro.puce.elogim.com/es/lc/puce/titulos/45723,,,
Psicología,Diccionario de psicología (2a. ed.),"Consuegra Anaya, Natalia","Psicología/originales/Diccionario de psicología (2a. ed.) - Consuegra Anaya, Natalia.jpg",https://elibro.puce.elogim.com/es/lc/puce/titulos/69124,,,
Psicología,Diccionario de psicología (3a. ed.),"Ander-Egg, Ezequiel","Psicología/originales/Diccionario de psicología (3a. ed.) - Ander-Egg, Ezequiel.jpg",https://elibro.puce.elogim.com/es/lc/puce/titulos/78223,,,
Psicología,El mundo de la psicología,"Ardila, Rubén","Psicología/originales/El mundo de la psicología - Ardila, Rubén.jpg",https://elibro.puce.elogim.com/es/lc/puce/titulos/71138,,,
Psicología,Estadística en psicología,"Bologna, Eduardo","Psicología/originales/Estadística en psicología - Bologna, Eduardo.jpg",https://elibro.puce.elogim.com/es/lc/puce/titulos/78041,,,
Psicología,Homosexualidad y psicología (2a. ed.),"Ardila, Rubén","Psicología/originales/Homosexualidad y psicología (2a. ed.) - Ardila, Rubén.jpg",https://elibro.puce.elogim.com/es/lc/puce/titulos/71137,,,
Psicología,Introducción a la psicología (7a. ed.),"Cosacov, Eduardo","Psicología/originales/Introducción a la psicología (7a. ed.) - Cosacov, Eduardo.jpg",https://elibro.puce.elogim.com/es/lc/puce/titulos/78134,,,
Psicología,La psicología y su pluralidad,"Colombo, María Elena","Psicología/originales/La psicología y su pluralidad - Colombo, María Elena.jpg",https://elibro.puce.elogim.com/es/lc/puce/titulos/119841,,,
Psicología,Psicología clínica,"Sánchez Escobedo, Pedro Antonio","Psicología/originales/Psicología clínica - Sánchez Escobedo, Pedro Antonio.jpg",https://elibro.puce.elogim.com/es/lc/puce/titulos/100383,,,
Psicología,Psicología de la competición,"Martín-Albo Lucas, José; Núñez Alonso, Juan Luis","Psicología/originales/Psicología de la competición - Martín-Albo Lucas, José; Núñez Alonso, Juan Luis.jpg",https://elibro.puce.elogim.com/es/lc/puce/titulos/60221,,,
Psicología,Psicología de la escritura (8a. ed.),"Cuetos Vega, Fernando","Psicología/originales/Psicología de la escritura (8a. ed.) - Cuetos Vega, Fernando.jpg",https://elibro.puce.elogim.com/es/lc/puce/titulos/63147,,,
Psicología,Psicología de la lectura,"Cuetos Vega, Fernando","Psicología/originales/Psicología de la lectura - Cuetos Vega, Fernando.jpg",https://elibro.puce.elogim.com/es/lc/puce/titulos/63140,,,
Psicología,Psicología de la personalidad,"Bermúdez Moreno, José; Pérez-García, Ana María; Ruiz Caballero, José Antonio; Sanjuán Suárez, Pilar; Rueda Laffond, Beatriz","Psicología/originales/Psicología de la personalidad - Bermúdez Moreno, José; Pérez-García, Ana María; Ruiz Caballero, José Antonio; Sanjuán Suárez, Pilar; Rueda Laffond, Beatriz.jpg",https://elibro.puce.elogim.com/es/lc/puce/titulos/48581,,,
Psicología,Psicología de la sexualidad,Javier Gómez Zapiain,Psicología/originales/Psicología de la sexualidad - Javier Gómez Zapiain.jpg,https://elibro.puce.elogim.com/es/lc/puce/titulos/45454,,,
Psicología,Psicología de las masas (6a. ed.),"Le Bon, Gustave","Psicología/originales/Psicología de las masas (6a. ed.) - Le Bon, Gustave.jpg",https://elibro.puce.elogim.com/es/lc/puce/titulos/116203,,,
Psicología,Psicología del deporte,"Moran, Aidan; Toner, John","Psicología/originales/Psicología del deporte - Moran, Aidan; Toner, John.jpg",https://elibro.puce.elogim.com/es/lc/puce/titulos/39788,,,
Psicología,Psicología del niño (18a. ed.),"Piaget, Jean; Inhelder, Bärbel","Psicología/originales/Psicología del niño (18a. ed.) - Piaget, Jean; Inhelder, Bärbel.jpg",https://elibro.puce.elogim.com/es/lc/puce/titulos/116205,,,
Psicología,Psicología del trabajo,"González, Martín; Olivares, Socorro","Psicología/originales/Psicología del trabajo - González, Martín; Olivares, Socorro.jpg",https://elibro.puce.elogim.com/es/lc/puce/titulos/39406,,,
Psicología,Psicología diferencial,"Matud Aznar, María del Pilar; Marrero Quevedo, Rosario J.; Carballeira Abella, Mónica","Psicología/originales/Psicología diferencial - Matud Aznar, María del Pilar; Marrero Quevedo, Rosario J.; Carballeira Abella, Mónica.jpg",https://elibro.puce.elogim.com/es/lc/puce/titulos/106631,,,
Psicología,Psicología educativa,"Cline, Tony; Gulliford, Anthea; Birch, Susan","Psicología/originales/Psicología educativa - Cline, Tony; Gulliford, Anthea; Birch, Susan.jpg",https://elibro.puce.elogim.com/es/lc/puce/titulos/39772,,,
Psicología,Psicología general (3a. ed.),Eva Laura García González,Psicología/originales/Psicología general (3a. ed.) - Eva Laura García González.jpg,https://elibro.puce.elogim.com/es/lc/puce/titulos/40402,,,
Psicología,Psicología médica,"Fuente, Ramón de la","Psicología/originales/Psicología médica - Fuente, Ramón de la.jpg",https://elibro.puce.elogim.com/es/lc/puce/titulos/109986,,,
Psicología,Psicología social,"Bello Dávila, Zoe; Casales Fernández, Julio César","Psicología/originales/Psicología social - Bello Dávila, Zoe; Casales Fernández, Julio César.jpg",https://elibro.puce.elogim.com/es/lc/puce/titulos/71802,,,
Psicología,Psicología. Lo inconsciente,"Töpf, José; Rojo, Heberto A.","Psicología/originales/Psicología. Lo inconsciente - Töpf, José; Rojo, Heberto A..jpg",https://elibro.puce.elogim.com/es/lc/puce/titulos/119908,,,
Psicología,Psicología: polimodal,"Divenosa, Marisa; Costa, Ivana","Psicología/originales/Psicología polimodal - Divenosa, Marisa; Costa, Ivana.jpg",https://elibro.puce.elogim.com/es/lc/puce/titulos/78946,,,
Psicología,Psicologías inútiles,"Soto Ramírez, Juan","Psicología/originales/Psicologías inútiles - Soto Ramírez, Juan.jpg",https://elibro.puce.elogim.com/es/lc/puce/titulos/38212,,,
Historia,Historia,Javier Gálvez S.,Historia/originales/Historia - Javier Gálvez S..jpg,https://elibro.puce.elogim.com/es/lc/puce/titulos/79196,,,
Historia,Historia de América,"Malamud, Carlos","Historia/originales/Historia de América - Malamud, Carlos.jpg",https://elibro.puce.elogim.com/es/lc/puce/titulos/304769,,,
Historia,Historia de Cádiz,"Horozco, Agustín de","Historia/originales/Historia de Cádiz - Horozco, Agustín de.jpg",https://elibro.puce.elogim.com/es/lc/puce/titulos/33935,,,
Historia,Historia de Córdoba,"Aguilar Gavilán, Enrique","Historia/originales/Historia de Córdoba - Aguilar Gavilán, Enrique.jpg",https://elibro.puce.elogim.com/es/lc/puce/titulos/52407,,,
Historia,Historia de Francia,"Price, Roger","Historia/originales/Historia de Francia - Price, Roger.jpg",https://elibro.puce.elogim.com/es/lc/puce/titulos/49779,,,
Historia,Historia de Irlanda (3a. ed.),"O’Beirne Ranelagh, John","Historia/originales/Historia de Irlanda (3a. ed.) - O’Beirne Ranelagh, John.jpg",https://elibro.puce.elogim.com/es/lc/puce/titulos/49812,,,
Historia,Historia de Italia (2a. ed.),"Duggan, Christopher","Historia/originales/Historia de Italia (2a. ed.) - Duggan, Christopher.jpg",https://elibro.puce.elogim.com/es/lc/puce/titulos/49780,,,
Historia,Historia de la cultura en la América hispánica,"Henríquez Ureña, Pedro","Historia/originales/Historia de la cultura en la América hispánica - Henríquez Ureña, Pedro.jpg",https://elibro.puce.elogim.com/es/lc/puce/titulos/110160,,,
Historia,Historia de la India (3a. ed.),"Metcalf, Barbara D. - Metcalf, Thomas R.","Historia/originales/Historia de la India (3a. ed.) - Metcalf, Barbara D. - Metcalf, Thomas R..jpg",https://elibro.puce.elogim.com/es/lc/puce/titulos/49813,,,
Historia,Historia de los Estados Unidos de América,"Grant, Susan-Mary","Historia/originales/Historia de los Estados Unidos de América - Grant, Susan-Mary.jpg",https://elibro.puce.elogim.com/es/lc/puce/titulos/49811,,,
Historia,Historia de México,"Cavo, Andrés","Historia/originales/Historia de México - Cavo, Andrés.jpg",https://elibro.puce.elogim.com/es/lc/puce/titulos/37244,,,
Historia,Historia de México (3a. ed.),"Martínez Ruiz, Héctor - Menchaca Espinosa, Francisco Javier","Historia/originales/Historia de México (3a. ed.) - Martínez Ruiz, Héctor - Menchaca Espinosa, Francisco Javier.jpg",https://elibro.puce.elogim.com/es/lc/puce/titulos/40546,,,
Historia,Historia de Rusia,"Bushkovitch, Paul","Historia/originales/Historia de Rusia - Bushkovitch, Paul.jpg",https://elibro.puce.elogim.com/es/lc/puce/titulos/49810,,,
Historia,Historia de Tlaxcala,"Muñoz y Camargo, Diego","Historia/originales/Historia de Tlaxcala - Muñoz y Camargo, Diego.jpg",https://elibro.puce.elogim.com/es/lc/puce/titulos/62415,,,
Historia,Historia de Yucatán,"Cogolludo, Diego López de","Historia/originales/Historia de Yucatán - Cogolludo, Diego López de.jpg",https://elibro.puce.elogim.com/es/lc/puce/titulos/61593,,,
Historia,Historia económica,José U. Bernardos Sanz - Mauro Hernández - Miguel Santamaría Lancho,Historia/originales/Historia económica - José U. Bernardos Sanz - Mauro Hernández - Miguel Santamaría Lancho.jpg,https://elibro.puce.elogim.com/es/lc/puce/titulos/48793,,,
Historia,Historia general,Manuel Ramírez Sánchez - María Luisa Toledo Bravo de Laguna - Germán Santana Pérez,Historia/originales/Historia general - Manuel Ramírez Sánchez - María Luisa Toledo Bravo de Laguna - Germán Santana Pérez.jpg,https://elibro.puce.elogim.com/es/lc/puce/titulos/57224,,,
Historia,Historia mínima de Estados Unidos de América,"Pani, Erika","Historia/originales/Historia mínima de Estados Unidos de América - Pani, Erika.jpg",https://elibro.puce.elogim.com/es/lc/puce/titulos/194936,"[3.3333333333333335,0,216.66666666666666,320]","Los laterales son planos azules y rojos de fondo; la pintura rectangular, el rótulo del país, la marca superior, el autor y la editorial están separados de ambos extremos. El corte simétrico elimina solo 3,3333 px de fondo por lado, sin tocar la pintura ni sus bordes.",c898309fa69684f73c061bcf59f912f79cdb08fa86b68e18a974b5856634fae6
Historia,Historia mínima de los feminismos en América Latina,"Barrancos, Dora","Historia/originales/Historia mínima de los feminismos en América Latina - Barrancos, Dora.jpg",https://elibro.puce.elogim.com/es/lc/puce/titulos/194902,"[3.3333333333333335,0,216.66666666666666,320]","Los laterales solo contienen los bloques planos azul grisáceo de fondo. La reproducción central y sus rectángulos interiores, el título, la marca superior y el texto inferior quedan dentro; el corte simétrico conserva todo ese contenido.",13de8d78a1363455a31b6bf20249c0fa6358be6ab0aed20a7e7b983f8e525ab8
Historia,Historia mínima del constitucionalismo en América Latina,"Portillo Valdés, José M.","Historia/originales/Historia mínima del constitucionalismo en América Latina - Portillo Valdés, José M..jpg",https://elibro.puce.elogim.com/es/lc/puce/titulos/194943,,,
Historia,Historia mínima del indigenismo en América Latina,"Fábregas Puig, Andrés A.","Historia/originales/Historia mínima del indigenismo en América Latina - Fábregas Puig, Andrés A..jpg",https://elibro.puce.elogim.com/es/lc/puce/titulos/216374,,,
Historia,Historia mínima del rock en América Latina,"Gilbert, Abel - Alabarces, Pablo","Historia/originales/Historia mínima del rock en América Latina - Gilbert, Abel - Alabarces, Pablo.jpg",https://elibro.puce.elogim.com/es/lc/puce/titulos/283724,,,
Historia,La mujer en la historia,"Bel Bravo, María Antonia","Historia/originales/La mujer en la historia - Bel Bravo, María Antonia.jpg",https://elibro.puce.elogim.com/es/lc/puce/titulos/61616,,,
Historia,Otra historia de Córdoba,"Galisteo, Roger","Historia/originales/Otra historia de Córdoba - Galisteo, Roger.jpg",https://elibro.puce.elogim.com/es/lc/puce/titulos/51298,,,
Historia,¿Qué es la historia?,Azorín,Historia/originales/¿Qué es la historia - Azorín.jpg,https://elibro.puce.elogim.com/es/lc/puce/titulos/43891,,,
Ciencias Sociales,Aproximación a la sociología contemporánea,"Tardivo, Giuliano","Ciencias Sociales/originales/Aproximación a la sociología contemporánea - Tardivo, Giuliano.jpg",https://elibro.puce.elogim.com/es/lc/puce/titulos/58619,,,
Ciencias Sociales,Ciencias Sociales e investigación social,"Arteaga Basurto, Carlos; Guillermo Campos y Covarrubias; Bermúdez Sánchez, Roberto","Ciencias Sociales/originales/Ciencias Sociales e investigación social - Arteaga Basurto, Carlos; Guillermo Campos y Covarrubias; Bermúdez Sánchez, Roberto.jpg",https://elibro.puce.elogim.com/es/lc/puce/titulos/75777,,,
Ciencias Sociales,El rombo de las investigaciones de las ciencias sociales,"Zayas Agüero, Pedro Manuel","Ciencias Sociales/originales/El rombo de las investigaciones de las ciencias sociales - Zayas Agüero, Pedro Manuel.jpg",https://elibro.puce.elogim.com/es/lc/puce/titulos/34517,,,
Ciencias Sociales,El suicidio: un estudio de sociología,Emile Durkheim,Ciencias Sociales/originales/El suicidio un estudio de sociología - Emile Durkheim.jpg,https://elibro.puce.elogim.com/es/lc/puce/titulos/49723,,,
Ciencias Sociales,El uso de la encuesta en las ciencias sociales,Aníbal Quispe Limaylla,Ciencias Sociales/originales/El uso de la encuesta en las ciencias sociales - Aníbal Quispe Limaylla.jpg,https://elibro.puce.elogim.com/es/lc/puce/titulos/62860,,,
Ciencias Sociales,Fundamentos de las ciencias sociales,"Neurath, Otto","Ciencias Sociales/originales/Fundamentos de las ciencias sociales - Neurath, Otto.jpg",https://elibro.puce.elogim.com/es/lc/puce/titulos/247167,"[6.666666666666667,0,220,320]","QA independiente y revisión visual de root: el primer contorno significativo de NEURATH está en x=7; la variación en x=6 corresponde al fondo/compresión JPEG y no a un trazo tipográfico visible. El límite izquierdo 20/3=6,6666667 conserva el contorno completo y no recorta la pintura a sangre de la derecha. No se depende del muestreo Lanczos exterior para conservar contenido.",a408771cad077788394d8a52dd986e9cd277aa1fe18e408668fc5b91610d4ae8
Ciencias Sociales,Hackear la ciencia social: una invitación a la investigación social en entornos digitales,"Morales i Gras, Jordi","Ciencias Sociales/originales/Hackear la ciencia social una invitación a la investigación social en entornos digitales - Morales i Gras, Jordi.jpg",https://elibro.puce.elogim.com/es/lc/puce/titulos/213815,,,
Ciencias Sociales,Identidad profesional y trabajo social: creencias y rituales en ciencias sociales,"Dell'Anno, Amelia; Cao, José Luis; Diéguez, Alberto J.","Ciencias Sociales/originales/Identidad profesional y trabajo social creencias y rituales en ciencias sociales - Dell'Anno, Amelia; Cao, José Luis; Diéguez, Alberto J..jpg",https://elibro.puce.elogim.com/es/lc/puce/titulos/76132,,,
Ciencias Sociales,Introducción a las ciencias sociales,"Arellano Rodríguez, César Augusto","Ciencias Sociales/originales/Introducción a las ciencias sociales - Arellano Rodríguez, César Augusto.jpg",https://elibro.puce.elogim.com/es/lc/puce/titulos/40189,,,
Ciencias Sociales,Invitación a la sociología de la comunicación,"Busquet Duran, Jordi; Medina Cambrón, Alfons","Ciencias Sociales/originales/Invitación a la sociología de la comunicación - Busquet Duran, Jordi; Medina Cambrón, Alfons.jpg",https://elibro.puce.elogim.com/es/lc/puce/titulos/57712,,,
Ciencias Sociales,La comprensión de lo social: horizonte hermenéutico de las ciencias sociales (3a. ed.),"Herrera González, José Darío","Ciencias Sociales/originales/La comprensión de lo social horizonte hermenéutico de las ciencias sociales (3a. ed.) - Herrera González, José Darío.jpg",https://elibro.puce.elogim.com/es/lc/puce/titulos/246223,,,
Ciencias Sociales,La explicación del comportamiento social: más tuercas y tornillos para las ciencias sociales,"Elster, Jon","Ciencias Sociales/originales/La explicación del comportamiento social más tuercas y tornillos para las ciencias sociales - Elster, Jon.jpg",https://elibro.puce.elogim.com/es/lc/puce/titulos/61137,,,
Ciencias Sociales,La sociología como vocación,"Alberdi Alonso, Inés","Ciencias Sociales/originales/La sociología como vocación - Alberdi Alonso, Inés.jpg",https://elibro.puce.elogim.com/es/lc/puce/titulos/170159,,,
Ciencias Sociales,Las ciencias sociales en discusión,"Bunge, Mario","Ciencias Sociales/originales/Las ciencias sociales en discusión - Bunge, Mario.jpg",https://elibro.puce.elogim.com/es/lc/puce/titulos/35499,,,
Ciencias Sociales,Metodología de las ciencias sociales,"Kaufmann, Felix","Ciencias Sociales/originales/Metodología de las ciencias sociales - Kaufmann, Felix.jpg",https://elibro.puce.elogim.com/es/lc/puce/titulos/249407,,,
Ciencias Sociales,Proyectos de investigación en ciencias sociales,"Marisa D’Aquino; Rodríguez, Ethel","Ciencias Sociales/originales/Proyectos de investigación en ciencias sociales - Marisa D’Aquino; Rodríguez, Ethel.jpg",https://elibro.puce.elogim.com/es/lc/puce/titulos/79012,,,
Ciencias Sociales,Sociología de la religión,"Weber, Max","Ciencias Sociales/originales/Sociología de la religión - Weber, Max.jpg",https://elibro.puce.elogim.com/es/lc/puce/titulos/169287,,,
Ciencias Sociales,Sociología de las organizaciones complejas,"Ruiz Olabuénaga, José Ignacio","Ciencias Sociales/originales/Sociología de las organizaciones complejas - Ruiz Olabuénaga, José Ignacio.jpg",https://elibro.puce.elogim.com/es/lc/puce/titulos/34008,,,
Ciencias Sociales,Sociología de las tendencias,"Erner, Guillaume","Ciencias Sociales/originales/Sociología de las tendencias - Erner, Guillaume.jpg",https://elibro.puce.elogim.com/es/lc/puce/titulos/212049,,,
Ciencias Sociales,Sociología del mal,"Giner de San Julián, Salvador","Ciencias Sociales/originales/Sociología del mal - Giner de San Julián, Salvador.jpg",https://elibro.puce.elogim.com/es/lc/puce/titulos/235194,,,
Ciencias Sociales,Sociología del riesgo,"Le Breton, David","Ciencias Sociales/originales/Sociología del riesgo - Le Breton, David.jpg",https://elibro.puce.elogim.com/es/lc/puce/titulos/191437,,,
Ciencias Sociales,Sociología del saber,Max Scheler,Ciencias Sociales/originales/Sociología del saber - Max Scheler.jpg,https://elibro.puce.elogim.com/es/lc/puce/titulos/36197,,,
Ciencias Sociales,Sociología jurídica,"Hernández, Pedro Pablo","Ciencias Sociales/originales/Sociología jurídica - Hernández, Pedro Pablo.jpg",https://elibro.puce.elogim.com/es/lc/puce/titulos/175607,,,
Ciencias Sociales,Sociologías de la moda,"Mansilla Viedma, Pedro","Ciencias Sociales/originales/Sociologías de la moda - Mansilla Viedma, Pedro.jpg",https://elibro.puce.elogim.com/es/lc/puce/titulos/283021,,,
Ciencias Sociales,Tragedia y sociología,"Ramos Torre, Ramón","Ciencias Sociales/originales/Tragedia y sociología - Ramos Torre, Ramón.jpg",https://elibro.puce.elogim.com/es/lc/puce/titulos/52118,,,
Ciencias,Biología cuántica,"Miret Artés, Salvador","Ciencias/originales/Biología cuántica - Miret Artés, Salvador.jpg",https://elibro.puce.elogim.com/es/lc/puce/titulos/233731,,,
Ciencias,Biología de hongos,"Cepero, María Caridad","Ciencias/originales/Biología de hongos - Cepero, María Caridad.jpg",https://elibro.puce.elogim.com/es/lc/puce/titulos/69414,,,
Ciencias,Biología marina,"Penchaszadeh, Pablo","Ciencias/originales/Biología marina - Penchaszadeh, Pablo.jpg",https://elibro.puce.elogim.com/es/lc/puce/titulos/101406,,,
Ciencias,Biología para ciencias ambientales,"Pallotti Sagripanti, C. G.; Sanchis Duato, E.","Ciencias/originales/Biología para ciencias ambientales - Pallotti Sagripanti, C. G.; Sanchis Duato, E..jpg",https://elibro.puce.elogim.com/es/lc/puce/titulos/153581,,,
Ciencias,Ecología química,"Anaya Lang, Ana Luisa","Ciencias/originales/Ecología química - Anaya Lang, Ana Luisa.jpg",https://elibro.puce.elogim.com/es/lc/puce/titulos/75520,,,
Ciencias,Física de campos,"Giraldo Tobón, Eugenio","Ciencias/originales/Física de campos - Giraldo Tobón, Eugenio.jpg",https://elibro.puce.elogim.com/es/lc/puce/titulos/295196,,,
Ciencias,Física de la música,"Félix, Julián","Ciencias/originales/Física de la música - Félix, Julián.jpg",https://elibro.puce.elogim.com/es/lc/puce/titulos/35789,"[3.3333333333333335,0,216.66666666666666,320]","El título, la fotografía rectangular, la ilustración de pentagrama/instrumento y el nombre del autor están todos insetados. En ambos bordes solo hay textura azul continua sin motivo identificable; quitar 3,3333 px de ese fondo por lado conserva íntegros foto, dibujo y textos.",cc6549ae424dc1c519bdc09e07683c3cc30364060faa9cdc7d4d1f01520feef1
Ciencias,Física del estado sólido,"Meléndez Martínez, Juan J.","Ciencias/originales/Física del estado sólido - Meléndez Martínez, Juan J..jpg",https://elibro.puce.elogim.com/es/lc/puce/titulos/289288,,,
Ciencias,Física experimental,"Ardila, Ángel Miguel","Ciencias/originales/Física experimental - Ardila, Ángel Miguel.jpg",https://elibro.puce.elogim.com/es/lc/puce/titulos/128446,,,
Ciencias,Física fundamental,"Gómez Espíndola, José del Carmen; González Pineda, Campo Elías; Mayoral Ramírez, César Alberto","Ciencias/originales/Física fundamental - Gómez Espíndola, José del Carmen; González Pineda, Campo Elías; Mayoral Ramírez, César Alberto.jpg",https://elibro.puce.elogim.com/es/lc/puce/titulos/131876,,,
Ciencias,Física I,"Rivera Procuna, Marco Antonio","Ciencias/originales/Física I - Rivera Procuna, Marco Antonio.jpg",https://elibro.puce.elogim.com/es/lc/puce/titulos/173461,,,
Ciencias,Física Mecánica,"Agudelo R., Jefersson A.; Castro L., William A; Castro L., Humberto G.","Ciencias/originales/Física Mecánica - Agudelo R., Jefersson A.; Castro L., William A; Castro L., Humberto G..jpg",https://elibro.puce.elogim.com/es/lc/puce/titulos/197046,,,
Ciencias,Física y programación,"Merino Arranz, David; Rossinyol Casals, Emma; Perez-Navarro, Antoni","Ciencias/originales/Física y programación - Merino Arranz, David; Rossinyol Casals, Emma; Perez-Navarro, Antoni.jpg",https://elibro.puce.elogim.com/es/lc/puce/titulos/188309,,,
Ciencias,Introducción a la física,"Lara Barragán Gómez, Antonio; Núñez Trejo, Héctor","Ciencias/originales/Introducción a la física - Lara Barragán Gómez, Antonio; Núñez Trejo, Héctor.jpg",https://elibro.puce.elogim.com/es/lc/puce/titulos/39447,,,
Ciencias,La otra física,"Martínez Aguirre, Guillermo","Ciencias/originales/La otra física - Martínez Aguirre, Guillermo.jpg",https://elibro.puce.elogim.com/es/lc/puce/titulos/304146,,,
Ciencias,Manual de prácticas de biología,"Mesa Valle, Concepción María; Garrido Cárdenas, José Antonio","Ciencias/originales/Manual de prácticas de biología - Mesa Valle, Concepción María; Garrido Cárdenas, José Antonio.jpg",https://elibro.puce.elogim.com/es/lc/puce/titulos/282334,,,
Ciencias,Mecánica física,"Moreno Pérez, Enrique Manuel","Ciencias/originales/Mecánica física - Moreno Pérez, Enrique Manuel.jpg",https://elibro.puce.elogim.com/es/lc/puce/titulos/301963,,,
Ciencias,Nomenclatura química,Hugo Solís Correa,Ciencias/originales/Nomenclatura química - Hugo Solís Correa.jpg,https://elibro.puce.elogim.com/es/lc/puce/titulos/39457,,,
Ciencias,Problemas de Física (27a. ed.),"Burbano García, Enrique; Gracia Muñoz, Carlos","Ciencias/originales/Problemas de Física (27a. ed.) - Burbano García, Enrique; Gracia Muñoz, Carlos.jpg",https://elibro.puce.elogim.com/es/lc/puce/titulos/270906,,,
Ciencias,Química Ambiental,"Pasquali, Ricardo Conrado","Ciencias/originales/Química Ambiental - Pasquali, Ricardo Conrado.jpg",https://elibro.puce.elogim.com/es/lc/puce/titulos/174540,,,
Ciencias,Química experimental (2a. ed.),"Pacheco Espejel, Martha Patricia; Alvarado Arellano, Martha; Sánchez Aguilar, Josefina","Ciencias/originales/Química experimental (2a. ed.) - Pacheco Espejel, Martha Patricia; Alvarado Arellano, Martha; Sánchez Aguilar, Josefina.jpg",https://elibro.puce.elogim.com/es/lc/puce/titulos/40187,,,
Ciencias,Química forense,"Esteban Santos, Soledad; Cornago Ramírez, María del Pilar","Ciencias/originales/Química forense - Esteban Santos, Soledad; Cornago Ramírez, María del Pilar.jpg",https://elibro.puce.elogim.com/es/lc/puce/titulos/48853,,,
Ciencias,Química orgánica,"Cabildo Miranda, María del Pilar","Ciencias/originales/Química orgánica - Cabildo Miranda, María del Pilar.jpg",https://elibro.puce.elogim.com/es/lc/puce/titulos/48371,,,
Ciencias,Química terrestre,"Chamizo, Antonio","Ciencias/originales/Química terrestre - Chamizo, Antonio.jpg",https://elibro.puce.elogim.com/es/lc/puce/titulos/71936,,,
Ciencias,Termodinámica química,"Criado-Sancho, Manuel; Casas-Vázquez, José; Jou, David","Ciencias/originales/Termodinámica química - Criado-Sancho, Manuel; Casas-Vázquez, José; Jou, David.jpg",https://elibro.puce.elogim.com/es/lc/puce/titulos/175801,,,
Tecnología e Informática,Administración de proyectos de informática,"Toro López, Francisco J.","Tecnología e Informática/originales/Administración de proyectos de informática - Toro López, Francisco J..jpg",https://elibro.puce.elogim.com/es/lc/puce/titulos/131877,,,
Tecnología e Informática,Auditoría de seguridad informática,"Gómez Vieites, Álvaro","Tecnología e Informática/originales/Auditoría de seguridad informática - Gómez Vieites, Álvaro.jpg",https://elibro.puce.elogim.com/es/lc/puce/titulos/62464,,,
Tecnología e Informática,Automatización de procesos industriales: robótica y automática,"García Moreno, Emilio","Tecnología e Informática/originales/Automatización de procesos industriales robótica y automática - García Moreno, Emilio.jpg",https://elibro.puce.elogim.com/es/lc/puce/titulos/129686,,,
Tecnología e Informática,Ciencia de datos con Python,"Contreras Bravo, Leonardo Emiro; Padilla Beltrán, José Eduardo","Tecnología e Informática/originales/Ciencia de datos con Python - Contreras Bravo, Leonardo Emiro; Padilla Beltrán, José Eduardo.jpg",https://elibro.puce.elogim.com/es/lc/puce/titulos/294846,,,
Tecnología e Informática,Conceptos de informática,"Prieto Espinosa, Alberto","Tecnología e Informática/originales/Conceptos de informática - Prieto Espinosa, Alberto.jpg",https://elibro.puce.elogim.com/es/lc/puce/titulos/50305,,,
Tecnología e Informática,Criptografía sin secretos con Python,"Arboledas Brihuega, David","Tecnología e Informática/originales/Criptografía sin secretos con Python - Arboledas Brihuega, David.jpg",https://elibro.puce.elogim.com/es/lc/puce/titulos/106497,,,
Tecnología e Informática,Cómo y cuándo aplicar un robot industrial,Daniel Audí Piera,Tecnología e Informática/originales/Cómo y cuándo aplicar un robot industrial - Daniel Audí Piera.jpg,https://elibro.puce.elogim.com/es/lc/puce/titulos/45841,,,
Tecnología e Informática,Desarrollo de microservicios con Python,"Ortega Candel, José Manuel","Tecnología e Informática/originales/Desarrollo de microservicios con Python - Ortega Candel, José Manuel.jpg",https://elibro.puce.elogim.com/es/lc/puce/titulos/281693,,,
Tecnología e Informática,Enciclopedia de la seguridad informática (2a. ed.),"Gómez Vieites, Álvaro","Tecnología e Informática/originales/Enciclopedia de la seguridad informática (2a. ed.) - Gómez Vieites, Álvaro.jpg",https://elibro.puce.elogim.com/es/lc/puce/titulos/106416,,,
Tecnología e Informática,Fundamentos de informática,"Weber, Juan","Tecnología e Informática/originales/Fundamentos de informática - Weber, Juan.jpg",https://elibro.puce.elogim.com/es/lc/puce/titulos/175150,,,
Tecnología e Informática,Fundamentos de robótica (2a. ed.),Antonio Barrientos,Tecnología e Informática/originales/Fundamentos de robótica (2a. ed.) - Antonio Barrientos.jpg,https://elibro.puce.elogim.com/es/lc/puce/titulos/50193,,,
Tecnología e Informática,Fundamentos de robótica y mecatrónica con Matlab© y Simulink©.,"Pérez Cisneros, Marco Antonio; Cuevas Jiménez, Erik Valdemar; Zaldívar Navarro, Daniel","Tecnología e Informática/originales/Fundamentos de robótica y mecatrónica con Matlab© y Simulink©. - Pérez Cisneros, Marco Antonio; Cuevas Jiménez, Erik Valdemar; Zaldívar Navarro, Daniel.jpg",https://elibro.puce.elogim.com/es/lc/puce/titulos/106568,,,
Tecnología e Informática,Informática básica,"Requena Peláez, José Miguel","Tecnología e Informática/originales/Informática básica - Requena Peláez, José Miguel.jpg",https://elibro.puce.elogim.com/es/lc/puce/titulos/117747,,,
Tecnología e Informática,Informática forense,"Ortiz, Luis","Tecnología e Informática/originales/Informática forense - Ortiz, Luis.jpg",https://elibro.puce.elogim.com/es/lc/puce/titulos/286803,,,
Tecnología e Informática,Informática industrial,"Espinosa Malea, José Manuel","Tecnología e Informática/originales/Informática industrial - Espinosa Malea, José Manuel.jpg",https://elibro.puce.elogim.com/es/lc/puce/titulos/280290,,,
Tecnología e Informática,Introducción a la robótica,"Torres Vargas, Libia Zoraida","Tecnología e Informática/originales/Introducción a la robótica - Torres Vargas, Libia Zoraida.jpg",https://elibro.puce.elogim.com/es/lc/puce/titulos/128561,,,
Tecnología e Informática,Mantenimiento de equipos informáticos,"Morán Flores, Claudio","Tecnología e Informática/originales/Mantenimiento de equipos informáticos - Morán Flores, Claudio.jpg",https://elibro.puce.elogim.com/es/lc/puce/titulos/127225,,,
Tecnología e Informática,Python a fondo,"Ramírez Jiménez, Óscar","Tecnología e Informática/originales/Python a fondo - Ramírez Jiménez, Óscar.jpg",https://elibro.puce.elogim.com/es/lc/puce/titulos/280038,,,
Tecnología e Informática,Python paso a paso,"Hinojosa Gutiérrez, Ángel","Tecnología e Informática/originales/Python paso a paso - Hinojosa Gutiérrez, Ángel.jpg",https://elibro.puce.elogim.com/es/lc/puce/titulos/107213,,,
Tecnología e Informática,Robótica y domótica básica con Arduino,"Porcuna López, Pedro","Tecnología e Informática/originales/Robótica y domótica básica con Arduino - Porcuna López, Pedro.jpg",https://elibro.puce.elogim.com/es/lc/puce/titulos/107212,,,
Tecnología e Informática,Seguridad informática,Gema Escrivá Gascó,Tecnología e Informática/originales/Seguridad informática - Gema Escrivá Gascó.jpg,https://elibro.puce.elogim.com/es/lc/puce/titulos/43260,,,
Tecnología e Informática,Tkinter. Desarrollo de interfaces gráficas con Python (2a. ed.),"Domínguez Mínguez, Tomás","Tecnología e Informática/originales/Tkinter. Desarrollo de interfaces gráficas con Python (2a. ed.) - Domínguez Mínguez, Tomás.jpg",https://elibro.puce.elogim.com/es/lc/puce/titulos/286814,,,
Tecnología e Informática,Técnicas de la auditoría informática,"Derrien, Yann","Tecnología e Informática/originales/Técnicas de la auditoría informática - Derrien, Yann.jpg",https://elibro.puce.elogim.com/es/lc/puce/titulos/45891,,,
Tecnología e Informática,Una historia de la informática,"Barceló García, Miquel","Tecnología e Informática/originales/Una historia de la informática - Barceló García, Miquel.jpg",https://elibro.puce.elogim.com/es/lc/puce/titulos/56584,,,
Tecnología e Informática,Visión artificial: aplicaciones prácticas con OpenCV - Python,"Domínguez Mínguez, Tomás","Tecnología e Informática/originales/Visión artificial aplicaciones prácticas con OpenCV - Python - Domínguez Mínguez, Tomás.jpg",https://elibro.puce.elogim.com/es/lc/puce/titulos/281479,,,
Matemáticas,Análisis matemático,"Roca Martínez, Alicia; Jornet, David; Montesinos Santalucia, Vicente","Matemáticas/originales/Análisis matemático - Roca Martínez, Alicia; Jornet, David; Montesinos Santalucia, Vicente.jpg",https://elibro.puce.elogim.com/es/lc/puce/titulos/60568,,,
Matemáticas,Análisis matemático,"Takeuchi, Yu","Matemáticas/originales/Análisis matemático - Takeuchi, Yu.jpg",https://elibro.puce.elogim.com/es/lc/puce/titulos/127753,,,
Matemáticas,El cerebro de los matemáticos,"Ruelle, David","Matemáticas/originales/El cerebro de los matemáticos - Ruelle, David.jpg",https://elibro.puce.elogim.com/es/lc/puce/titulos/60072,,,
Matemáticas,Estadística matemática,"Cepeda Cuervo, Edilberto","Matemáticas/originales/Estadística matemática - Cepeda Cuervo, Edilberto.jpg",https://elibro.puce.elogim.com/es/lc/puce/titulos/129009,,,
Matemáticas,Fundamentos de matemáticas,"Zalamea Traba, Fernando","Matemáticas/originales/Fundamentos de matemáticas - Zalamea Traba, Fernando.jpg",https://elibro.puce.elogim.com/es/lc/puce/titulos/128447,"[1.0,0.0,214.33333333333334,320.0]","Se retira 1 px del fondo azul del borde izquierdo y 5,6667 px del fondo verde derecho. La inspección ampliada por columnas conserva las letras verticales de Colección, los extremos del título, el bloque azul, la estampilla y ambos logotipos; las franjas retiradas no contienen trazos identificables.",aba68f23f78b91e3c6c5be85bfb7da2e7e9c20ea68652184db02d16d85aecec4
Matemáticas,Iniciación a las matemáticas,Juan Manuel García Dozagarat; Fernando Alonso Molina,Matemáticas/originales/Iniciación a las matemáticas - Juan Manuel García Dozagarat; Fernando Alonso Molina.jpg,https://elibro.puce.elogim.com/es/lc/puce/titulos/49195,"[0.0,0.0,213.33333333333334,320.0]","Se retiran exclusivamente los 6,6667 px derechos de margen blanco. La banda azul redondeada, su regla roja, el texto educación.es y los demás elementos terminan antes de x=213,3333; se conserva intacto el lateral izquierdo con emblemas a sangre.",72415bf7e56ac081194fc23727d1a0ec54b8f50f51d6826e014f7d3e033570b6
Matemáticas,Introducción a las matemáticas,"Arévalo Ovalle, Diego; Zambrano Valentín, Martha Helena; Chappe Chappe, Angélica","Matemáticas/originales/Introducción a las matemáticas - Arévalo Ovalle, Diego; Zambrano Valentín, Martha Helena; Chappe Chappe, Angélica.jpg",https://elibro.puce.elogim.com/es/lc/puce/titulos/70987,,,
Matemáticas,Las matemáticas de la luz,"Timón, Ágata; León, Manuel de","Matemáticas/originales/Las matemáticas de la luz - Timón, Ágata; León, Manuel de.jpg",https://elibro.puce.elogim.com/es/lc/puce/titulos/100206,,,
Matemáticas,Las matemáticas de los cristales,"León, Manuel de; Timón, Ágata","Matemáticas/originales/Las matemáticas de los cristales - León, Manuel de; Timón, Ágata.jpg",https://elibro.puce.elogim.com/es/lc/puce/titulos/41821,"[3.3333333333333286,0.0,216.66666666666669,320.0]","El recorte centrado quita únicamente 3,3333 px blancos por lado. Se comprobaron ampliados los dos extremos horizontales del cristal, que quedan dentro del encuadre; título, autores y los dos logotipos inferiores permanecen completos.",adbeb04602c54f8fa9924b542b888454ca3f1bb8cf234034097b356c50da2cbf
Matemáticas,Las matemáticas de nuestra vida,"Sepulcre Martínez, Juan Matías; Segura Abad, Lorena; Mulero González, Julio","Matemáticas/originales/Las matemáticas de nuestra vida - Sepulcre Martínez, Juan Matías; Segura Abad, Lorena; Mulero González, Julio.jpg",https://elibro.puce.elogim.com/es/lc/puce/titulos/117208,,,
Matemáticas,Las matemáticas ocultas,"Jamet, Robin","Matemáticas/originales/Las matemáticas ocultas - Jamet, Robin.jpg",https://elibro.puce.elogim.com/es/lc/puce/titulos/122863,,,
Matemáticas,Lo imposible en matemáticas,"Prieto de Castro, Carlos","Matemáticas/originales/Lo imposible en matemáticas - Prieto de Castro, Carlos.jpg",https://elibro.puce.elogim.com/es/lc/puce/titulos/37796,,,
Matemáticas,Matemática 1,"Ayarza, Mercedes; Reyna, Juliana; Tuffilaro, Darío","Matemáticas/originales/Matemática 1 - Ayarza, Mercedes; Reyna, Juliana; Tuffilaro, Darío.jpg",https://elibro.puce.elogim.com/es/lc/puce/titulos/113108,,,
Matemáticas,Matemática en espiral,"Falconí Asanza, Aldo; Hernández Crespo, Franco Manuel","Matemáticas/originales/Matemática en espiral - Falconí Asanza, Aldo; Hernández Crespo, Franco Manuel.jpg",https://elibro.puce.elogim.com/es/lc/puce/titulos/131900,,,
Matemáticas,Matemática estructural,"Forero Cuervo, Andrés","Matemáticas/originales/Matemática estructural - Forero Cuervo, Andrés.jpg",https://elibro.puce.elogim.com/es/lc/puce/titulos/69334,,,
Matemáticas,Matemática para Iñaki,"Zalduendo, Ignacio","Matemáticas/originales/Matemática para Iñaki - Zalduendo, Ignacio.jpg",https://elibro.puce.elogim.com/es/lc/puce/titulos/37790,,,
Matemáticas,Matemáticas 3 (2a. ed.),"Ortiz Campos, Francisco José","Matemáticas/originales/Matemáticas 3 (2a. ed.) - Ortiz Campos, Francisco José.jpg",https://elibro.puce.elogim.com/es/lc/puce/titulos/39472,,,
Matemáticas,Matemáticas 4 (2a. ed.),"Ortiz Campos, Francisco José; Ortiz Cerecedo, Fernando José","Matemáticas/originales/Matemáticas 4 (2a. ed.) - Ortiz Campos, Francisco José; Ortiz Cerecedo, Fernando José.jpg",https://elibro.puce.elogim.com/es/lc/puce/titulos/40361,,,
Matemáticas,Matemáticas aplicadas. Ámbito de ciencias aplicadas,"Docampo Naray, María Isabel; Fraga Paz, Rebeca","Matemáticas/originales/Matemáticas aplicadas. Ámbito de ciencias aplicadas - Docampo Naray, María Isabel; Fraga Paz, Rebeca.jpg",https://elibro.puce.elogim.com/es/lc/puce/titulos/305407,,,
Matemáticas,Matemáticas básicas,Falcón Santana Sergio,Matemáticas/originales/Matemáticas básicas - Falcón Santana Sergio.jpg,https://elibro.puce.elogim.com/es/lc/puce/titulos/57193,,,
Matemáticas,Matemáticas básicas (4a. ed.),"Escudero Trujillo, Rafael","Matemáticas/originales/Matemáticas básicas (4a. ed.) - Escudero Trujillo, Rafael.jpg",https://elibro.puce.elogim.com/es/lc/puce/titulos/69967,,,
Matemáticas,Matemáticas para informática,"Gutiérrez García, Ismael","Matemáticas/originales/Matemáticas para informática - Gutiérrez García, Ismael.jpg",https://elibro.puce.elogim.com/es/lc/puce/titulos/70065,,,
Matemáticas,Matemáticas y ajedrez,"Iagar, Razvan Gabriel","Matemáticas/originales/Matemáticas y ajedrez - Iagar, Razvan Gabriel.jpg",https://elibro.puce.elogim.com/es/lc/puce/titulos/41882,,,
Matemáticas,Pensar en la matemática,"Lorenzo Martínez, Javier de","Matemáticas/originales/Pensar en la matemática - Lorenzo Martínez, Javier de.jpg",https://elibro.puce.elogim.com/es/lc/puce/titulos/162803,,,
Matemáticas,Vivir las matemáticas (4a. ed.),"Canals Tolosa, Maria Antònia","Matemáticas/originales/Vivir las matemáticas (4a. ed.) - Canals Tolosa, Maria Antònia.jpg",https://elibro.puce.elogim.com/es/lc/puce/titulos/61949,,,
Medicina,Anatomía general,"Gutiérrez, Francisco","Medicina/originales/Anatomía general - Gutiérrez, Francisco.jpg",https://elibro.puce.elogim.com/es/lc/puce/titulos/36379,,,
Medicina,Anatomía y fisiología humana (2a. ed.),"Le Vay, David","Medicina/originales/Anatomía y fisiología humana (2a. ed.) - Le Vay, David.jpg",https://elibro.puce.elogim.com/es/lc/puce/titulos/119186,,,
Medicina,Aprenda medicina sonriendo... (2a. ed.),"Ruiz Speare, José Octavio; Alberto Barrón Vargas","Medicina/originales/Aprenda medicina sonriendo... (2a. ed.) - Ruiz Speare, José Octavio; Alberto Barrón Vargas.jpg",https://elibro.puce.elogim.com/es/lc/puce/titulos/40320,,,
Medicina,Bioquímica para Medicina,"Araque Marín, Pedronel","Medicina/originales/Bioquímica para Medicina - Araque Marín, Pedronel.jpg",https://elibro.puce.elogim.com/es/lc/puce/titulos/223081,,,
Medicina,Biotecnología aplicada a la medicina,"Tresguerres, Jesús Ángel; Martínez Fernández, Vicente; Navas Serrano, Víctor","Medicina/originales/Biotecnología aplicada a la medicina - Tresguerres, Jesús Ángel; Martínez Fernández, Vicente; Navas Serrano, Víctor.jpg",https://elibro.puce.elogim.com/es/lc/puce/titulos/53028,"[3.3333333333333286,0.0,216.66666666666669,320.0]","El recorte centrado retira 3,3333 px por lado de textura continua de fondo beige, sin sujeto, objeto, trazo ornamental ni marco identificable en esas franjas. La ampliación confirma que el título, autores y logotipo quedan íntegros y separados del límite; solo cambia una porción diminuta del fondo repetitivo.",fb3c7622ffc74a1a77e2ef81114493a1bdf6425cbde88537b387120453d14ccd
Medicina,Cómo estudiar anatomía,Emilio Martínez Marrero,Medicina/originales/Cómo estudiar anatomía - Emilio Martínez Marrero.jpg,https://elibro.puce.elogim.com/es/lc/puce/titulos/69845,,,
Medicina,Diccionario etimológico de medicina,"Segura Munguía, Santiago","Medicina/originales/Diccionario etimológico de medicina - Segura Munguía, Santiago.jpg",https://elibro.puce.elogim.com/es/lc/puce/titulos/42785,,,
Medicina,El ABC de la medicina interna,"Moreno Sánchez, Francisco; Jáuregui Camargo, Laura; Halabe Cherem, José","Medicina/originales/El ABC de la medicina interna - Moreno Sánchez, Francisco; Jáuregui Camargo, Laura; Halabe Cherem, José.jpg",https://elibro.puce.elogim.com/es/lc/puce/titulos/72757,,,
Medicina,El lenguaje de la medicina,"Sarmiento González, Ramón; Vilches Vivancos, Fernando","Medicina/originales/El lenguaje de la medicina - Sarmiento González, Ramón; Vilches Vivancos, Fernando.jpg",https://elibro.puce.elogim.com/es/lc/puce/titulos/58272,,,
Medicina,Electrocardiografía en medicina prehospitalaria,"Illescas Fernández, Gerardo José","Medicina/originales/Electrocardiografía en medicina prehospitalaria - Illescas Fernández, Gerardo José.jpg",https://elibro.puce.elogim.com/es/lc/puce/titulos/73456,,,
Medicina,Fundamentos de la medicina forense,"Pérez Pérez, Rosa M.","Medicina/originales/Fundamentos de la medicina forense - Pérez Pérez, Rosa M..jpg",https://elibro.puce.elogim.com/es/lc/puce/titulos/58579,,,
Medicina,Hacia la medicina del futuro,"Alcazar Montenegro, Heberto","Medicina/originales/Hacia la medicina del futuro - Alcazar Montenegro, Heberto.jpg",https://elibro.puce.elogim.com/es/lc/puce/titulos/72621,,,
Medicina,Historia y filosofía de la medicina,"León Hernández, Saúl; Lara Padilla, Eleazar; Camarena Olmedo, Javier","Medicina/originales/Historia y filosofía de la medicina - León Hernández, Saúl; Lara Padilla, Eleazar; Camarena Olmedo, Javier.jpg",https://elibro.puce.elogim.com/es/lc/puce/titulos/73999,,,
Medicina,Introducción a la Medicina,"Barona, Josep Lluís","Medicina/originales/Introducción a la Medicina - Barona, Josep Lluís.jpg",https://elibro.puce.elogim.com/es/lc/puce/titulos/293446,,,
Medicina,La física en la medicina (3a. ed.),"Piña Barba, María Cristina","Medicina/originales/La física en la medicina (3a. ed.) - Piña Barba, María Cristina.jpg",https://elibro.puce.elogim.com/es/lc/puce/titulos/71950,,,
Medicina,La mujer en el ejercicio de la medicina,"Carrillo Esper, Raúl; Dubón Peniche, María del Carmen; Elizondo Argueta, Sandra; Carrillo Córdova, Dulce María","Medicina/originales/La mujer en el ejercicio de la medicina - Carrillo Esper, Raúl; Dubón Peniche, María del Carmen; Elizondo Argueta, Sandra; Carrillo Córdova, Dulce María.jpg",https://elibro.puce.elogim.com/es/lc/puce/titulos/40870,,,
Medicina,Láser en medicina,"Martí López, Luis; Altamirano Aguilar, Jorge H.","Medicina/originales/Láser en medicina - Martí López, Luis; Altamirano Aguilar, Jorge H..jpg",https://elibro.puce.elogim.com/es/lc/puce/titulos/72229,,,
Medicina,Manual de medicina paliativa,"Centeno Cortés, Carlos; Gómez Sancho, Marcos; Nabal Vicuña, María; Pascual López, Antonio","Medicina/originales/Manual de medicina paliativa - Centeno Cortés, Carlos; Gómez Sancho, Marcos; Nabal Vicuña, María; Pascual López, Antonio.jpg",https://elibro.puce.elogim.com/es/lc/puce/titulos/47085,,,
Medicina,Medicina de bolsillo (5a. ed.),"Sabatine, Marc S.","Medicina/originales/Medicina de bolsillo (5a. ed.) - Sabatine, Marc S..jpg",https://elibro.puce.elogim.com/es/lc/puce/titulos/125329,,,
Medicina,Medicina familiar,"Dávila Torres, Javier; Garza Sagástegui, María Gabriela","Medicina/originales/Medicina familiar - Dávila Torres, Javier; Garza Sagástegui, María Gabriela.jpg",https://elibro.puce.elogim.com/es/lc/puce/titulos/40852,,,
Medicina,Medicina humanitaria,"Estébanez Estébanez, Pilar","Medicina/originales/Medicina humanitaria - Estébanez Estébanez, Pilar.jpg",https://elibro.puce.elogim.com/es/lc/puce/titulos/53098,,,
Medicina,Medicina intensiva,"Lovesio, Carlos","Medicina/originales/Medicina intensiva - Lovesio, Carlos.jpg",https://elibro.puce.elogim.com/es/lc/puce/titulos/67148,,,
Medicina,Medicina Legal (2a. ed.),"Carrillo Olmedo, Pedro Manuel","Medicina/originales/Medicina Legal (2a. ed.) - Carrillo Olmedo, Pedro Manuel.jpg",https://elibro.puce.elogim.com/es/lc/puce/titulos/118658,,,
Medicina,Medicina oral,"Ghom, Anil","Medicina/originales/Medicina oral - Ghom, Anil.jpg",https://elibro.puce.elogim.com/es/lc/puce/titulos/166522,,,
Medicina,Síndromes en medicina interna,"Sanguinetti, Carlos A.","Medicina/originales/Síndromes en medicina interna - Sanguinetti, Carlos A..jpg",https://elibro.puce.elogim.com/es/lc/puce/titulos/67143,,,
